distinct_id,signup_time,acquisition_channel,platform,plan_type
u_00000,2026-07-09T18:34:29Z,paid_social,iOS,free
u_00001,2026-08-09T02:03:45Z,partner_program,iOS,free
u_00002,2026-07-12T20:09:14Z,paid_social,iOS,premium
u_00003,2026-09-09T15:27:09Z,paid_social,Web,standard
u_00004,2026-09-13T13:05:25Z,paid_social,Android,standard
u_00005,2026-08-10T05:27:13Z,paid_social,Android,free
u_00006,2026-07-15T18:11:38Z,paid_social,iOS,standard
u_00007,2026-08-01T10:41:47Z,paid_social,Android,standard
u_00008,2026-09-19T16:16:12Z,referral,iOS,free
u_00009,2026-08-14T01:03:04Z,partner_program,iOS,standard
u_00010,2026-07-14T17:50:27Z,paid_social,iOS,free
u_00011,2026-08-06T07:49:11Z,paid_social,iOS,premium
u_00012,2026-07-30T05:26:44Z,organic_search,Android,standard
u_00013,2026-08-30T03:51:23Z,organic_search,Android,free
u_00014,2026-09-13T15:06:51Z,partner_program,iOS,free
u_00015,2026-07-09T07:29:48Z,partner_program,iOS,standard
u_00016,2026-09-13T20:12:02Z,paid_social,Web,free
u_00017,2026-08-27T03:21:14Z,partner_program,Web,free
u_00018,2026-07-18T19:19:03Z,partner_program,iOS,free
u_00019,2026-09-09T15:57:23Z,organic_search,Android,free
u_00020,2026-09-02T06:39:03Z,paid_social,iOS,free
u_00021,2026-07-04T03:21:18Z,paid_social,Android,free
u_00022,2026-07-11T20:31:18Z,organic_search,iOS,free
u_00023,2026-08-21T15:13:59Z,partner_program,iOS,free
u_00024,2026-08-19T14:28:05Z,paid_social,Android,standard
u_00025,2026-07-03T08:20:23Z,organic_search,iOS,free
u_00026,2026-07-25T09:48:16Z,referral,Web,free
u_00027,2026-09-15T19:43:12Z,organic_search,iOS,free
u_00028,2026-08-09T15:53:09Z,paid_social,Web,standard
u_00029,2026-08-20T12:07:13Z,referral,Web,premium
u_00030,2026-09-09T23:54:23Z,organic_search,Android,free
u_00031,2026-07-29T04:00:26Z,organic_search,Web,free
u_00032,2026-07-03T02:32:50Z,partner_program,Android,standard
u_00033,2026-09-01T11:05:06Z,paid_social,Android,standard
u_00034,2026-07-15T11:56:09Z,organic_search,Web,free
u_00035,2026-07-15T09:08:40Z,organic_search,iOS,standard
u_00036,2026-07-28T14:34:21Z,paid_social,Android,free
u_00037,2026-08-02T23:01:57Z,organic_search,Android,free
u_00038,2026-09-26T06:19:28Z,partner_program,Web,free
u_00039,2026-07-24T17:12:19Z,referral,Android,premium
u_00040,2026-08-10T01:54:07Z,organic_search,Android,premium
u_00041,2026-09-02T04:51:24Z,organic_search,Android,standard
u_00042,2026-07-02T18:12:16Z,referral,Android,free
u_00043,2026-09-03T07:24:28Z,partner_program,Android,standard
u_00044,2026-07-08T18:10:46Z,paid_social,Android,free
u_00045,2026-08-07T18:53:06Z,partner_program,Web,standard
u_00046,2026-07-04T04:18:25Z,organic_search,Android,free
u_00047,2026-08-14T04:31:02Z,referral,Web,standard
u_00048,2026-07-16T14:06:12Z,partner_program,iOS,standard
u_00049,2026-07-16T23:45:08Z,organic_search,iOS,free
u_00050,2026-08-10T08:19:29Z,partner_program,iOS,standard
u_00051,2026-08-23T07:04:26Z,paid_social,Web,free
u_00052,2026-07-03T03:38:09Z,organic_search,Web,free
u_00053,2026-08-12T18:47:08Z,paid_social,Android,free
u_00054,2026-07-08T10:35:16Z,organic_search,Web,free
u_00055,2026-08-18T11:21:49Z,paid_social,iOS,standard
u_00056,2026-07-25T13:04:48Z,referral,iOS,free
u_00057,2026-08-18T03:21:57Z,paid_social,Android,standard
u_00058,2026-08-19T02:51:10Z,partner_program,Web,free
u_00059,2026-09-04T17:26:52Z,paid_social,Web,standard
u_00060,2026-08-19T13:07:23Z,organic_search,Android,free
u_00061,2026-08-03T07:26:20Z,referral,iOS,free
u_00062,2026-08-11T19:23:52Z,paid_social,iOS,free
u_00063,2026-09-25T07:36:40Z,paid_social,Web,standard
u_00064,2026-07-19T22:52:10Z,paid_social,Web,standard
u_00065,2026-07-27T23:47:35Z,paid_social,Web,standard
u_00066,2026-07-27T10:26:32Z,referral,Android,standard
u_00067,2026-08-12T07:34:56Z,paid_social,iOS,free
u_00068,2026-07-02T18:31:41Z,paid_social,Android,standard
u_00069,2026-07-31T15:52:47Z,paid_social,iOS,free
u_00070,2026-08-06T08:58:04Z,partner_program,Web,free
u_00071,2026-07-09T09:07:11Z,organic_search,iOS,free
u_00072,2026-09-24T05:46:59Z,paid_social,iOS,free
u_00073,2026-09-17T01:04:29Z,referral,iOS,standard
u_00074,2026-07-18T06:43:55Z,organic_search,iOS,free
u_00075,2026-09-28T18:39:27Z,paid_social,Android,standard
u_00076,2026-09-26T10:24:31Z,organic_search,iOS,free
u_00077,2026-07-27T12:09:06Z,organic_search,iOS,standard
u_00078,2026-09-22T16:39:44Z,paid_social,Android,free
u_00079,2026-08-22T00:36:08Z,partner_program,Android,free
u_00080,2026-09-03T02:01:31Z,referral,iOS,free
u_00081,2026-08-21T22:15:41Z,referral,iOS,premium
u_00082,2026-08-05T23:21:17Z,referral,Android,standard
u_00083,2026-07-28T03:10:23Z,organic_search,Web,free
u_00084,2026-07-29T22:56:05Z,organic_search,Web,standard
u_00085,2026-07-26T23:02:48Z,organic_search,Android,standard
u_00086,2026-08-23T13:19:29Z,organic_search,iOS,standard
u_00087,2026-08-27T20:10:44Z,referral,iOS,free
u_00088,2026-07-10T17:21:35Z,organic_search,Android,free
u_00089,2026-07-13T17:58:18Z,referral,Android,free
u_00090,2026-08-07T00:09:22Z,organic_search,iOS,standard
u_00091,2026-08-29T02:37:10Z,paid_social,Web,free
u_00092,2026-09-13T11:06:43Z,partner_program,Android,free
u_00093,2026-07-11T08:58:49Z,partner_program,Android,free
u_00094,2026-08-08T06:34:40Z,paid_social,Web,free
u_00095,2026-07-10T21:09:33Z,paid_social,Android,standard
u_00096,2026-07-06T11:24:36Z,paid_social,Android,standard
u_00097,2026-08-02T03:30:29Z,organic_search,iOS,standard
u_00098,2026-07-26T13:51:28Z,referral,Android,standard
u_00099,2026-07-14T10:56:08Z,paid_social,Android,standard
u_00100,2026-07-11T12:58:00Z,referral,iOS,free
u_00101,2026-08-31T19:16:27Z,paid_social,iOS,free
u_00102,2026-08-05T19:52:38Z,referral,Android,premium
u_00103,2026-07-29T23:37:34Z,referral,iOS,free
u_00104,2026-08-15T17:39:51Z,paid_social,Android,premium
u_00105,2026-08-18T01:02:36Z,paid_social,iOS,free
u_00106,2026-07-17T05:28:25Z,paid_social,Android,free
u_00107,2026-07-23T15:25:17Z,referral,Android,free
u_00108,2026-07-26T01:10:55Z,paid_social,Android,premium
u_00109,2026-07-05T09:41:53Z,organic_search,Web,standard
u_00110,2026-07-29T19:14:55Z,organic_search,Web,premium
u_00111,2026-09-09T17:44:13Z,paid_social,Web,standard
u_00112,2026-09-26T20:34:54Z,paid_social,Web,free
u_00113,2026-08-11T16:28:04Z,paid_social,iOS,free
u_00114,2026-07-21T08:07:03Z,referral,iOS,standard
u_00115,2026-08-03T12:07:16Z,partner_program,Android,free
u_00116,2026-08-09T09:06:25Z,partner_program,Android,free
u_00117,2026-08-31T16:06:00Z,organic_search,Android,premium
u_00118,2026-09-08T07:52:50Z,partner_program,Web,standard
u_00119,2026-08-18T11:44:31Z,referral,Web,free
u_00120,2026-08-19T12:47:07Z,partner_program,Android,free
u_00121,2026-08-26T04:14:28Z,paid_social,Android,premium
u_00122,2026-08-15T20:39:26Z,organic_search,Android,standard
u_00123,2026-09-21T03:10:13Z,organic_search,iOS,standard
u_00124,2026-08-25T14:55:29Z,organic_search,Android,free
u_00125,2026-08-17T22:27:45Z,partner_program,Android,free
u_00126,2026-07-13T09:45:40Z,paid_social,iOS,standard
u_00127,2026-08-23T01:12:12Z,referral,iOS,standard
u_00128,2026-08-16T14:47:16Z,organic_search,Web,standard
u_00129,2026-07-16T00:11:18Z,referral,Android,standard
u_00130,2026-08-21T11:25:20Z,paid_social,Web,standard
u_00131,2026-09-21T19:10:54Z,organic_search,iOS,standard
u_00132,2026-08-14T20:16:51Z,paid_social,Web,standard
u_00133,2026-09-09T02:48:37Z,paid_social,Web,standard
u_00134,2026-07-08T17:29:29Z,organic_search,Web,standard
u_00135,2026-09-21T18:35:01Z,partner_program,Web,free
u_00136,2026-07-19T16:06:34Z,organic_search,Android,free
u_00137,2026-07-31T15:13:40Z,partner_program,iOS,free
u_00138,2026-09-10T08:44:26Z,paid_social,Web,free
u_00139,2026-07-29T07:30:44Z,partner_program,iOS,free
u_00140,2026-09-25T03:32:48Z,paid_social,Android,free
u_00141,2026-07-08T22:28:01Z,organic_search,Android,standard
u_00142,2026-08-09T17:41:59Z,paid_social,Android,free
u_00143,2026-09-24T22:28:02Z,partner_program,iOS,free
u_00144,2026-09-09T14:42:15Z,partner_program,iOS,standard
u_00145,2026-07-13T09:01:57Z,paid_social,iOS,free
u_00146,2026-09-27T00:07:02Z,paid_social,Android,standard
u_00147,2026-08-08T02:50:36Z,organic_search,iOS,standard
u_00148,2026-07-03T16:27:58Z,organic_search,Android,free
u_00149,2026-07-29T10:36:55Z,paid_social,Web,free
u_00150,2026-07-02T07:14:46Z,partner_program,Android,free
u_00151,2026-08-16T22:02:33Z,organic_search,Android,free
u_00152,2026-09-09T09:22:56Z,organic_search,iOS,standard
u_00153,2026-08-31T06:48:49Z,paid_social,iOS,premium
u_00154,2026-09-14T15:58:40Z,organic_search,Android,standard
u_00155,2026-07-13T15:36:10Z,organic_search,Android,free
u_00156,2026-07-18T00:20:59Z,referral,Web,standard
u_00157,2026-07-05T19:40:46Z,organic_search,Android,free
u_00158,2026-09-27T19:14:08Z,paid_social,Web,standard
u_00159,2026-09-25T05:43:30Z,referral,Web,standard
u_00160,2026-09-15T23:14:12Z,referral,iOS,free
u_00161,2026-07-04T10:56:55Z,paid_social,iOS,standard
u_00162,2026-07-19T02:43:46Z,paid_social,iOS,free
u_00163,2026-08-18T17:53:04Z,organic_search,Android,free
u_00164,2026-08-26T10:46:14Z,organic_search,Android,free
u_00165,2026-07-05T04:37:58Z,organic_search,iOS,standard
u_00166,2026-08-25T00:06:18Z,referral,iOS,standard
u_00167,2026-08-11T17:01:47Z,partner_program,Android,standard
u_00168,2026-08-11T13:01:56Z,paid_social,iOS,free
u_00169,2026-08-10T03:28:59Z,organic_search,Android,premium
u_00170,2026-09-24T10:02:27Z,referral,iOS,free
u_00171,2026-07-24T15:34:53Z,referral,iOS,standard
u_00172,2026-09-23T11:04:47Z,paid_social,Web,standard
u_00173,2026-09-21T11:22:48Z,paid_social,iOS,free
u_00174,2026-08-06T15:13:51Z,paid_social,Android,standard
u_00175,2026-09-26T09:53:00Z,partner_program,Android,standard
u_00176,2026-08-07T11:27:16Z,paid_social,Android,free
u_00177,2026-08-01T13:34:42Z,paid_social,Web,standard
u_00178,2026-09-02T14:05:29Z,organic_search,Android,standard
u_00179,2026-08-28T14:47:58Z,partner_program,iOS,standard
u_00180,2026-07-31T13:10:46Z,referral,iOS,standard
u_00181,2026-07-18T10:21:14Z,paid_social,iOS,standard
u_00182,2026-08-17T15:01:27Z,referral,Web,standard
u_00183,2026-08-02T19:23:57Z,paid_social,iOS,free
u_00184,2026-07-12T22:06:19Z,paid_social,iOS,free
u_00185,2026-08-15T17:36:05Z,organic_search,Web,standard
u_00186,2026-08-16T06:27:01Z,organic_search,iOS,standard
u_00187,2026-08-04T11:51:33Z,referral,Web,free
u_00188,2026-07-11T20:50:40Z,organic_search,Android,free
u_00189,2026-07-29T01:35:49Z,paid_social,Web,standard
u_00190,2026-09-05T21:40:00Z,organic_search,iOS,standard
u_00191,2026-07-02T10:28:48Z,paid_social,iOS,standard
u_00192,2026-09-13T16:56:52Z,organic_search,Web,free
u_00193,2026-09-16T09:57:54Z,organic_search,Android,premium
u_00194,2026-07-07T23:53:28Z,referral,iOS,free
u_00195,2026-08-10T18:31:49Z,referral,iOS,standard
u_00196,2026-07-31T00:15:26Z,referral,Android,free
u_00197,2026-08-30T05:01:02Z,paid_social,iOS,free
u_00198,2026-08-17T10:01:33Z,organic_search,Android,standard
u_00199,2026-09-21T23:44:21Z,organic_search,Android,free
u_00200,2026-09-25T13:20:35Z,paid_social,iOS,free
u_00201,2026-09-14T19:14:20Z,organic_search,iOS,standard
u_00202,2026-08-15T10:45:28Z,referral,Android,free
u_00203,2026-08-05T20:03:03Z,organic_search,Web,free
u_00204,2026-08-13T11:15:49Z,organic_search,Web,free
u_00205,2026-09-23T01:04:17Z,partner_program,iOS,free
u_00206,2026-07-21T04:37:17Z,referral,Web,free
u_00207,2026-07-27T04:39:55Z,paid_social,Android,premium
u_00208,2026-09-28T14:04:28Z,referral,iOS,standard
u_00209,2026-09-04T11:50:20Z,paid_social,iOS,free
u_00210,2026-07-08T20:10:26Z,paid_social,Android,free
u_00211,2026-09-15T15:18:07Z,paid_social,Web,free
u_00212,2026-08-20T15:34:46Z,partner_program,iOS,standard
u_00213,2026-08-30T19:03:59Z,referral,Web,free
u_00214,2026-09-15T07:56:47Z,paid_social,Android,free
u_00215,2026-08-03T12:06:53Z,paid_social,iOS,standard
u_00216,2026-09-20T09:13:16Z,organic_search,Web,free
u_00217,2026-08-22T11:58:17Z,paid_social,Web,free
u_00218,2026-08-17T00:31:35Z,paid_social,iOS,free
u_00219,2026-09-28T22:00:57Z,partner_program,Android,premium
u_00220,2026-08-24T22:15:32Z,organic_search,iOS,premium
u_00221,2026-08-10T03:25:03Z,referral,iOS,premium
u_00222,2026-08-07T06:40:21Z,paid_social,Web,standard
u_00223,2026-09-02T17:07:24Z,paid_social,Web,free
u_00224,2026-07-26T23:07:01Z,paid_social,Android,free
u_00225,2026-09-09T11:03:27Z,organic_search,Android,standard
u_00226,2026-07-07T02:44:18Z,paid_social,Web,free
u_00227,2026-09-04T23:04:35Z,referral,Android,standard
u_00228,2026-07-14T06:55:02Z,paid_social,Web,standard
u_00229,2026-09-08T23:07:05Z,paid_social,Android,free
u_00230,2026-08-28T02:02:08Z,referral,Android,free
u_00231,2026-08-19T10:40:02Z,paid_social,Web,free
u_00232,2026-09-24T01:10:07Z,referral,Android,free
u_00233,2026-08-03T02:37:21Z,paid_social,Web,standard
u_00234,2026-09-22T16:12:26Z,paid_social,Android,standard
u_00235,2026-09-03T17:45:24Z,referral,iOS,premium
u_00236,2026-08-04T01:10:30Z,paid_social,Web,free
u_00237,2026-09-20T05:37:43Z,referral,iOS,free
u_00238,2026-07-03T18:13:53Z,organic_search,iOS,standard
u_00239,2026-07-23T05:42:13Z,paid_social,Android,premium
u_00240,2026-09-15T18:42:38Z,referral,iOS,free
u_00241,2026-09-15T21:39:38Z,referral,Web,standard
u_00242,2026-07-08T16:12:01Z,organic_search,Android,free
u_00243,2026-07-31T10:47:46Z,partner_program,Web,standard
u_00244,2026-07-11T13:47:48Z,paid_social,Android,standard
u_00245,2026-07-06T09:25:00Z,organic_search,iOS,standard
u_00246,2026-09-21T05:16:04Z,referral,Web,standard
u_00247,2026-07-10T08:46:08Z,paid_social,Android,free
u_00248,2026-07-07T07:14:36Z,referral,iOS,standard
u_00249,2026-09-18T08:14:20Z,paid_social,Android,free
u_00250,2026-08-07T12:04:28Z,organic_search,Android,premium
u_00251,2026-09-27T06:49:44Z,partner_program,Android,free
u_00252,2026-08-01T21:31:40Z,paid_social,Android,premium
u_00253,2026-07-22T07:20:39Z,partner_program,Web,free
u_00254,2026-08-17T23:36:56Z,organic_search,Web,premium
u_00255,2026-08-25T15:40:57Z,partner_program,Web,standard
u_00256,2026-07-27T04:15:26Z,organic_search,Web,free
u_00257,2026-08-01T20:59:00Z,partner_program,Android,free
u_00258,2026-08-09T20:39:47Z,paid_social,iOS,standard
u_00259,2026-08-12T04:26:39Z,organic_search,iOS,free
u_00260,2026-08-20T10:15:05Z,referral,iOS,free
u_00261,2026-08-28T07:39:17Z,organic_search,Android,free
u_00262,2026-09-23T10:23:28Z,paid_social,Android,free
u_00263,2026-07-04T17:44:31Z,organic_search,iOS,standard
u_00264,2026-07-10T07:02:51Z,organic_search,Android,standard
u_00265,2026-09-27T10:55:22Z,paid_social,Android,free
u_00266,2026-09-08T01:27:09Z,referral,Android,free
u_00267,2026-09-19T16:45:23Z,referral,Android,free
u_00268,2026-07-19T11:46:20Z,partner_program,iOS,premium
u_00269,2026-07-14T00:02:23Z,referral,Web,standard
u_00270,2026-07-11T09:57:16Z,paid_social,Web,premium
u_00271,2026-07-10T12:11:45Z,paid_social,Android,free
u_00272,2026-08-14T13:13:40Z,organic_search,iOS,free
u_00273,2026-09-21T11:31:00Z,referral,Web,free
u_00274,2026-09-03T04:35:33Z,organic_search,Web,standard
u_00275,2026-07-29T03:19:00Z,paid_social,iOS,free
u_00276,2026-09-12T00:45:02Z,referral,iOS,free
u_00277,2026-07-10T11:24:43Z,paid_social,Web,free
u_00278,2026-07-08T13:39:39Z,partner_program,Android,premium
u_00279,2026-08-11T03:54:21Z,partner_program,iOS,standard
u_00280,2026-09-08T05:57:48Z,paid_social,Web,free
u_00281,2026-09-21T13:21:59Z,partner_program,iOS,premium
u_00282,2026-09-20T23:37:53Z,organic_search,Web,standard
u_00283,2026-07-08T08:40:36Z,paid_social,Android,free
u_00284,2026-07-11T14:25:03Z,organic_search,Web,standard
u_00285,2026-09-05T08:18:55Z,organic_search,Web,free
u_00286,2026-07-02T15:49:11Z,paid_social,Android,free
u_00287,2026-09-15T16:59:39Z,partner_program,Android,standard
u_00288,2026-09-05T19:49:22Z,organic_search,Android,free
u_00289,2026-07-14T14:15:06Z,referral,Android,free
u_00290,2026-09-28T06:21:34Z,organic_search,iOS,free
u_00291,2026-09-22T00:23:52Z,organic_search,iOS,free
u_00292,2026-09-28T09:18:58Z,organic_search,Android,standard
u_00293,2026-08-21T21:32:06Z,referral,iOS,free
u_00294,2026-08-23T03:10:07Z,partner_program,Web,free
u_00295,2026-09-26T20:04:11Z,partner_program,Android,free
u_00296,2026-07-18T00:26:09Z,paid_social,Web,standard
u_00297,2026-07-05T14:17:49Z,referral,iOS,free
u_00298,2026-07-21T20:08:12Z,paid_social,Web,free
u_00299,2026-07-23T14:52:20Z,organic_search,Web,standard
u_00300,2026-07-17T13:17:05Z,organic_search,Android,standard
u_00301,2026-08-05T12:47:01Z,paid_social,Web,free
u_00302,2026-09-07T13:36:23Z,paid_social,iOS,premium
u_00303,2026-09-07T03:35:41Z,organic_search,Android,standard
u_00304,2026-07-04T19:06:16Z,paid_social,Android,free
u_00305,2026-08-16T18:31:59Z,organic_search,iOS,free
u_00306,2026-07-24T04:16:57Z,partner_program,Web,standard
u_00307,2026-09-05T15:27:59Z,paid_social,iOS,free
u_00308,2026-08-28T09:05:50Z,paid_social,Android,standard
u_00309,2026-08-16T15:39:59Z,partner_program,Web,free
u_00310,2026-08-18T18:47:27Z,organic_search,iOS,premium
u_00311,2026-09-24T13:40:42Z,organic_search,Android,free
u_00312,2026-07-10T20:40:07Z,paid_social,iOS,standard
u_00313,2026-07-01T04:54:19Z,paid_social,Web,free
u_00314,2026-09-05T23:42:45Z,referral,Web,free
u_00315,2026-08-01T14:36:35Z,paid_social,Web,free
u_00316,2026-08-21T13:56:37Z,paid_social,Android,free
u_00317,2026-08-04T09:49:09Z,referral,iOS,standard
u_00318,2026-08-24T13:49:07Z,referral,iOS,standard
u_00319,2026-09-23T12:06:09Z,paid_social,iOS,free
u_00320,2026-08-02T09:27:30Z,paid_social,iOS,standard
u_00321,2026-07-22T04:45:24Z,paid_social,Android,free
u_00322,2026-07-31T06:40:28Z,organic_search,Web,standard
u_00323,2026-07-19T11:29:34Z,organic_search,iOS,free
u_00324,2026-07-06T11:14:31Z,organic_search,Android,free
u_00325,2026-07-24T02:09:22Z,organic_search,Android,free
u_00326,2026-08-30T11:53:31Z,referral,iOS,free
u_00327,2026-09-18T02:39:23Z,organic_search,iOS,free
u_00328,2026-07-23T03:14:59Z,paid_social,Android,standard
u_00329,2026-09-08T21:38:21Z,paid_social,Web,standard
u_00330,2026-07-28T05:20:12Z,paid_social,Android,standard
u_00331,2026-08-19T10:12:13Z,paid_social,Android,free
u_00332,2026-08-06T13:01:00Z,organic_search,iOS,standard
u_00333,2026-08-16T03:58:02Z,paid_social,Android,standard
u_00334,2026-07-23T10:54:14Z,paid_social,iOS,free
u_00335,2026-07-15T02:33:36Z,organic_search,iOS,free
u_00336,2026-08-17T17:38:35Z,referral,Android,free
u_00337,2026-07-27T20:02:41Z,paid_social,Web,free
u_00338,2026-07-03T18:32:11Z,organic_search,Web,standard
u_00339,2026-07-19T14:28:50Z,paid_social,iOS,standard
u_00340,2026-08-06T02:53:44Z,referral,iOS,standard
u_00341,2026-09-19T09:14:15Z,paid_social,iOS,free
u_00342,2026-09-02T03:13:05Z,organic_search,Web,standard
u_00343,2026-09-15T13:47:00Z,partner_program,Web,free
u_00344,2026-09-17T17:55:47Z,organic_search,Android,standard
u_00345,2026-07-31T12:50:12Z,referral,Android,standard
u_00346,2026-07-27T03:52:12Z,partner_program,iOS,free
u_00347,2026-09-23T01:47:00Z,paid_social,Web,free
u_00348,2026-07-30T12:25:25Z,referral,Android,standard
u_00349,2026-08-02T03:00:57Z,referral,iOS,free
u_00350,2026-07-17T22:51:14Z,paid_social,iOS,standard
u_00351,2026-08-13T03:31:16Z,organic_search,Android,free
u_00352,2026-09-25T04:59:06Z,organic_search,Android,free
u_00353,2026-07-23T20:59:01Z,organic_search,iOS,free
u_00354,2026-07-15T22:00:15Z,referral,iOS,free
u_00355,2026-07-29T01:43:19Z,organic_search,Android,standard
u_00356,2026-08-11T23:18:09Z,paid_social,iOS,free
u_00357,2026-07-13T19:38:21Z,referral,Android,standard
u_00358,2026-09-05T19:53:23Z,partner_program,iOS,free
u_00359,2026-09-21T16:21:53Z,paid_social,iOS,premium
u_00360,2026-08-26T01:17:53Z,paid_social,Android,free
u_00361,2026-08-27T19:02:50Z,partner_program,Android,free
u_00362,2026-07-20T06:53:34Z,partner_program,Web,free
u_00363,2026-08-27T18:05:42Z,paid_social,iOS,standard
u_00364,2026-07-01T13:15:47Z,partner_program,Web,free
u_00365,2026-07-14T18:54:11Z,organic_search,iOS,free
u_00366,2026-08-14T09:25:48Z,paid_social,iOS,standard
u_00367,2026-07-14T22:07:28Z,referral,iOS,standard
u_00368,2026-07-29T09:56:04Z,organic_search,iOS,free
u_00369,2026-08-29T14:23:33Z,referral,iOS,standard
u_00370,2026-08-12T12:36:48Z,paid_social,Web,standard
u_00371,2026-07-09T16:16:27Z,organic_search,Web,standard
u_00372,2026-09-15T14:00:28Z,organic_search,iOS,standard
u_00373,2026-08-29T04:08:05Z,organic_search,Web,free
u_00374,2026-09-05T17:43:27Z,partner_program,Android,premium
u_00375,2026-07-18T15:31:47Z,partner_program,iOS,free
u_00376,2026-07-31T16:42:59Z,paid_social,Android,free
u_00377,2026-09-13T02:12:04Z,paid_social,Android,free
u_00378,2026-07-30T16:01:11Z,organic_search,Web,standard
u_00379,2026-07-15T18:40:32Z,paid_social,iOS,free
u_00380,2026-09-16T18:01:47Z,referral,iOS,premium
u_00381,2026-07-23T21:55:01Z,paid_social,Android,free
u_00382,2026-08-30T04:07:55Z,organic_search,iOS,free
u_00383,2026-07-12T20:54:28Z,organic_search,Android,free
u_00384,2026-07-25T18:22:53Z,organic_search,iOS,free
u_00385,2026-07-13T06:43:58Z,referral,Android,free
u_00386,2026-09-05T04:51:37Z,paid_social,iOS,free
u_00387,2026-08-18T13:58:37Z,organic_search,iOS,free
u_00388,2026-07-28T15:00:41Z,referral,Android,free
u_00389,2026-07-06T07:41:30Z,paid_social,iOS,free
u_00390,2026-09-26T10:34:08Z,organic_search,Web,free
u_00391,2026-08-18T09:36:05Z,organic_search,Android,standard
u_00392,2026-09-17T08:42:05Z,partner_program,iOS,standard
u_00393,2026-09-15T20:29:44Z,paid_social,iOS,standard
u_00394,2026-07-29T16:54:42Z,paid_social,iOS,premium
u_00395,2026-08-14T10:37:35Z,paid_social,iOS,free
u_00396,2026-09-11T05:51:39Z,paid_social,iOS,standard
u_00397,2026-07-02T17:52:47Z,organic_search,iOS,standard
u_00398,2026-09-07T02:31:33Z,referral,Web,standard
u_00399,2026-08-24T15:28:32Z,paid_social,iOS,free
u_00400,2026-07-27T11:04:57Z,referral,iOS,premium
u_00401,2026-07-26T05:15:09Z,partner_program,iOS,standard
u_00402,2026-09-12T06:58:36Z,partner_program,iOS,premium
u_00403,2026-08-21T04:01:29Z,referral,iOS,standard
u_00404,2026-08-02T00:10:48Z,organic_search,Android,standard
u_00405,2026-07-31T10:54:25Z,organic_search,Android,premium
u_00406,2026-09-01T18:35:02Z,partner_program,Android,free
u_00407,2026-08-08T09:37:33Z,organic_search,Android,premium
u_00408,2026-08-25T21:03:56Z,referral,Web,premium
u_00409,2026-07-27T23:32:22Z,paid_social,iOS,free
u_00410,2026-07-07T14:07:34Z,referral,Web,standard
u_00411,2026-07-23T06:29:42Z,referral,Web,standard
u_00412,2026-07-15T10:09:50Z,paid_social,Web,premium
u_00413,2026-08-19T07:04:54Z,organic_search,Android,free
u_00414,2026-08-31T19:06:55Z,organic_search,Web,free
u_00415,2026-07-03T23:59:10Z,paid_social,iOS,free
u_00416,2026-07-29T07:07:38Z,partner_program,Android,standard
u_00417,2026-07-19T01:14:02Z,organic_search,iOS,premium
u_00418,2026-08-30T16:20:54Z,paid_social,Web,free
u_00419,2026-09-03T19:14:00Z,referral,iOS,free
u_00420,2026-08-14T13:40:36Z,organic_search,iOS,free
u_00421,2026-07-30T03:41:04Z,organic_search,iOS,free
u_00422,2026-08-18T12:14:26Z,paid_social,iOS,free
u_00423,2026-07-09T00:50:10Z,referral,iOS,free
u_00424,2026-08-28T17:55:17Z,paid_social,Android,standard
u_00425,2026-09-13T08:12:46Z,paid_social,Android,standard
u_00426,2026-07-03T03:31:29Z,paid_social,iOS,premium
u_00427,2026-09-16T13:16:32Z,referral,Android,standard
u_00428,2026-08-08T09:28:03Z,partner_program,Web,free
u_00429,2026-09-05T14:06:03Z,paid_social,Web,standard
u_00430,2026-07-24T07:51:17Z,organic_search,Web,premium
u_00431,2026-07-20T15:00:35Z,paid_social,Web,premium
u_00432,2026-07-19T15:34:05Z,paid_social,iOS,free
u_00433,2026-08-05T16:46:47Z,paid_social,iOS,standard
u_00434,2026-09-28T20:29:20Z,partner_program,iOS,standard
u_00435,2026-09-24T23:24:51Z,organic_search,iOS,standard
u_00436,2026-09-17T14:48:42Z,referral,Android,free
u_00437,2026-07-23T17:38:00Z,partner_program,iOS,free
u_00438,2026-07-01T13:35:38Z,referral,iOS,free
u_00439,2026-09-06T13:13:18Z,referral,iOS,standard
u_00440,2026-08-13T14:51:37Z,referral,iOS,free
u_00441,2026-07-24T18:11:23Z,partner_program,Android,standard
u_00442,2026-09-13T18:06:37Z,referral,iOS,premium
u_00443,2026-09-14T01:35:09Z,referral,Web,free
u_00444,2026-07-01T14:21:19Z,referral,iOS,standard
u_00445,2026-09-19T02:16:52Z,partner_program,Web,standard
u_00446,2026-09-14T22:27:10Z,referral,Android,premium
u_00447,2026-07-20T21:24:58Z,paid_social,Web,standard
u_00448,2026-07-09T09:57:14Z,organic_search,iOS,free
u_00449,2026-07-10T10:08:44Z,referral,iOS,standard
u_00450,2026-07-05T12:36:13Z,partner_program,iOS,standard
u_00451,2026-07-31T06:21:19Z,paid_social,iOS,free
u_00452,2026-09-22T14:39:05Z,organic_search,iOS,free
u_00453,2026-07-19T19:13:37Z,paid_social,iOS,standard
u_00454,2026-09-18T00:46:32Z,paid_social,Android,free
u_00455,2026-07-05T02:46:04Z,organic_search,Web,free
u_00456,2026-08-11T14:52:10Z,organic_search,Android,standard
u_00457,2026-07-11T04:46:48Z,paid_social,iOS,free
u_00458,2026-09-01T12:37:31Z,organic_search,Android,standard
u_00459,2026-08-21T21:58:41Z,partner_program,Web,free
u_00460,2026-09-11T22:11:54Z,paid_social,iOS,premium
u_00461,2026-07-16T19:13:56Z,paid_social,iOS,standard
u_00462,2026-09-10T14:02:02Z,referral,iOS,standard
u_00463,2026-07-03T14:08:38Z,referral,iOS,standard
u_00464,2026-09-22T17:31:55Z,partner_program,iOS,free
u_00465,2026-09-08T07:54:08Z,referral,Android,free
u_00466,2026-08-10T09:12:31Z,organic_search,iOS,free
u_00467,2026-08-11T06:59:21Z,organic_search,Android,free
u_00468,2026-09-26T08:17:51Z,paid_social,Android,free
u_00469,2026-07-07T09:05:10Z,organic_search,Web,standard
u_00470,2026-08-05T20:43:05Z,referral,Android,standard
u_00471,2026-08-17T06:10:41Z,organic_search,Android,standard
u_00472,2026-08-17T19:50:34Z,referral,iOS,free
u_00473,2026-09-22T02:30:37Z,referral,Web,free
u_00474,2026-08-30T23:48:57Z,organic_search,Android,free
u_00475,2026-09-15T09:25:10Z,referral,Web,standard
u_00476,2026-09-22T22:06:42Z,referral,iOS,free
u_00477,2026-08-25T00:55:30Z,organic_search,iOS,standard
u_00478,2026-08-31T21:55:20Z,paid_social,Web,free
u_00479,2026-07-31T17:50:34Z,partner_program,Web,free
u_00480,2026-09-15T04:52:26Z,organic_search,iOS,standard
u_00481,2026-09-23T07:56:13Z,paid_social,Web,free
u_00482,2026-09-18T20:25:17Z,organic_search,Android,standard
u_00483,2026-08-30T03:51:14Z,paid_social,iOS,free
u_00484,2026-09-08T05:09:23Z,paid_social,iOS,free
u_00485,2026-07-07T23:07:33Z,paid_social,Android,standard
u_00486,2026-09-16T23:05:30Z,referral,Web,free
u_00487,2026-08-20T15:18:49Z,referral,Android,free
u_00488,2026-09-04T14:34:23Z,referral,Android,standard
u_00489,2026-08-08T03:04:00Z,organic_search,Android,free
u_00490,2026-07-12T02:50:29Z,referral,Android,free
u_00491,2026-09-18T19:04:26Z,organic_search,Android,standard
u_00492,2026-09-14T16:56:47Z,partner_program,Android,free
u_00493,2026-07-28T17:31:55Z,partner_program,Web,free
u_00494,2026-09-17T01:35:07Z,partner_program,Android,free
u_00495,2026-08-15T11:07:41Z,organic_search,Android,standard
u_00496,2026-09-01T13:54:50Z,paid_social,iOS,standard
u_00497,2026-07-11T09:02:29Z,partner_program,Android,premium
u_00498,2026-07-20T10:44:09Z,referral,Android,free
u_00499,2026-07-17T02:19:24Z,organic_search,iOS,free
u_00500,2026-08-16T22:44:08Z,referral,iOS,standard
u_00501,2026-08-06T05:23:26Z,organic_search,Web,standard
u_00502,2026-09-11T09:57:27Z,referral,Android,free
u_00503,2026-09-26T05:53:02Z,referral,iOS,standard
u_00504,2026-07-08T13:58:49Z,paid_social,Web,premium
u_00505,2026-08-08T08:44:47Z,paid_social,Web,premium
u_00506,2026-08-03T23:50:42Z,organic_search,iOS,free
u_00507,2026-09-23T18:16:57Z,paid_social,Android,free
u_00508,2026-07-26T01:26:08Z,paid_social,iOS,free
u_00509,2026-09-14T01:39:41Z,organic_search,iOS,free
u_00510,2026-09-10T10:40:49Z,paid_social,Web,standard
u_00511,2026-09-28T01:30:53Z,organic_search,Android,free
u_00512,2026-07-16T23:15:00Z,paid_social,Android,premium
u_00513,2026-07-28T12:19:29Z,partner_program,iOS,free
u_00514,2026-07-18T23:08:41Z,referral,iOS,standard
u_00515,2026-07-09T03:03:35Z,organic_search,Android,premium
u_00516,2026-08-18T19:55:13Z,paid_social,iOS,free
u_00517,2026-09-26T08:41:13Z,paid_social,iOS,free
u_00518,2026-08-26T03:02:47Z,referral,Android,premium
u_00519,2026-08-09T16:54:58Z,paid_social,iOS,standard
u_00520,2026-08-13T20:42:04Z,referral,Android,standard
u_00521,2026-07-26T08:40:42Z,organic_search,Web,free
u_00522,2026-09-22T20:02:37Z,referral,Web,standard
u_00523,2026-07-29T03:46:50Z,paid_social,Android,free
u_00524,2026-07-19T09:12:18Z,paid_social,Android,premium
u_00525,2026-09-17T23:27:09Z,paid_social,iOS,free
u_00526,2026-07-04T05:40:21Z,organic_search,iOS,standard
u_00527,2026-08-20T01:10:43Z,partner_program,Web,premium
u_00528,2026-08-29T15:01:25Z,paid_social,Android,standard
u_00529,2026-07-19T15:38:43Z,paid_social,Android,free
u_00530,2026-07-12T08:20:58Z,paid_social,Web,free
u_00531,2026-07-09T11:19:35Z,paid_social,iOS,free
u_00532,2026-08-25T22:41:47Z,referral,Web,free
u_00533,2026-08-04T02:58:03Z,organic_search,iOS,free
u_00534,2026-08-30T03:53:24Z,referral,Android,free
u_00535,2026-07-17T19:43:54Z,referral,Web,standard
u_00536,2026-08-13T12:18:08Z,partner_program,iOS,standard
u_00537,2026-09-21T10:07:20Z,referral,iOS,free
u_00538,2026-08-23T23:33:11Z,paid_social,Android,free
u_00539,2026-08-12T06:47:17Z,organic_search,iOS,free
u_00540,2026-09-03T15:33:23Z,referral,Android,free
u_00541,2026-09-09T10:56:43Z,organic_search,iOS,standard
u_00542,2026-09-22T23:03:14Z,organic_search,iOS,free
u_00543,2026-09-02T08:54:06Z,partner_program,iOS,standard
u_00544,2026-08-08T08:51:50Z,organic_search,Android,free
u_00545,2026-08-17T05:10:18Z,organic_search,iOS,free
u_00546,2026-09-06T08:23:32Z,paid_social,Android,free
u_00547,2026-08-03T15:02:37Z,organic_search,Web,free
u_00548,2026-09-25T19:15:30Z,referral,Web,free
u_00549,2026-08-05T06:59:30Z,referral,iOS,free
u_00550,2026-08-17T17:27:49Z,organic_search,Web,free
u_00551,2026-09-14T04:12:15Z,paid_social,iOS,free
u_00552,2026-07-28T09:10:42Z,paid_social,Web,free
u_00553,2026-08-13T05:45:57Z,organic_search,Android,free
u_00554,2026-07-10T19:33:42Z,organic_search,Web,free
u_00555,2026-08-10T06:38:39Z,paid_social,iOS,free
u_00556,2026-07-21T11:13:10Z,paid_social,Android,standard
u_00557,2026-08-05T17:15:26Z,referral,Android,free
u_00558,2026-07-16T07:31:56Z,organic_search,iOS,standard
u_00559,2026-09-20T05:39:50Z,referral,iOS,free
u_00560,2026-09-07T01:25:00Z,partner_program,iOS,premium
u_00561,2026-07-03T20:48:43Z,paid_social,iOS,free
u_00562,2026-09-28T19:58:38Z,referral,Web,standard
u_00563,2026-09-20T12:06:09Z,paid_social,Android,premium
u_00564,2026-09-07T01:56:51Z,partner_program,Android,free
u_00565,2026-08-19T15:25:13Z,organic_search,iOS,standard
u_00566,2026-09-14T23:44:53Z,organic_search,Web,free
u_00567,2026-09-03T05:24:15Z,organic_search,Web,standard
u_00568,2026-07-18T19:01:55Z,paid_social,iOS,standard
u_00569,2026-07-07T20:20:53Z,organic_search,iOS,free
u_00570,2026-09-28T03:50:52Z,referral,Android,standard
u_00571,2026-07-29T03:04:35Z,paid_social,iOS,free
u_00572,2026-09-12T14:33:04Z,partner_program,Web,free
u_00573,2026-08-26T22:31:52Z,partner_program,iOS,free
u_00574,2026-08-01T14:45:01Z,paid_social,Android,free
u_00575,2026-09-06T01:23:26Z,referral,Android,standard
u_00576,2026-09-05T04:12:39Z,referral,iOS,standard
u_00577,2026-07-22T23:02:53Z,referral,iOS,free
u_00578,2026-07-25T08:12:47Z,referral,Android,standard
u_00579,2026-09-25T13:28:47Z,paid_social,Android,standard
u_00580,2026-09-01T06:04:22Z,paid_social,Android,free
u_00581,2026-09-08T17:42:32Z,organic_search,iOS,free
u_00582,2026-09-14T20:11:07Z,partner_program,iOS,standard
u_00583,2026-08-21T13:42:28Z,paid_social,Android,free
u_00584,2026-09-28T21:11:27Z,paid_social,iOS,standard
u_00585,2026-09-19T12:27:14Z,paid_social,Android,standard
u_00586,2026-09-04T19:26:18Z,organic_search,iOS,free
u_00587,2026-07-18T13:32:41Z,referral,Android,premium
u_00588,2026-09-27T03:57:19Z,referral,Web,free
u_00589,2026-07-22T22:09:37Z,organic_search,Web,free
u_00590,2026-07-23T23:49:54Z,paid_social,Android,premium
u_00591,2026-08-07T11:14:15Z,referral,iOS,standard
u_00592,2026-07-20T21:46:57Z,organic_search,Web,standard
u_00593,2026-09-11T02:50:43Z,partner_program,Android,free
u_00594,2026-08-26T09:34:50Z,paid_social,iOS,standard
u_00595,2026-07-24T00:50:34Z,referral,Android,free
u_00596,2026-07-15T18:52:43Z,paid_social,Web,free
u_00597,2026-07-15T05:03:44Z,organic_search,Android,free
u_00598,2026-09-17T12:59:42Z,referral,Web,free
u_00599,2026-07-28T02:22:30Z,paid_social,Web,premium
u_00600,2026-07-10T17:28:51Z,referral,iOS,free
u_00601,2026-09-26T10:35:21Z,paid_social,Web,free
u_00602,2026-09-17T01:06:41Z,organic_search,Web,free
u_00603,2026-08-08T02:49:41Z,partner_program,iOS,free
u_00604,2026-09-09T23:03:50Z,organic_search,iOS,standard
u_00605,2026-09-21T19:09:22Z,partner_program,Android,free
u_00606,2026-07-27T16:16:16Z,organic_search,iOS,premium
u_00607,2026-07-23T12:33:15Z,referral,Web,free
u_00608,2026-07-01T17:19:26Z,organic_search,Web,premium
u_00609,2026-07-20T02:15:04Z,organic_search,Android,standard
u_00610,2026-08-13T21:12:16Z,partner_program,iOS,free
u_00611,2026-07-28T04:58:46Z,referral,Android,standard
u_00612,2026-07-27T15:48:12Z,organic_search,Web,free
u_00613,2026-09-13T22:45:03Z,organic_search,Web,free
u_00614,2026-08-10T05:17:01Z,paid_social,iOS,standard
u_00615,2026-09-21T17:05:09Z,organic_search,iOS,free
u_00616,2026-08-20T14:31:49Z,partner_program,iOS,standard
u_00617,2026-08-05T09:59:34Z,partner_program,iOS,free
u_00618,2026-08-18T06:10:57Z,paid_social,iOS,free
u_00619,2026-08-17T20:47:55Z,paid_social,iOS,standard
u_00620,2026-09-06T07:09:02Z,paid_social,iOS,standard
u_00621,2026-07-20T13:08:37Z,organic_search,Web,free
u_00622,2026-09-10T05:53:48Z,paid_social,Android,premium
u_00623,2026-07-21T10:37:17Z,organic_search,Web,standard
u_00624,2026-09-22T12:45:31Z,organic_search,iOS,free
u_00625,2026-09-12T01:23:43Z,referral,Android,premium
u_00626,2026-07-12T03:23:04Z,paid_social,iOS,free
u_00627,2026-07-24T23:20:10Z,paid_social,Web,free
u_00628,2026-07-16T21:40:09Z,partner_program,iOS,standard
u_00629,2026-09-21T19:52:10Z,paid_social,iOS,free
u_00630,2026-09-28T02:06:16Z,organic_search,iOS,standard
u_00631,2026-08-06T21:10:19Z,organic_search,iOS,standard
u_00632,2026-08-27T10:33:35Z,organic_search,Android,free
u_00633,2026-07-16T10:05:49Z,paid_social,Web,standard
u_00634,2026-08-07T03:41:05Z,partner_program,Web,standard
u_00635,2026-09-18T18:21:38Z,referral,iOS,standard
u_00636,2026-09-27T13:39:07Z,partner_program,iOS,standard
u_00637,2026-07-27T10:41:11Z,organic_search,iOS,standard
u_00638,2026-08-25T16:11:38Z,paid_social,iOS,premium
u_00639,2026-08-31T14:37:31Z,paid_social,Web,standard
u_00640,2026-07-07T18:01:50Z,organic_search,Android,free
u_00641,2026-07-05T09:49:00Z,referral,iOS,free
u_00642,2026-08-09T02:04:51Z,paid_social,Android,free
u_00643,2026-07-21T19:58:48Z,partner_program,iOS,free
u_00644,2026-08-11T13:05:56Z,partner_program,iOS,standard
u_00645,2026-09-07T12:58:19Z,partner_program,iOS,premium
u_00646,2026-08-14T01:59:00Z,paid_social,Android,premium
u_00647,2026-09-22T11:48:12Z,referral,Web,standard
u_00648,2026-08-17T02:52:48Z,partner_program,Web,free
u_00649,2026-07-07T09:50:13Z,organic_search,iOS,standard
u_00650,2026-09-26T23:05:34Z,partner_program,Android,free
u_00651,2026-08-10T10:13:24Z,organic_search,iOS,free
u_00652,2026-07-13T02:17:04Z,referral,iOS,premium
u_00653,2026-08-22T00:00:49Z,partner_program,Android,free
u_00654,2026-09-26T03:42:10Z,paid_social,Android,standard
u_00655,2026-09-23T23:12:11Z,paid_social,iOS,standard
u_00656,2026-07-18T07:49:46Z,organic_search,iOS,free
u_00657,2026-08-27T07:23:36Z,paid_social,Android,standard
u_00658,2026-07-23T21:44:20Z,paid_social,Android,free
u_00659,2026-09-24T12:00:18Z,partner_program,Android,free
u_00660,2026-09-07T19:22:05Z,referral,iOS,free
u_00661,2026-08-01T06:00:37Z,referral,Android,free
u_00662,2026-07-10T12:38:33Z,referral,iOS,standard
u_00663,2026-07-21T07:16:36Z,partner_program,Android,free
u_00664,2026-09-23T10:33:19Z,organic_search,Android,free
u_00665,2026-09-27T22:03:48Z,organic_search,Android,standard
u_00666,2026-08-22T19:09:45Z,organic_search,iOS,standard
u_00667,2026-07-25T00:54:21Z,referral,Web,free
u_00668,2026-07-29T15:17:08Z,organic_search,Android,free
u_00669,2026-07-16T12:07:55Z,paid_social,Web,free
u_00670,2026-08-27T16:17:08Z,organic_search,iOS,free
u_00671,2026-09-27T10:42:38Z,referral,Android,premium
u_00672,2026-07-21T23:37:55Z,partner_program,iOS,standard
u_00673,2026-09-26T07:35:33Z,paid_social,iOS,standard
u_00674,2026-08-22T19:19:26Z,partner_program,Android,free
u_00675,2026-08-04T01:43:23Z,paid_social,iOS,free
u_00676,2026-09-11T03:01:41Z,partner_program,Web,standard
u_00677,2026-08-23T21:41:37Z,paid_social,iOS,standard
u_00678,2026-08-19T21:32:13Z,organic_search,Android,free
u_00679,2026-07-13T17:23:44Z,referral,Web,free
u_00680,2026-07-18T14:23:10Z,organic_search,iOS,premium
u_00681,2026-09-24T20:54:35Z,paid_social,iOS,standard
u_00682,2026-08-14T13:25:44Z,referral,Android,free
u_00683,2026-08-01T11:34:07Z,organic_search,Android,free
u_00684,2026-08-02T00:26:33Z,referral,Android,standard
u_00685,2026-08-09T13:02:57Z,referral,Web,standard
u_00686,2026-09-16T11:24:01Z,referral,iOS,standard
u_00687,2026-08-24T16:40:36Z,paid_social,iOS,free
u_00688,2026-07-13T19:47:09Z,organic_search,iOS,free
u_00689,2026-09-24T12:13:21Z,referral,Android,free
u_00690,2026-07-02T20:57:11Z,referral,Android,free
u_00691,2026-09-07T17:09:57Z,referral,Android,free
u_00692,2026-09-26T04:42:31Z,partner_program,Android,free
u_00693,2026-09-15T01:27:00Z,paid_social,iOS,free
u_00694,2026-08-27T13:43:27Z,paid_social,iOS,free
u_00695,2026-08-15T03:41:09Z,referral,iOS,standard
u_00696,2026-08-29T17:45:16Z,paid_social,Android,free
u_00697,2026-07-07T04:24:07Z,paid_social,iOS,standard
u_00698,2026-08-19T07:29:35Z,paid_social,iOS,standard
u_00699,2026-09-26T03:07:49Z,paid_social,Android,standard
u_00700,2026-09-26T04:11:43Z,organic_search,Web,free
u_00701,2026-07-20T17:28:38Z,referral,iOS,free
u_00702,2026-08-16T17:37:10Z,partner_program,Web,standard
u_00703,2026-07-22T14:09:21Z,paid_social,Web,free
u_00704,2026-07-12T06:11:22Z,paid_social,iOS,free
u_00705,2026-09-01T10:49:16Z,referral,iOS,standard
u_00706,2026-07-08T16:06:06Z,organic_search,Android,free
u_00707,2026-08-07T11:24:26Z,referral,Android,free
u_00708,2026-09-06T03:21:57Z,referral,iOS,premium
u_00709,2026-09-11T22:52:17Z,paid_social,Android,free
u_00710,2026-08-28T16:32:50Z,organic_search,Android,standard
u_00711,2026-08-14T06:47:15Z,organic_search,Android,free
u_00712,2026-07-17T16:30:02Z,paid_social,Android,free
u_00713,2026-07-05T05:02:22Z,partner_program,Web,standard
u_00714,2026-08-18T12:31:30Z,organic_search,Android,standard
u_00715,2026-07-25T06:42:40Z,organic_search,Android,standard
u_00716,2026-07-03T07:53:19Z,paid_social,Android,free
u_00717,2026-08-07T00:19:50Z,referral,iOS,free
u_00718,2026-08-10T05:57:32Z,referral,Android,standard
u_00719,2026-07-01T09:04:05Z,organic_search,Web,free
u_00720,2026-09-15T10:06:38Z,organic_search,Web,free
u_00721,2026-07-10T02:19:53Z,referral,iOS,free
u_00722,2026-07-30T00:32:04Z,paid_social,Android,standard
u_00723,2026-08-24T18:28:19Z,referral,Web,free
u_00724,2026-07-04T08:47:41Z,paid_social,Web,free
u_00725,2026-08-10T23:02:10Z,partner_program,iOS,free
u_00726,2026-07-09T23:42:12Z,referral,Android,standard
u_00727,2026-07-02T02:28:10Z,organic_search,Android,standard
u_00728,2026-09-14T12:17:55Z,organic_search,iOS,free
u_00729,2026-07-05T17:25:25Z,partner_program,iOS,standard
u_00730,2026-09-24T23:38:54Z,paid_social,Web,standard
u_00731,2026-08-19T10:10:03Z,paid_social,Web,free
u_00732,2026-09-22T17:31:41Z,referral,iOS,free
u_00733,2026-08-10T03:05:36Z,organic_search,Web,free
u_00734,2026-08-07T20:31:53Z,referral,iOS,free
u_00735,2026-08-05T05:26:32Z,organic_search,Android,premium
u_00736,2026-07-18T00:44:44Z,partner_program,Android,free
u_00737,2026-08-06T09:24:14Z,paid_social,Android,standard
u_00738,2026-08-20T04:48:15Z,referral,Android,free
u_00739,2026-09-03T16:19:15Z,referral,Android,standard
u_00740,2026-08-11T04:21:06Z,paid_social,Android,free
u_00741,2026-08-30T08:56:42Z,organic_search,Android,premium
u_00742,2026-08-06T08:22:21Z,paid_social,iOS,free
u_00743,2026-09-03T15:40:26Z,partner_program,Android,free
u_00744,2026-07-06T13:43:36Z,organic_search,iOS,standard
u_00745,2026-09-24T05:43:23Z,organic_search,Web,standard
u_00746,2026-09-06T07:07:12Z,organic_search,Android,premium
u_00747,2026-07-21T14:33:24Z,paid_social,Web,free
u_00748,2026-08-16T19:48:35Z,organic_search,Web,free
u_00749,2026-08-17T18:45:58Z,partner_program,Android,free
u_00750,2026-07-17T10:47:07Z,paid_social,iOS,standard
u_00751,2026-08-25T08:20:39Z,referral,Android,free
u_00752,2026-07-24T00:56:58Z,paid_social,Android,premium
u_00753,2026-07-10T08:03:18Z,paid_social,Web,free
u_00754,2026-08-04T23:31:30Z,paid_social,Web,standard
u_00755,2026-08-24T00:36:17Z,paid_social,Web,free
u_00756,2026-07-19T08:25:43Z,organic_search,iOS,standard
u_00757,2026-09-10T12:45:49Z,referral,iOS,free
u_00758,2026-09-22T07:32:59Z,referral,Web,free
u_00759,2026-09-08T17:08:33Z,referral,Android,free
u_00760,2026-09-11T18:20:39Z,referral,Android,free
u_00761,2026-09-22T23:51:44Z,paid_social,iOS,standard
u_00762,2026-08-10T18:28:55Z,paid_social,iOS,free
u_00763,2026-07-09T06:38:15Z,organic_search,Web,free
u_00764,2026-08-30T18:29:04Z,paid_social,Web,free
u_00765,2026-07-09T18:02:49Z,organic_search,Web,standard
u_00766,2026-09-27T09:56:24Z,paid_social,Web,standard
u_00767,2026-09-15T01:01:08Z,organic_search,Android,standard
u_00768,2026-08-10T20:24:41Z,paid_social,iOS,standard
u_00769,2026-07-05T21:06:21Z,organic_search,Android,standard
u_00770,2026-07-25T18:10:02Z,referral,Android,free
u_00771,2026-07-05T10:01:33Z,partner_program,iOS,free
u_00772,2026-08-20T13:13:45Z,paid_social,Android,standard
u_00773,2026-08-07T11:35:58Z,organic_search,Web,free
u_00774,2026-07-01T18:49:59Z,paid_social,Web,standard
u_00775,2026-09-26T13:52:42Z,referral,iOS,premium
u_00776,2026-07-15T03:24:37Z,organic_search,iOS,standard
u_00777,2026-09-22T22:33:41Z,organic_search,Android,free
u_00778,2026-08-04T17:18:17Z,organic_search,iOS,free
u_00779,2026-07-06T00:17:38Z,referral,Android,free
u_00780,2026-07-27T06:12:19Z,referral,Web,free
u_00781,2026-07-07T15:54:36Z,paid_social,iOS,standard
u_00782,2026-07-11T09:35:46Z,organic_search,iOS,standard
u_00783,2026-07-24T21:28:24Z,paid_social,Android,free
u_00784,2026-07-24T04:27:48Z,paid_social,iOS,free
u_00785,2026-08-09T11:18:13Z,referral,Web,free
u_00786,2026-09-03T23:59:39Z,organic_search,iOS,free
u_00787,2026-09-07T10:55:42Z,referral,iOS,free
u_00788,2026-09-17T18:30:03Z,referral,iOS,premium
u_00789,2026-09-22T22:06:10Z,referral,Android,free
u_00790,2026-08-31T10:51:31Z,paid_social,Web,free
u_00791,2026-09-02T14:41:53Z,paid_social,iOS,standard
u_00792,2026-07-07T14:11:07Z,paid_social,Android,standard
u_00793,2026-07-04T02:47:45Z,organic_search,Android,free
u_00794,2026-07-10T08:08:10Z,paid_social,iOS,free
u_00795,2026-08-28T21:19:45Z,organic_search,iOS,free
u_00796,2026-08-18T11:13:02Z,paid_social,iOS,free
u_00797,2026-07-27T20:03:24Z,partner_program,iOS,standard
u_00798,2026-08-12T08:51:11Z,referral,iOS,standard
u_00799,2026-08-18T06:06:33Z,paid_social,Web,free
u_00800,2026-07-30T09:18:56Z,paid_social,Android,standard
u_00801,2026-08-01T00:24:14Z,organic_search,Web,standard
u_00802,2026-09-21T19:02:53Z,referral,iOS,free
u_00803,2026-07-06T17:03:47Z,organic_search,Android,standard
u_00804,2026-09-28T16:45:34Z,paid_social,Android,standard
u_00805,2026-09-27T10:38:57Z,organic_search,iOS,free
u_00806,2026-08-20T00:43:25Z,organic_search,iOS,free
u_00807,2026-09-02T18:02:11Z,paid_social,iOS,free
u_00808,2026-07-03T12:11:03Z,paid_social,Web,free
u_00809,2026-09-04T22:14:17Z,referral,Android,free
u_00810,2026-09-02T05:11:25Z,organic_search,iOS,standard
u_00811,2026-09-16T18:00:46Z,paid_social,Android,standard
u_00812,2026-08-28T11:43:14Z,organic_search,Android,free
u_00813,2026-08-07T00:29:33Z,partner_program,Android,free
u_00814,2026-09-19T08:08:11Z,partner_program,Android,standard
u_00815,2026-09-02T11:52:32Z,organic_search,Web,free
u_00816,2026-08-22T14:39:09Z,organic_search,iOS,free
u_00817,2026-07-28T16:39:31Z,referral,Web,free
u_00818,2026-07-04T01:44:51Z,organic_search,iOS,free
u_00819,2026-09-04T14:48:07Z,partner_program,Web,free
u_00820,2026-09-24T17:30:28Z,organic_search,Android,free
u_00821,2026-07-09T07:47:29Z,paid_social,Android,premium
u_00822,2026-08-05T09:13:56Z,organic_search,iOS,free
u_00823,2026-07-17T06:35:34Z,paid_social,Android,free
u_00824,2026-07-16T02:25:42Z,organic_search,iOS,standard
u_00825,2026-09-14T00:46:55Z,paid_social,iOS,free
u_00826,2026-07-30T05:00:54Z,organic_search,Web,standard
u_00827,2026-08-03T07:30:06Z,organic_search,iOS,free
u_00828,2026-08-21T15:40:56Z,referral,Web,standard
u_00829,2026-07-01T17:22:11Z,paid_social,Android,free
u_00830,2026-07-06T23:46:18Z,paid_social,Android,free
u_00831,2026-07-06T13:03:25Z,partner_program,Android,free
u_00832,2026-09-15T17:38:22Z,paid_social,iOS,free
u_00833,2026-07-22T11:17:16Z,paid_social,Android,free
u_00834,2026-08-19T18:25:48Z,paid_social,iOS,free
u_00835,2026-09-18T11:44:00Z,organic_search,Android,standard
u_00836,2026-07-03T12:00:57Z,organic_search,iOS,free
u_00837,2026-09-28T22:40:48Z,paid_social,Web,free
u_00838,2026-07-09T21:16:19Z,paid_social,iOS,standard
u_00839,2026-07-11T15:57:54Z,organic_search,Android,free
u_00840,2026-08-31T01:28:18Z,paid_social,Android,free
u_00841,2026-08-02T08:23:46Z,referral,Web,free
u_00842,2026-08-08T07:50:44Z,paid_social,iOS,standard
u_00843,2026-07-28T18:22:43Z,organic_search,iOS,free
u_00844,2026-07-23T20:45:25Z,paid_social,iOS,standard
u_00845,2026-09-11T20:55:49Z,paid_social,Android,free
u_00846,2026-08-24T23:12:39Z,organic_search,iOS,standard
u_00847,2026-09-15T02:20:52Z,paid_social,iOS,premium
u_00848,2026-08-21T00:12:24Z,paid_social,Android,standard
u_00849,2026-07-05T04:15:16Z,paid_social,iOS,free
u_00850,2026-09-07T20:15:49Z,paid_social,iOS,free
u_00851,2026-08-20T00:15:44Z,paid_social,Android,free
u_00852,2026-08-05T13:19:34Z,organic_search,Android,standard
u_00853,2026-08-25T14:18:52Z,paid_social,iOS,standard
u_00854,2026-09-10T16:36:07Z,referral,iOS,free
u_00855,2026-08-12T21:25:15Z,paid_social,Web,premium
u_00856,2026-08-05T19:20:18Z,organic_search,Web,free
u_00857,2026-07-23T12:38:30Z,paid_social,Android,free
u_00858,2026-09-26T11:59:08Z,paid_social,Android,premium
u_00859,2026-08-07T04:43:34Z,partner_program,iOS,standard
u_00860,2026-08-18T22:02:24Z,organic_search,Web,standard
u_00861,2026-08-13T08:21:48Z,referral,Web,standard
u_00862,2026-07-10T09:21:12Z,organic_search,Android,free
u_00863,2026-07-22T23:26:28Z,paid_social,Web,free
u_00864,2026-08-17T03:17:15Z,partner_program,iOS,premium
u_00865,2026-09-15T22:21:18Z,organic_search,iOS,standard
u_00866,2026-07-12T18:01:38Z,partner_program,Android,standard
u_00867,2026-09-07T20:06:30Z,paid_social,iOS,standard
u_00868,2026-07-09T03:40:37Z,partner_program,Android,free
u_00869,2026-09-20T22:17:23Z,referral,Web,standard
u_00870,2026-09-04T02:32:41Z,referral,Android,free
u_00871,2026-07-06T16:36:15Z,referral,Android,free
u_00872,2026-08-26T01:25:08Z,referral,iOS,free
u_00873,2026-09-01T04:34:18Z,referral,iOS,standard
u_00874,2026-09-25T01:25:15Z,referral,iOS,free
u_00875,2026-07-18T15:56:39Z,partner_program,Web,free
u_00876,2026-08-07T10:29:27Z,partner_program,Android,standard
u_00877,2026-08-30T18:08:48Z,partner_program,iOS,standard
u_00878,2026-09-14T13:43:03Z,organic_search,Android,free
u_00879,2026-07-06T01:10:39Z,referral,iOS,free
u_00880,2026-08-06T20:24:43Z,paid_social,Web,free
u_00881,2026-09-10T14:59:39Z,paid_social,Android,standard
u_00882,2026-08-18T18:39:52Z,organic_search,iOS,free
u_00883,2026-09-14T12:39:27Z,partner_program,Web,premium
u_00884,2026-09-05T21:35:10Z,partner_program,Web,free
u_00885,2026-09-14T20:44:18Z,referral,iOS,free
u_00886,2026-07-04T17:21:34Z,paid_social,Web,standard
u_00887,2026-08-16T06:21:18Z,referral,Web,free
u_00888,2026-09-21T22:39:34Z,referral,Web,free
u_00889,2026-08-15T23:39:24Z,organic_search,iOS,free
u_00890,2026-09-24T02:32:16Z,paid_social,Android,premium
u_00891,2026-09-11T13:45:48Z,referral,iOS,free
u_00892,2026-07-10T22:09:49Z,referral,Android,premium
u_00893,2026-07-17T09:39:04Z,referral,Web,free
u_00894,2026-07-05T22:21:42Z,paid_social,iOS,free
u_00895,2026-09-06T19:40:00Z,referral,iOS,standard
u_00896,2026-09-03T06:39:09Z,paid_social,Android,free
u_00897,2026-09-15T01:16:47Z,referral,Android,free
u_00898,2026-08-11T16:22:56Z,paid_social,iOS,free
u_00899,2026-08-07T20:55:51Z,referral,Android,free
u_00900,2026-09-28T05:09:47Z,referral,iOS,free
u_00901,2026-07-15T19:23:42Z,organic_search,Android,free
u_00902,2026-08-09T03:37:25Z,partner_program,iOS,free
u_00903,2026-09-21T22:44:13Z,organic_search,Android,free
u_00904,2026-08-25T15:20:27Z,partner_program,Web,standard
u_00905,2026-09-01T00:50:48Z,paid_social,Android,standard
u_00906,2026-08-15T07:35:24Z,referral,iOS,free
u_00907,2026-08-17T21:17:40Z,organic_search,iOS,standard
u_00908,2026-07-05T23:16:42Z,referral,Android,standard
u_00909,2026-07-22T11:58:57Z,organic_search,Web,free
u_00910,2026-08-27T07:49:07Z,paid_social,Android,free
u_00911,2026-07-03T19:34:48Z,partner_program,Web,standard
u_00912,2026-07-11T17:55:17Z,referral,Android,free
u_00913,2026-08-03T00:22:45Z,paid_social,iOS,standard
u_00914,2026-08-29T13:22:55Z,organic_search,iOS,free
u_00915,2026-09-22T02:56:05Z,referral,Web,free
u_00916,2026-09-22T09:08:23Z,organic_search,iOS,standard
u_00917,2026-07-03T06:53:15Z,partner_program,Web,free
u_00918,2026-09-03T04:40:15Z,partner_program,iOS,free
u_00919,2026-07-01T20:48:33Z,organic_search,Android,free
u_00920,2026-07-19T03:59:01Z,paid_social,Android,standard
u_00921,2026-08-10T02:05:31Z,paid_social,Android,free
u_00922,2026-09-09T15:39:41Z,organic_search,Web,free
u_00923,2026-07-12T19:38:17Z,paid_social,Android,free
u_00924,2026-07-27T17:35:36Z,referral,iOS,free
u_00925,2026-08-03T09:45:52Z,partner_program,iOS,free
u_00926,2026-09-23T22:37:12Z,organic_search,iOS,standard
u_00927,2026-09-24T20:04:34Z,organic_search,Android,standard
u_00928,2026-09-11T05:34:52Z,referral,Android,free
u_00929,2026-08-29T07:15:49Z,referral,Web,standard
u_00930,2026-08-14T07:11:38Z,referral,iOS,free
u_00931,2026-07-18T09:02:02Z,paid_social,iOS,standard
u_00932,2026-08-20T19:45:13Z,organic_search,iOS,free
u_00933,2026-09-22T21:36:53Z,paid_social,Android,standard
u_00934,2026-09-03T13:26:56Z,referral,Android,standard
u_00935,2026-08-18T15:07:25Z,paid_social,iOS,free
u_00936,2026-09-03T17:11:56Z,referral,iOS,standard
u_00937,2026-09-13T18:14:22Z,organic_search,iOS,free
u_00938,2026-08-21T06:53:01Z,paid_social,Web,standard
u_00939,2026-09-15T01:36:32Z,partner_program,Web,free
u_00940,2026-09-28T04:15:21Z,paid_social,iOS,free
u_00941,2026-08-07T05:37:04Z,paid_social,Android,standard
u_00942,2026-09-12T09:26:38Z,referral,Android,standard
u_00943,2026-07-10T18:18:14Z,paid_social,Web,standard
u_00944,2026-09-01T09:31:02Z,referral,Android,standard
u_00945,2026-07-07T17:44:18Z,partner_program,iOS,free
u_00946,2026-08-21T09:20:40Z,organic_search,Android,standard
u_00947,2026-07-28T14:44:33Z,paid_social,Android,free
u_00948,2026-08-21T10:44:04Z,organic_search,Android,free
u_00949,2026-07-26T09:34:02Z,paid_social,iOS,free
u_00950,2026-07-31T15:42:07Z,paid_social,Android,free
u_00951,2026-08-22T20:29:15Z,organic_search,iOS,standard
u_00952,2026-07-14T15:57:51Z,paid_social,iOS,free
u_00953,2026-08-16T03:58:58Z,paid_social,iOS,standard
u_00954,2026-08-04T09:09:04Z,paid_social,Web,standard
u_00955,2026-09-17T11:54:15Z,paid_social,iOS,free
u_00956,2026-09-17T04:17:56Z,organic_search,Web,free
u_00957,2026-07-15T19:13:36Z,paid_social,Android,standard
u_00958,2026-09-23T09:26:21Z,paid_social,Android,free
u_00959,2026-09-17T00:35:40Z,organic_search,iOS,standard
u_00960,2026-08-20T17:01:45Z,partner_program,iOS,standard
u_00961,2026-08-12T07:27:54Z,paid_social,iOS,premium
u_00962,2026-07-28T05:59:31Z,referral,Android,standard
u_00963,2026-07-13T07:59:18Z,referral,Android,free
u_00964,2026-08-15T12:37:21Z,referral,iOS,free
u_00965,2026-09-28T09:41:58Z,referral,iOS,free
u_00966,2026-07-02T10:08:46Z,paid_social,iOS,free
u_00967,2026-08-16T12:17:41Z,paid_social,iOS,standard
u_00968,2026-09-11T10:16:53Z,paid_social,iOS,premium
u_00969,2026-07-28T03:16:47Z,paid_social,Web,standard
u_00970,2026-08-05T21:34:18Z,paid_social,Android,standard
u_00971,2026-08-11T19:11:08Z,organic_search,Android,free
u_00972,2026-07-17T01:22:13Z,paid_social,Web,free
u_00973,2026-08-17T06:09:55Z,paid_social,Web,free
u_00974,2026-07-28T20:15:56Z,partner_program,iOS,free
u_00975,2026-07-17T18:29:58Z,paid_social,Android,free
u_00976,2026-09-28T00:47:25Z,paid_social,Android,free
u_00977,2026-07-21T02:36:01Z,organic_search,iOS,standard
u_00978,2026-07-08T13:36:50Z,referral,Android,standard
u_00979,2026-08-09T15:40:00Z,organic_search,Android,standard
u_00980,2026-09-21T00:38:36Z,organic_search,Android,standard
u_00981,2026-08-15T10:41:10Z,partner_program,Android,free
u_00982,2026-07-08T16:12:29Z,referral,Android,free
u_00983,2026-07-14T01:10:22Z,referral,iOS,free
u_00984,2026-09-06T14:27:16Z,referral,iOS,standard
u_00985,2026-08-01T15:44:41Z,organic_search,iOS,free
u_00986,2026-07-09T15:18:25Z,paid_social,Android,standard
u_00987,2026-07-20T08:26:01Z,paid_social,iOS,standard
u_00988,2026-07-29T05:11:57Z,paid_social,Android,free
u_00989,2026-09-14T17:01:48Z,organic_search,iOS,premium
u_00990,2026-08-18T16:18:27Z,referral,iOS,standard
u_00991,2026-09-08T00:13:51Z,partner_program,iOS,standard
u_00992,2026-08-24T02:51:23Z,paid_social,iOS,standard
u_00993,2026-07-23T15:21:29Z,partner_program,Web,standard
u_00994,2026-07-30T13:42:53Z,organic_search,iOS,premium
u_00995,2026-09-04T19:08:04Z,organic_search,iOS,free
u_00996,2026-09-20T03:58:41Z,organic_search,iOS,standard
u_00997,2026-07-05T04:59:21Z,paid_social,iOS,standard
u_00998,2026-09-01T10:02:37Z,partner_program,Web,standard
u_00999,2026-07-23T10:25:49Z,referral,Android,free
u_01000,2026-09-22T16:11:52Z,paid_social,iOS,free
u_01001,2026-08-24T01:17:50Z,paid_social,iOS,standard
u_01002,2026-09-25T23:22:45Z,paid_social,Android,free
u_01003,2026-07-23T05:16:47Z,paid_social,Android,free
u_01004,2026-09-12T03:06:17Z,paid_social,iOS,free
u_01005,2026-08-28T11:51:45Z,organic_search,iOS,free
u_01006,2026-07-25T12:32:50Z,referral,iOS,standard
u_01007,2026-08-03T14:40:13Z,partner_program,Web,standard
u_01008,2026-07-05T04:33:50Z,organic_search,iOS,standard
u_01009,2026-09-09T09:08:14Z,paid_social,Android,standard
u_01010,2026-09-07T05:01:34Z,organic_search,iOS,free
u_01011,2026-08-22T01:48:36Z,referral,Android,free
u_01012,2026-09-08T17:15:18Z,paid_social,iOS,standard
u_01013,2026-07-29T19:33:39Z,paid_social,Android,free
u_01014,2026-08-07T07:42:00Z,organic_search,Web,standard
u_01015,2026-09-07T11:07:29Z,paid_social,Web,free
u_01016,2026-07-18T17:56:49Z,partner_program,iOS,premium
u_01017,2026-08-11T16:25:05Z,paid_social,Web,premium
u_01018,2026-08-28T13:21:59Z,paid_social,iOS,free
u_01019,2026-07-27T22:20:13Z,organic_search,iOS,standard
u_01020,2026-07-23T22:07:56Z,organic_search,iOS,free
u_01021,2026-07-11T06:35:22Z,partner_program,Android,free
u_01022,2026-07-09T07:33:04Z,organic_search,Web,free
u_01023,2026-09-23T09:33:01Z,paid_social,Web,free
u_01024,2026-07-10T16:58:11Z,organic_search,Android,free
u_01025,2026-07-12T04:38:50Z,referral,Android,free
u_01026,2026-09-18T23:33:02Z,paid_social,Web,free
u_01027,2026-07-19T20:50:37Z,paid_social,iOS,free
u_01028,2026-08-26T13:30:06Z,paid_social,Android,free
u_01029,2026-07-28T03:34:53Z,organic_search,Web,standard
u_01030,2026-08-05T13:37:38Z,referral,iOS,standard
u_01031,2026-08-25T16:54:19Z,referral,Android,standard
u_01032,2026-09-17T03:34:49Z,paid_social,iOS,free
u_01033,2026-08-18T02:50:08Z,partner_program,iOS,free
u_01034,2026-09-13T05:51:31Z,paid_social,iOS,standard
u_01035,2026-09-15T21:03:24Z,referral,Web,free
u_01036,2026-07-06T04:03:46Z,paid_social,iOS,free
u_01037,2026-08-07T14:06:55Z,paid_social,iOS,free
u_01038,2026-08-02T13:51:19Z,organic_search,Android,premium
u_01039,2026-07-19T21:55:03Z,organic_search,Web,standard
u_01040,2026-08-20T17:14:00Z,referral,Android,premium
u_01041,2026-09-09T11:19:22Z,partner_program,iOS,standard
u_01042,2026-07-29T21:56:33Z,paid_social,iOS,standard
u_01043,2026-07-15T23:40:44Z,organic_search,Android,standard
u_01044,2026-07-21T23:45:50Z,paid_social,iOS,free
u_01045,2026-07-30T12:55:37Z,partner_program,Android,free
u_01046,2026-07-02T22:59:04Z,paid_social,iOS,free
u_01047,2026-08-28T21:00:25Z,referral,iOS,standard
u_01048,2026-07-15T12:35:08Z,paid_social,Web,premium
u_01049,2026-08-31T21:56:11Z,paid_social,Android,free
u_01050,2026-09-10T17:50:14Z,paid_social,iOS,standard
u_01051,2026-07-11T06:10:17Z,paid_social,iOS,free
u_01052,2026-08-18T20:06:31Z,referral,Web,free
u_01053,2026-07-15T13:46:20Z,referral,Web,standard
u_01054,2026-09-12T04:39:44Z,paid_social,Android,free
u_01055,2026-08-28T16:19:16Z,partner_program,Web,free
u_01056,2026-07-09T17:14:03Z,paid_social,Android,standard
u_01057,2026-09-06T05:47:27Z,referral,iOS,free
u_01058,2026-08-14T01:27:25Z,paid_social,Android,standard
u_01059,2026-08-19T14:30:28Z,organic_search,Android,premium
u_01060,2026-09-10T22:16:24Z,organic_search,Web,standard
u_01061,2026-09-12T03:21:54Z,paid_social,Android,premium
u_01062,2026-07-05T11:20:57Z,organic_search,iOS,premium
u_01063,2026-07-09T14:51:38Z,paid_social,iOS,premium
u_01064,2026-09-13T15:21:52Z,organic_search,iOS,standard
u_01065,2026-07-26T17:53:46Z,organic_search,iOS,standard
u_01066,2026-07-08T15:46:07Z,paid_social,Web,free
u_01067,2026-07-30T01:54:29Z,organic_search,Web,free
u_01068,2026-09-06T07:37:08Z,organic_search,iOS,free
u_01069,2026-07-09T13:58:28Z,organic_search,Android,premium
u_01070,2026-07-30T10:27:31Z,partner_program,Android,free
u_01071,2026-08-01T17:48:57Z,partner_program,Web,premium
u_01072,2026-09-16T00:06:34Z,organic_search,Android,standard
u_01073,2026-08-12T18:57:27Z,paid_social,Android,free
u_01074,2026-08-04T01:32:49Z,partner_program,Web,free
u_01075,2026-07-23T03:35:49Z,paid_social,Android,standard
u_01076,2026-09-21T00:07:10Z,partner_program,Web,premium
u_01077,2026-07-28T04:25:24Z,partner_program,Android,free
u_01078,2026-08-27T16:09:06Z,partner_program,Android,free
u_01079,2026-09-07T10:40:46Z,paid_social,Android,free
u_01080,2026-08-10T09:20:13Z,organic_search,Android,free
u_01081,2026-07-29T15:25:14Z,referral,iOS,free
u_01082,2026-09-21T04:57:35Z,partner_program,Web,free
u_01083,2026-09-13T15:33:45Z,organic_search,iOS,free
u_01084,2026-09-09T20:45:30Z,partner_program,Web,standard
u_01085,2026-09-14T05:10:25Z,referral,iOS,standard
u_01086,2026-07-25T05:31:51Z,referral,iOS,free
u_01087,2026-07-13T05:52:02Z,partner_program,Android,free
u_01088,2026-09-18T07:40:07Z,partner_program,Android,free
u_01089,2026-09-21T09:49:58Z,partner_program,iOS,free
u_01090,2026-07-07T19:34:41Z,paid_social,iOS,standard
u_01091,2026-08-18T17:21:55Z,referral,Android,free
u_01092,2026-07-09T20:51:29Z,organic_search,Web,standard
u_01093,2026-09-20T15:47:14Z,paid_social,Android,free
u_01094,2026-07-31T00:10:13Z,paid_social,Web,free
u_01095,2026-07-08T14:36:40Z,referral,iOS,standard
u_01096,2026-07-25T05:59:34Z,referral,Web,premium
u_01097,2026-09-12T18:15:46Z,partner_program,Web,free
u_01098,2026-07-29T11:08:53Z,organic_search,Web,free
u_01099,2026-08-05T20:59:44Z,referral,Android,free
u_01100,2026-09-21T09:21:57Z,organic_search,iOS,free
u_01101,2026-07-24T02:00:19Z,paid_social,Android,premium
u_01102,2026-08-05T14:51:12Z,paid_social,Web,premium
u_01103,2026-07-15T04:04:42Z,organic_search,iOS,premium
u_01104,2026-09-24T01:18:02Z,paid_social,Android,free
u_01105,2026-07-27T15:22:57Z,partner_program,Android,free
u_01106,2026-08-30T17:03:04Z,referral,Web,standard
u_01107,2026-09-03T14:17:20Z,referral,iOS,free
u_01108,2026-07-25T23:56:32Z,paid_social,Android,standard
u_01109,2026-09-11T07:57:00Z,partner_program,Web,free
u_01110,2026-08-10T06:36:27Z,organic_search,iOS,free
u_01111,2026-08-26T16:32:00Z,organic_search,Web,free
u_01112,2026-09-23T12:57:18Z,organic_search,iOS,premium
u_01113,2026-07-25T17:18:46Z,paid_social,Android,standard
u_01114,2026-09-07T13:42:30Z,paid_social,Android,free
u_01115,2026-08-20T01:21:49Z,organic_search,iOS,free
u_01116,2026-07-07T18:38:44Z,partner_program,Android,free
u_01117,2026-08-03T14:16:59Z,organic_search,iOS,free
u_01118,2026-07-16T11:11:10Z,paid_social,iOS,free
u_01119,2026-07-07T17:04:52Z,organic_search,Web,free
u_01120,2026-09-11T02:58:15Z,organic_search,iOS,premium
u_01121,2026-07-17T01:06:34Z,organic_search,Android,free
u_01122,2026-07-07T20:27:21Z,paid_social,Android,standard
u_01123,2026-07-06T18:47:06Z,paid_social,Android,standard
u_01124,2026-08-11T07:29:25Z,paid_social,iOS,standard
u_01125,2026-09-08T23:34:24Z,paid_social,Android,standard
u_01126,2026-09-25T01:51:50Z,organic_search,iOS,free
u_01127,2026-07-21T02:18:30Z,partner_program,Android,free
u_01128,2026-07-17T07:08:06Z,referral,Android,free
u_01129,2026-08-29T16:07:39Z,partner_program,Web,free
u_01130,2026-07-16T17:03:29Z,partner_program,Android,free
u_01131,2026-09-27T08:11:13Z,partner_program,iOS,free
u_01132,2026-09-01T00:06:17Z,partner_program,Android,free
u_01133,2026-08-15T19:33:47Z,partner_program,Android,free
u_01134,2026-09-13T04:10:14Z,referral,Android,standard
u_01135,2026-07-06T22:32:40Z,partner_program,Web,standard
u_01136,2026-07-13T03:26:21Z,partner_program,Android,standard
u_01137,2026-07-26T05:52:54Z,paid_social,Web,free
u_01138,2026-09-07T09:18:47Z,organic_search,Android,standard
u_01139,2026-09-12T22:00:01Z,paid_social,Android,free
u_01140,2026-07-06T05:04:33Z,paid_social,iOS,standard
u_01141,2026-08-23T16:09:56Z,partner_program,iOS,free
u_01142,2026-07-23T08:30:54Z,partner_program,iOS,free
u_01143,2026-09-12T00:48:32Z,paid_social,iOS,free
u_01144,2026-09-09T19:23:16Z,organic_search,Android,free
u_01145,2026-09-27T16:15:08Z,referral,Android,free
u_01146,2026-07-12T12:26:21Z,referral,Android,free
u_01147,2026-07-09T12:20:35Z,paid_social,Android,free
u_01148,2026-08-10T22:53:54Z,partner_program,Android,standard
u_01149,2026-08-20T17:07:03Z,paid_social,Android,free
u_01150,2026-09-18T13:20:57Z,organic_search,Android,premium
u_01151,2026-08-01T14:41:52Z,paid_social,iOS,free
u_01152,2026-07-11T23:18:45Z,paid_social,Android,free
u_01153,2026-08-16T13:16:20Z,paid_social,iOS,standard
u_01154,2026-07-25T16:11:40Z,organic_search,Android,free
u_01155,2026-07-25T19:17:45Z,referral,iOS,standard
u_01156,2026-07-08T02:26:03Z,organic_search,Android,free
u_01157,2026-07-28T06:34:23Z,organic_search,Android,free
u_01158,2026-07-15T16:42:24Z,partner_program,Web,premium
u_01159,2026-07-27T01:43:21Z,paid_social,Android,premium
u_01160,2026-08-12T01:31:56Z,paid_social,iOS,standard
u_01161,2026-08-01T22:50:13Z,referral,Android,standard
u_01162,2026-07-13T07:30:13Z,partner_program,iOS,standard
u_01163,2026-08-13T09:59:36Z,paid_social,iOS,standard
u_01164,2026-07-04T06:36:54Z,paid_social,iOS,free
u_01165,2026-07-09T00:43:47Z,paid_social,Android,free
u_01166,2026-07-12T10:24:03Z,referral,iOS,premium
u_01167,2026-08-01T14:53:02Z,paid_social,Web,standard
u_01168,2026-09-03T17:29:22Z,organic_search,Android,free
u_01169,2026-08-19T11:47:51Z,paid_social,Android,standard
u_01170,2026-08-13T22:57:39Z,referral,iOS,free
u_01171,2026-07-12T00:38:07Z,organic_search,iOS,free
u_01172,2026-07-13T22:37:12Z,organic_search,Android,standard
u_01173,2026-07-19T00:36:43Z,referral,Web,standard
u_01174,2026-08-23T02:47:15Z,referral,Android,free
u_01175,2026-09-09T14:47:57Z,organic_search,Web,premium
u_01176,2026-07-27T20:49:59Z,organic_search,Android,standard
u_01177,2026-09-02T03:24:09Z,organic_search,Web,free
u_01178,2026-07-19T20:19:29Z,organic_search,Web,free
u_01179,2026-09-22T09:45:21Z,referral,iOS,free
u_01180,2026-09-15T13:53:58Z,paid_social,Android,free
u_01181,2026-07-21T01:37:09Z,partner_program,Web,standard
u_01182,2026-08-01T08:00:49Z,referral,Android,free
u_01183,2026-08-20T21:11:42Z,organic_search,Android,free
u_01184,2026-07-27T04:30:15Z,paid_social,iOS,standard
u_01185,2026-07-31T17:48:08Z,organic_search,iOS,premium
u_01186,2026-09-10T03:17:29Z,paid_social,Android,standard
u_01187,2026-09-19T00:47:19Z,referral,Android,standard
u_01188,2026-07-11T00:33:40Z,organic_search,Android,premium
u_01189,2026-07-30T04:48:14Z,organic_search,iOS,standard
u_01190,2026-08-14T07:11:22Z,referral,iOS,free
u_01191,2026-08-02T13:33:29Z,partner_program,Web,free
u_01192,2026-08-20T22:26:18Z,organic_search,iOS,premium
u_01193,2026-09-16T07:38:00Z,paid_social,Android,standard
u_01194,2026-08-01T06:36:03Z,partner_program,iOS,free
u_01195,2026-09-01T07:55:39Z,organic_search,iOS,standard
u_01196,2026-07-04T20:49:54Z,organic_search,Web,standard
u_01197,2026-09-15T00:17:21Z,paid_social,Web,premium
u_01198,2026-08-29T21:58:10Z,paid_social,Web,standard
u_01199,2026-08-10T00:47:48Z,referral,iOS,standard
u_01200,2026-08-31T23:10:05Z,paid_social,Android,free
u_01201,2026-09-23T22:40:07Z,paid_social,Android,standard
u_01202,2026-08-09T21:05:53Z,organic_search,iOS,free
u_01203,2026-07-22T23:22:43Z,referral,Web,standard
u_01204,2026-07-03T20:42:59Z,organic_search,Web,free
u_01205,2026-07-07T16:36:25Z,organic_search,iOS,free
u_01206,2026-08-13T15:33:04Z,organic_search,Android,standard
u_01207,2026-09-15T01:39:06Z,referral,Web,free
u_01208,2026-08-17T20:01:34Z,paid_social,Android,standard
u_01209,2026-08-09T12:33:43Z,paid_social,Web,free
u_01210,2026-09-20T01:11:50Z,paid_social,Web,standard
u_01211,2026-08-07T12:22:53Z,organic_search,iOS,standard
u_01212,2026-07-23T21:00:37Z,organic_search,Web,free
u_01213,2026-08-15T17:21:37Z,referral,iOS,free
u_01214,2026-09-10T15:48:44Z,organic_search,iOS,free
u_01215,2026-07-13T12:55:17Z,organic_search,Android,free
u_01216,2026-07-05T11:21:17Z,referral,iOS,free
u_01217,2026-08-09T14:52:50Z,paid_social,Web,premium
u_01218,2026-09-09T01:33:13Z,partner_program,iOS,standard
u_01219,2026-08-14T08:12:52Z,referral,Android,standard
u_01220,2026-08-29T08:18:01Z,organic_search,Web,free
u_01221,2026-09-04T13:30:02Z,partner_program,Web,free
u_01222,2026-08-20T10:45:12Z,paid_social,Android,free
u_01223,2026-09-28T07:53:27Z,paid_social,iOS,free
u_01224,2026-07-30T14:16:24Z,paid_social,Android,free
u_01225,2026-07-29T06:20:12Z,partner_program,Android,free
u_01226,2026-07-02T16:17:52Z,paid_social,Web,free
u_01227,2026-09-07T00:53:30Z,organic_search,Android,free
u_01228,2026-07-03T00:50:31Z,paid_social,iOS,standard
u_01229,2026-09-28T07:05:38Z,partner_program,Android,standard
u_01230,2026-08-10T11:18:41Z,paid_social,Web,free
u_01231,2026-08-01T00:09:40Z,paid_social,Android,free
u_01232,2026-07-26T02:12:25Z,partner_program,Android,free
u_01233,2026-09-10T01:41:30Z,organic_search,Web,free
u_01234,2026-08-25T09:20:34Z,referral,Android,free
u_01235,2026-08-12T09:49:41Z,referral,Android,free
u_01236,2026-08-19T16:32:09Z,partner_program,Web,standard
u_01237,2026-08-08T21:49:02Z,paid_social,Android,standard
u_01238,2026-07-16T22:22:14Z,organic_search,Android,standard
u_01239,2026-09-01T04:46:40Z,referral,Android,free
u_01240,2026-09-10T05:00:26Z,organic_search,Web,standard
u_01241,2026-08-14T23:49:26Z,paid_social,iOS,free
u_01242,2026-09-25T20:32:35Z,referral,Android,free
u_01243,2026-08-17T14:38:26Z,partner_program,iOS,premium
u_01244,2026-07-12T05:32:47Z,referral,Android,free
u_01245,2026-09-06T18:11:57Z,organic_search,Web,free
u_01246,2026-08-05T21:36:38Z,paid_social,Android,standard
u_01247,2026-08-07T23:16:46Z,paid_social,iOS,standard
u_01248,2026-08-21T09:14:28Z,organic_search,iOS,free
u_01249,2026-07-03T13:36:38Z,partner_program,iOS,free
u_01250,2026-09-02T02:58:45Z,referral,iOS,premium
u_01251,2026-08-18T19:26:10Z,paid_social,Android,free
u_01252,2026-08-17T12:30:02Z,organic_search,Android,free
u_01253,2026-09-17T20:12:12Z,referral,iOS,free
u_01254,2026-09-10T12:08:35Z,organic_search,Web,premium
u_01255,2026-07-02T00:37:33Z,organic_search,iOS,free
u_01256,2026-07-01T03:56:42Z,organic_search,Android,premium
u_01257,2026-09-02T17:05:55Z,paid_social,Android,free
u_01258,2026-07-21T07:17:09Z,partner_program,iOS,free
u_01259,2026-09-18T10:43:23Z,partner_program,Android,standard
u_01260,2026-08-28T11:18:10Z,paid_social,Android,free
u_01261,2026-08-13T03:52:15Z,organic_search,iOS,free
u_01262,2026-08-28T13:16:36Z,paid_social,Web,free
u_01263,2026-07-31T00:56:56Z,paid_social,iOS,standard
u_01264,2026-09-02T14:30:01Z,organic_search,iOS,standard
u_01265,2026-08-15T01:49:12Z,partner_program,iOS,standard
u_01266,2026-09-16T00:23:02Z,paid_social,iOS,standard
u_01267,2026-08-13T13:34:20Z,partner_program,Web,free
u_01268,2026-09-14T05:23:13Z,paid_social,Web,premium
u_01269,2026-07-26T07:44:08Z,referral,Android,standard
u_01270,2026-08-23T09:17:18Z,organic_search,iOS,standard
u_01271,2026-09-10T15:02:01Z,partner_program,Web,free
u_01272,2026-08-06T14:08:57Z,organic_search,Web,free
u_01273,2026-09-19T19:13:01Z,organic_search,iOS,free
u_01274,2026-08-05T17:54:04Z,referral,Web,premium
u_01275,2026-07-24T01:03:55Z,paid_social,Web,standard
u_01276,2026-09-28T07:27:51Z,organic_search,iOS,free
u_01277,2026-09-24T05:43:38Z,organic_search,iOS,free
u_01278,2026-07-24T03:07:14Z,referral,iOS,free
u_01279,2026-08-15T10:33:49Z,organic_search,iOS,premium
u_01280,2026-09-23T18:32:07Z,paid_social,Web,free
u_01281,2026-08-25T04:46:29Z,paid_social,iOS,standard
u_01282,2026-07-21T09:35:57Z,organic_search,iOS,standard
u_01283,2026-07-02T21:21:58Z,organic_search,Android,free
u_01284,2026-07-29T06:49:32Z,paid_social,Android,standard
u_01285,2026-09-25T12:09:39Z,organic_search,iOS,free
u_01286,2026-08-20T18:36:54Z,paid_social,iOS,standard
u_01287,2026-07-13T04:33:15Z,paid_social,iOS,premium
u_01288,2026-08-12T14:08:11Z,partner_program,Android,premium
u_01289,2026-08-15T12:49:30Z,referral,Android,standard
u_01290,2026-08-28T06:38:15Z,organic_search,Android,free
u_01291,2026-07-03T15:47:48Z,partner_program,Web,standard
u_01292,2026-07-16T10:31:48Z,paid_social,iOS,standard
u_01293,2026-07-26T08:24:03Z,partner_program,Android,free
u_01294,2026-08-05T10:19:29Z,partner_program,iOS,standard
u_01295,2026-09-07T07:08:09Z,paid_social,Web,standard
u_01296,2026-07-19T21:51:27Z,paid_social,Web,free
u_01297,2026-09-07T07:37:25Z,paid_social,Android,premium
u_01298,2026-07-08T16:11:14Z,paid_social,Android,free
u_01299,2026-09-18T12:51:19Z,referral,iOS,premium
u_01300,2026-08-31T09:24:23Z,paid_social,iOS,free
u_01301,2026-09-18T08:38:18Z,organic_search,Android,free
u_01302,2026-08-24T22:11:13Z,paid_social,Android,premium
u_01303,2026-09-22T13:42:58Z,paid_social,Android,free
u_01304,2026-09-04T11:41:20Z,organic_search,Android,free
u_01305,2026-07-09T04:25:38Z,referral,Android,free
u_01306,2026-08-24T14:45:47Z,paid_social,iOS,standard
u_01307,2026-08-04T14:57:53Z,partner_program,Android,free
u_01308,2026-09-09T13:01:15Z,paid_social,iOS,free
u_01309,2026-08-08T17:53:32Z,referral,Web,free
u_01310,2026-07-08T05:51:27Z,organic_search,Android,standard
u_01311,2026-08-21T12:55:14Z,organic_search,iOS,free
u_01312,2026-07-08T03:40:27Z,paid_social,iOS,free
u_01313,2026-07-30T05:46:57Z,referral,Web,free
u_01314,2026-08-30T19:34:07Z,referral,Web,standard
u_01315,2026-07-17T18:12:03Z,referral,iOS,standard
u_01316,2026-08-04T17:31:34Z,paid_social,Android,free
u_01317,2026-09-11T14:07:10Z,paid_social,iOS,premium
u_01318,2026-08-12T03:58:23Z,paid_social,Android,free
u_01319,2026-08-27T13:35:37Z,paid_social,Web,free
u_01320,2026-09-25T14:35:36Z,paid_social,Web,standard
u_01321,2026-07-10T18:09:57Z,paid_social,Web,standard
u_01322,2026-09-23T15:50:24Z,paid_social,Android,free
u_01323,2026-09-20T04:00:53Z,organic_search,iOS,free
u_01324,2026-09-04T23:23:56Z,paid_social,Web,premium
u_01325,2026-07-20T06:07:13Z,referral,iOS,standard
u_01326,2026-09-04T23:00:55Z,referral,Android,free
u_01327,2026-08-28T05:04:07Z,organic_search,Web,standard
u_01328,2026-08-11T04:32:06Z,partner_program,iOS,standard
u_01329,2026-09-16T19:18:48Z,paid_social,iOS,free
u_01330,2026-07-28T13:55:06Z,paid_social,Android,free
u_01331,2026-09-05T12:16:36Z,partner_program,Android,free
u_01332,2026-09-07T10:49:03Z,paid_social,Android,free
u_01333,2026-07-22T03:57:42Z,paid_social,iOS,premium
u_01334,2026-07-14T23:42:58Z,organic_search,Android,free
u_01335,2026-08-12T07:50:45Z,partner_program,iOS,standard
u_01336,2026-08-06T02:07:16Z,partner_program,Android,free
u_01337,2026-08-16T05:20:26Z,referral,Web,standard
u_01338,2026-07-31T05:20:05Z,organic_search,iOS,premium
u_01339,2026-08-29T07:01:24Z,referral,Web,free
u_01340,2026-08-26T15:44:11Z,partner_program,Android,standard
u_01341,2026-08-06T16:20:11Z,organic_search,iOS,free
u_01342,2026-09-11T18:11:33Z,referral,Android,free
u_01343,2026-07-10T23:05:02Z,referral,Android,free
u_01344,2026-07-08T06:42:57Z,partner_program,iOS,free
u_01345,2026-08-17T03:04:09Z,organic_search,iOS,free
u_01346,2026-08-01T00:19:18Z,organic_search,iOS,standard
u_01347,2026-08-18T15:34:25Z,organic_search,Android,free
u_01348,2026-07-12T00:22:26Z,organic_search,iOS,standard
u_01349,2026-07-19T01:50:30Z,referral,Android,free
u_01350,2026-08-25T22:27:23Z,organic_search,iOS,free
u_01351,2026-07-20T01:28:41Z,referral,Android,free
u_01352,2026-07-14T16:27:35Z,organic_search,iOS,standard
u_01353,2026-09-11T20:10:57Z,organic_search,iOS,standard
u_01354,2026-08-26T18:26:39Z,organic_search,iOS,free
u_01355,2026-08-26T13:22:45Z,paid_social,Android,standard
u_01356,2026-07-03T13:09:33Z,paid_social,iOS,standard
u_01357,2026-08-25T11:25:18Z,paid_social,iOS,free
u_01358,2026-08-25T06:51:08Z,organic_search,Android,free
u_01359,2026-07-26T08:34:13Z,referral,Web,free
u_01360,2026-08-03T17:34:32Z,organic_search,iOS,standard
u_01361,2026-09-02T01:45:28Z,paid_social,Web,standard
u_01362,2026-08-15T06:39:53Z,partner_program,iOS,standard
u_01363,2026-09-23T08:48:06Z,paid_social,Web,free
u_01364,2026-08-05T09:06:02Z,organic_search,Android,free
u_01365,2026-09-11T03:28:13Z,organic_search,iOS,premium
u_01366,2026-09-18T16:13:18Z,referral,iOS,free
u_01367,2026-07-15T14:52:57Z,referral,Android,free
u_01368,2026-08-12T20:13:46Z,organic_search,Android,standard
u_01369,2026-07-19T00:02:46Z,partner_program,iOS,free
u_01370,2026-09-24T19:35:08Z,referral,iOS,free
u_01371,2026-08-17T21:57:01Z,organic_search,Web,premium
u_01372,2026-08-12T17:06:33Z,paid_social,Android,standard
u_01373,2026-08-11T05:26:34Z,partner_program,Android,standard
u_01374,2026-07-04T13:52:32Z,organic_search,Android,free
u_01375,2026-08-07T06:06:52Z,organic_search,Android,free
u_01376,2026-07-13T11:35:59Z,partner_program,iOS,standard
u_01377,2026-09-14T22:11:27Z,paid_social,Android,free
u_01378,2026-08-25T17:49:16Z,organic_search,iOS,free
u_01379,2026-07-04T09:36:05Z,paid_social,Web,free
u_01380,2026-07-22T12:43:41Z,organic_search,iOS,free
u_01381,2026-07-10T08:59:05Z,organic_search,Web,premium
u_01382,2026-08-15T16:02:37Z,partner_program,Android,free
u_01383,2026-09-12T11:00:49Z,referral,iOS,premium
u_01384,2026-09-18T12:39:33Z,paid_social,Web,free
u_01385,2026-08-19T16:37:19Z,organic_search,iOS,premium
u_01386,2026-09-12T20:46:13Z,organic_search,iOS,standard
u_01387,2026-07-26T09:16:22Z,paid_social,Android,free
u_01388,2026-08-19T09:30:06Z,partner_program,Android,free
u_01389,2026-07-28T22:05:51Z,referral,iOS,free
u_01390,2026-07-16T08:18:14Z,partner_program,iOS,standard
u_01391,2026-09-22T05:58:31Z,referral,iOS,free
u_01392,2026-08-18T17:56:00Z,referral,iOS,free
u_01393,2026-09-13T02:22:38Z,partner_program,Web,standard
u_01394,2026-08-24T11:55:48Z,paid_social,iOS,free
u_01395,2026-08-02T01:45:10Z,organic_search,Android,free
u_01396,2026-07-17T07:46:38Z,referral,Android,standard
u_01397,2026-09-17T20:33:23Z,paid_social,Web,free
u_01398,2026-07-31T23:00:59Z,paid_social,Android,standard
u_01399,2026-09-23T02:41:03Z,partner_program,Android,free
u_01400,2026-07-19T23:44:16Z,referral,iOS,standard
u_01401,2026-07-12T22:43:33Z,referral,Android,standard
u_01402,2026-09-28T06:34:20Z,organic_search,iOS,premium
u_01403,2026-09-24T13:45:03Z,referral,iOS,free
u_01404,2026-09-03T04:43:39Z,paid_social,iOS,standard
u_01405,2026-07-07T21:49:42Z,referral,iOS,standard
u_01406,2026-07-05T13:56:59Z,paid_social,Web,free
u_01407,2026-09-28T11:18:10Z,paid_social,iOS,standard
u_01408,2026-09-28T21:09:09Z,organic_search,iOS,standard
u_01409,2026-07-02T16:02:45Z,paid_social,Android,free
u_01410,2026-09-03T08:09:06Z,referral,Android,free
u_01411,2026-07-17T06:25:14Z,paid_social,Web,premium
u_01412,2026-08-07T05:47:00Z,paid_social,Web,free
u_01413,2026-08-18T19:08:20Z,organic_search,Android,free
u_01414,2026-07-14T09:48:01Z,paid_social,Android,free
u_01415,2026-07-16T04:32:34Z,paid_social,Android,free
u_01416,2026-08-08T13:33:48Z,partner_program,Android,standard
u_01417,2026-08-19T19:29:51Z,organic_search,Android,free
u_01418,2026-09-25T02:06:20Z,paid_social,iOS,standard
u_01419,2026-09-04T19:06:54Z,paid_social,iOS,standard
u_01420,2026-09-24T14:26:35Z,organic_search,iOS,standard
u_01421,2026-07-17T08:31:17Z,paid_social,Web,free
u_01422,2026-09-08T15:22:08Z,paid_social,iOS,standard
u_01423,2026-07-20T13:06:26Z,referral,Android,free
u_01424,2026-09-12T02:58:35Z,partner_program,iOS,standard
u_01425,2026-08-05T19:42:17Z,paid_social,Web,free
u_01426,2026-07-04T19:43:02Z,paid_social,Android,free
u_01427,2026-08-09T16:08:07Z,paid_social,Android,free
u_01428,2026-09-22T18:00:59Z,referral,Web,premium
u_01429,2026-08-13T12:33:21Z,referral,Web,standard
u_01430,2026-07-31T06:21:42Z,paid_social,Android,free
u_01431,2026-08-03T04:20:28Z,referral,iOS,standard
u_01432,2026-08-30T04:18:01Z,partner_program,iOS,free
u_01433,2026-08-08T19:12:06Z,paid_social,iOS,standard
u_01434,2026-09-26T18:04:12Z,referral,Web,premium
u_01435,2026-07-15T10:46:38Z,paid_social,Android,free
u_01436,2026-08-22T05:00:12Z,referral,Web,free
u_01437,2026-07-13T18:56:21Z,organic_search,Android,standard
u_01438,2026-07-26T19:35:45Z,organic_search,Android,free
u_01439,2026-09-08T09:25:42Z,organic_search,Android,free
u_01440,2026-08-06T15:31:51Z,referral,iOS,standard
u_01441,2026-08-24T10:04:18Z,paid_social,Web,free
u_01442,2026-09-28T04:11:44Z,paid_social,Web,standard
u_01443,2026-07-03T19:32:30Z,paid_social,Android,free
u_01444,2026-07-06T03:44:59Z,organic_search,Android,standard
u_01445,2026-08-12T12:57:48Z,partner_program,Web,standard
u_01446,2026-09-22T03:40:10Z,organic_search,Web,standard
u_01447,2026-07-07T16:07:16Z,organic_search,Web,free
u_01448,2026-07-19T07:45:25Z,paid_social,iOS,standard
u_01449,2026-08-23T08:01:06Z,organic_search,Web,free
u_01450,2026-08-09T07:04:51Z,paid_social,Web,standard
u_01451,2026-08-29T07:31:32Z,referral,iOS,standard
u_01452,2026-07-29T07:43:08Z,paid_social,Web,free
u_01453,2026-09-13T14:38:04Z,organic_search,Web,free
u_01454,2026-09-17T14:08:53Z,paid_social,Android,free
u_01455,2026-09-16T23:06:15Z,organic_search,iOS,free
u_01456,2026-09-02T22:49:30Z,partner_program,Web,premium
u_01457,2026-09-10T09:42:36Z,partner_program,Android,free
u_01458,2026-08-08T23:54:58Z,partner_program,Web,premium
u_01459,2026-07-14T00:58:53Z,referral,iOS,free
u_01460,2026-08-16T19:20:12Z,partner_program,iOS,standard
u_01461,2026-08-13T13:26:42Z,paid_social,iOS,free
u_01462,2026-08-16T21:48:24Z,paid_social,iOS,free
u_01463,2026-09-04T03:23:44Z,referral,iOS,free
u_01464,2026-07-31T00:29:19Z,referral,Web,standard
u_01465,2026-07-12T12:04:23Z,referral,Web,free
u_01466,2026-08-05T00:00:35Z,organic_search,Android,standard
u_01467,2026-07-05T09:11:31Z,paid_social,Web,premium
u_01468,2026-08-07T23:39:19Z,paid_social,iOS,standard
u_01469,2026-07-23T11:47:12Z,paid_social,iOS,standard
u_01470,2026-07-30T10:30:45Z,referral,iOS,free
u_01471,2026-08-06T21:47:04Z,paid_social,Android,free
u_01472,2026-07-07T05:32:06Z,partner_program,Android,free
u_01473,2026-08-17T20:38:24Z,paid_social,iOS,standard
u_01474,2026-08-18T15:20:25Z,paid_social,iOS,free
u_01475,2026-07-19T16:57:50Z,paid_social,iOS,free
u_01476,2026-08-20T23:39:37Z,referral,Android,free
u_01477,2026-08-28T18:31:47Z,paid_social,Web,free
u_01478,2026-07-12T21:09:05Z,organic_search,Web,standard
u_01479,2026-08-14T22:03:04Z,organic_search,Android,standard
u_01480,2026-09-26T19:21:50Z,paid_social,iOS,free
u_01481,2026-07-10T22:44:45Z,organic_search,Web,free
u_01482,2026-09-28T13:15:23Z,referral,iOS,standard
u_01483,2026-09-14T21:38:38Z,referral,iOS,free
u_01484,2026-07-19T01:41:39Z,referral,Android,standard
u_01485,2026-07-09T14:44:46Z,organic_search,iOS,free
u_01486,2026-09-06T05:32:11Z,organic_search,Android,standard
u_01487,2026-08-18T10:46:16Z,partner_program,Android,standard
u_01488,2026-07-19T05:43:44Z,paid_social,iOS,free
u_01489,2026-07-24T02:43:25Z,organic_search,iOS,free
u_01490,2026-08-20T13:37:16Z,organic_search,Web,standard
u_01491,2026-07-17T08:06:45Z,organic_search,Android,standard
u_01492,2026-07-24T16:25:43Z,paid_social,iOS,free
u_01493,2026-08-12T04:21:41Z,referral,Android,free
u_01494,2026-07-28T00:20:17Z,paid_social,Android,free
u_01495,2026-07-31T19:46:51Z,partner_program,Web,free
u_01496,2026-09-03T14:28:36Z,paid_social,Android,standard
u_01497,2026-07-16T23:07:30Z,organic_search,iOS,free
u_01498,2026-09-01T00:47:10Z,paid_social,Android,premium
u_01499,2026-09-04T16:58:29Z,organic_search,Android,premium
u_01500,2026-08-13T09:13:24Z,paid_social,iOS,standard
u_01501,2026-09-17T15:14:55Z,partner_program,Android,standard
u_01502,2026-09-09T23:34:02Z,partner_program,iOS,free
u_01503,2026-09-13T03:13:59Z,organic_search,Web,premium
u_01504,2026-08-17T17:13:55Z,organic_search,Android,free
u_01505,2026-07-24T10:58:55Z,referral,Web,free
u_01506,2026-08-24T19:12:17Z,organic_search,Android,premium
u_01507,2026-07-31T03:40:14Z,partner_program,Web,standard
u_01508,2026-08-30T01:41:44Z,organic_search,Web,standard
u_01509,2026-07-03T22:14:58Z,organic_search,iOS,standard
u_01510,2026-07-26T13:54:42Z,paid_social,Android,free
u_01511,2026-08-16T07:40:13Z,organic_search,iOS,standard
u_01512,2026-08-14T19:34:19Z,paid_social,iOS,free
u_01513,2026-09-10T12:10:10Z,referral,Android,standard
u_01514,2026-09-28T11:19:16Z,organic_search,iOS,free
u_01515,2026-07-09T05:04:42Z,organic_search,Android,free
u_01516,2026-07-04T22:32:46Z,referral,iOS,free
u_01517,2026-08-25T18:45:25Z,paid_social,iOS,standard
u_01518,2026-09-23T03:45:02Z,paid_social,iOS,free
u_01519,2026-09-20T23:56:17Z,organic_search,Web,free
u_01520,2026-07-18T02:01:27Z,referral,Android,free
u_01521,2026-07-06T04:41:10Z,partner_program,Web,standard
u_01522,2026-07-07T18:17:36Z,paid_social,iOS,free
u_01523,2026-08-17T07:10:36Z,organic_search,Android,standard
u_01524,2026-07-23T17:07:57Z,paid_social,iOS,standard
u_01525,2026-09-28T04:52:07Z,organic_search,Web,free
u_01526,2026-07-21T06:12:22Z,paid_social,iOS,free
u_01527,2026-09-12T10:40:01Z,organic_search,Web,standard
u_01528,2026-08-09T22:26:03Z,paid_social,Android,free
u_01529,2026-09-12T18:54:31Z,paid_social,Android,free
u_01530,2026-09-15T14:08:57Z,organic_search,Web,free
u_01531,2026-09-12T04:50:14Z,paid_social,Web,free
u_01532,2026-08-19T09:03:06Z,referral,iOS,free
u_01533,2026-07-03T20:09:57Z,partner_program,Web,standard
u_01534,2026-08-31T01:41:14Z,referral,iOS,premium
u_01535,2026-07-02T22:55:00Z,paid_social,iOS,free
u_01536,2026-08-31T13:38:42Z,organic_search,Android,free
u_01537,2026-08-09T19:58:32Z,paid_social,Android,standard
u_01538,2026-07-17T23:59:43Z,organic_search,Android,standard
u_01539,2026-07-07T16:40:49Z,paid_social,iOS,standard
u_01540,2026-08-14T21:25:10Z,organic_search,iOS,premium
u_01541,2026-09-01T12:23:14Z,paid_social,Web,free
u_01542,2026-09-19T23:29:29Z,organic_search,Web,standard
u_01543,2026-09-06T14:20:06Z,partner_program,Android,standard
u_01544,2026-09-18T02:51:06Z,organic_search,Android,premium
u_01545,2026-08-08T17:21:58Z,referral,Android,standard
u_01546,2026-09-04T04:41:08Z,organic_search,Web,standard
u_01547,2026-09-04T21:30:39Z,referral,Web,free
u_01548,2026-07-03T18:38:05Z,referral,Android,free
u_01549,2026-07-10T20:12:30Z,referral,Android,free
u_01550,2026-09-21T12:21:28Z,organic_search,iOS,free
u_01551,2026-07-14T13:58:04Z,paid_social,Android,standard
u_01552,2026-08-18T04:49:27Z,paid_social,iOS,standard
u_01553,2026-07-11T18:14:49Z,organic_search,Web,free
u_01554,2026-08-16T01:10:32Z,referral,Web,free
u_01555,2026-08-02T13:07:46Z,paid_social,iOS,free
u_01556,2026-09-09T16:19:47Z,referral,Android,free
u_01557,2026-09-21T11:24:05Z,paid_social,Android,free
u_01558,2026-08-03T21:00:02Z,referral,iOS,free
u_01559,2026-07-15T17:08:20Z,paid_social,Web,free
u_01560,2026-09-05T05:26:16Z,referral,Android,standard
u_01561,2026-08-26T06:10:06Z,organic_search,Android,free
u_01562,2026-09-08T22:55:13Z,organic_search,Android,free
u_01563,2026-08-27T04:19:38Z,organic_search,iOS,premium
u_01564,2026-08-16T14:43:34Z,referral,Web,free
u_01565,2026-07-22T05:28:56Z,organic_search,iOS,free
u_01566,2026-08-23T13:02:33Z,organic_search,iOS,standard
u_01567,2026-08-21T03:18:52Z,organic_search,Web,premium
u_01568,2026-08-03T17:54:30Z,paid_social,iOS,standard
u_01569,2026-08-04T05:40:15Z,organic_search,Android,free
u_01570,2026-07-27T06:36:17Z,partner_program,iOS,free
u_01571,2026-07-14T21:04:11Z,organic_search,iOS,free
u_01572,2026-09-21T13:28:40Z,organic_search,iOS,free
u_01573,2026-08-31T09:09:08Z,referral,Android,standard
u_01574,2026-08-14T11:44:40Z,referral,iOS,free
u_01575,2026-08-19T03:08:30Z,organic_search,Web,free
u_01576,2026-07-31T16:19:36Z,paid_social,Android,free
u_01577,2026-08-07T08:35:53Z,referral,iOS,free
u_01578,2026-08-29T04:11:52Z,partner_program,iOS,free
u_01579,2026-09-28T21:29:36Z,partner_program,iOS,standard
u_01580,2026-09-22T06:41:12Z,paid_social,Android,free
u_01581,2026-07-02T15:32:58Z,paid_social,Web,free
u_01582,2026-07-04T22:29:29Z,paid_social,iOS,free
u_01583,2026-08-03T12:52:18Z,referral,Web,free
u_01584,2026-09-19T05:42:28Z,paid_social,Web,free
u_01585,2026-08-28T19:53:02Z,partner_program,iOS,premium
u_01586,2026-08-08T23:16:59Z,partner_program,Android,free
u_01587,2026-08-10T11:01:14Z,organic_search,iOS,standard
u_01588,2026-08-27T20:50:56Z,paid_social,Web,free
u_01589,2026-08-05T20:44:48Z,referral,Web,premium
u_01590,2026-07-26T04:16:35Z,paid_social,iOS,standard
u_01591,2026-09-07T06:55:16Z,organic_search,Web,free
u_01592,2026-08-18T23:56:51Z,organic_search,Android,standard
u_01593,2026-08-17T20:49:10Z,organic_search,iOS,free
u_01594,2026-08-13T00:34:25Z,partner_program,iOS,standard
u_01595,2026-08-10T00:27:08Z,referral,Web,standard
u_01596,2026-08-10T18:53:38Z,paid_social,Android,free
u_01597,2026-08-11T00:11:25Z,referral,Web,premium
u_01598,2026-09-10T09:52:47Z,organic_search,Android,free
u_01599,2026-07-17T18:02:40Z,partner_program,iOS,free
u_01600,2026-08-23T18:40:25Z,organic_search,Android,standard
u_01601,2026-09-26T02:55:42Z,referral,Android,standard
u_01602,2026-07-11T15:30:26Z,paid_social,Android,standard
u_01603,2026-08-08T20:45:13Z,partner_program,Android,free
u_01604,2026-07-27T14:48:48Z,paid_social,Android,premium
u_01605,2026-09-05T02:02:04Z,paid_social,Web,standard
u_01606,2026-08-07T22:15:14Z,referral,Android,standard
u_01607,2026-09-26T16:21:12Z,partner_program,iOS,free
u_01608,2026-07-22T16:11:12Z,organic_search,Web,free
u_01609,2026-09-08T15:21:00Z,paid_social,iOS,free
u_01610,2026-08-25T15:41:43Z,referral,Web,free
u_01611,2026-08-13T02:44:45Z,organic_search,Web,free
u_01612,2026-08-02T22:06:09Z,paid_social,iOS,standard
u_01613,2026-07-05T04:29:51Z,referral,Android,standard
u_01614,2026-08-31T11:50:35Z,organic_search,iOS,standard
u_01615,2026-07-13T08:31:56Z,paid_social,iOS,standard
u_01616,2026-07-25T04:56:33Z,organic_search,Web,standard
u_01617,2026-07-23T03:01:46Z,organic_search,Android,free
u_01618,2026-09-04T11:04:52Z,paid_social,iOS,free
u_01619,2026-07-22T00:02:20Z,partner_program,iOS,free
u_01620,2026-08-16T17:22:42Z,paid_social,Web,premium
u_01621,2026-07-03T15:32:10Z,referral,iOS,free
u_01622,2026-09-28T23:56:23Z,partner_program,iOS,free
u_01623,2026-07-22T00:13:46Z,organic_search,Web,premium
u_01624,2026-08-20T15:51:14Z,referral,Android,free
u_01625,2026-09-06T05:05:04Z,paid_social,Android,standard
u_01626,2026-09-21T13:49:15Z,paid_social,Android,free
u_01627,2026-07-28T16:53:36Z,organic_search,Android,standard
u_01628,2026-09-14T04:34:31Z,organic_search,Android,free
u_01629,2026-09-12T20:00:22Z,referral,Android,free
u_01630,2026-08-23T01:48:28Z,partner_program,iOS,free
u_01631,2026-08-30T16:07:42Z,paid_social,iOS,premium
u_01632,2026-09-08T10:12:27Z,referral,iOS,standard
u_01633,2026-09-21T01:44:29Z,organic_search,iOS,standard
u_01634,2026-09-17T11:55:18Z,paid_social,Web,free
u_01635,2026-07-20T04:21:48Z,paid_social,iOS,standard
u_01636,2026-07-30T10:54:14Z,partner_program,iOS,free
u_01637,2026-07-31T22:09:08Z,paid_social,iOS,free
u_01638,2026-09-27T08:48:30Z,paid_social,Web,premium
u_01639,2026-07-20T17:13:42Z,organic_search,Web,free
u_01640,2026-07-14T20:44:21Z,partner_program,Web,free
u_01641,2026-09-11T07:45:18Z,paid_social,iOS,standard
u_01642,2026-07-26T13:21:25Z,organic_search,Android,free
u_01643,2026-08-10T15:26:44Z,partner_program,Web,premium
u_01644,2026-07-26T05:10:06Z,organic_search,Android,standard
u_01645,2026-09-23T12:09:19Z,paid_social,Android,free
u_01646,2026-09-17T07:56:31Z,paid_social,Android,free
u_01647,2026-07-18T03:38:21Z,paid_social,Web,standard
u_01648,2026-08-10T14:57:55Z,referral,Android,free
u_01649,2026-07-30T12:48:18Z,paid_social,Android,premium
u_01650,2026-09-25T01:16:21Z,paid_social,iOS,free
u_01651,2026-07-31T01:35:06Z,organic_search,Web,standard
u_01652,2026-08-12T10:24:57Z,paid_social,iOS,premium
u_01653,2026-08-21T23:52:31Z,organic_search,iOS,standard
u_01654,2026-09-01T22:02:29Z,partner_program,Web,standard
u_01655,2026-07-20T18:01:09Z,organic_search,iOS,free
u_01656,2026-09-15T11:07:44Z,paid_social,Android,standard
u_01657,2026-09-14T10:51:13Z,referral,iOS,standard
u_01658,2026-09-10T20:52:56Z,referral,Android,standard
u_01659,2026-09-18T23:50:41Z,paid_social,Android,free
u_01660,2026-07-27T16:28:01Z,paid_social,iOS,free
u_01661,2026-09-12T21:59:39Z,organic_search,Android,premium
u_01662,2026-08-10T02:30:12Z,organic_search,iOS,standard
u_01663,2026-08-06T15:23:51Z,partner_program,Android,free
u_01664,2026-09-23T08:10:05Z,paid_social,iOS,free
u_01665,2026-08-05T20:59:51Z,organic_search,Web,standard
u_01666,2026-08-29T16:16:22Z,paid_social,Web,premium
u_01667,2026-08-06T03:10:38Z,paid_social,iOS,free
u_01668,2026-07-07T22:32:29Z,paid_social,Web,free
u_01669,2026-07-30T08:20:56Z,organic_search,iOS,free
u_01670,2026-07-26T10:06:29Z,referral,iOS,free
u_01671,2026-07-23T10:11:47Z,paid_social,Web,free
u_01672,2026-09-04T19:04:08Z,organic_search,Android,free
u_01673,2026-08-07T09:36:18Z,partner_program,Web,free
u_01674,2026-08-13T05:41:41Z,organic_search,Android,standard
u_01675,2026-09-27T10:39:53Z,paid_social,Web,free
u_01676,2026-07-16T01:46:21Z,referral,Android,premium
u_01677,2026-07-24T14:41:07Z,organic_search,iOS,free
u_01678,2026-09-20T01:32:01Z,referral,Android,free
u_01679,2026-08-10T04:28:18Z,organic_search,Android,standard
u_01680,2026-09-08T01:41:01Z,organic_search,Web,free
u_01681,2026-09-08T08:04:42Z,paid_social,Android,standard
u_01682,2026-08-06T03:51:49Z,paid_social,Web,standard
u_01683,2026-07-29T09:40:05Z,paid_social,Android,free
u_01684,2026-08-27T05:40:48Z,organic_search,Android,free
u_01685,2026-07-17T01:11:19Z,paid_social,iOS,free
u_01686,2026-07-12T14:07:52Z,partner_program,Android,free
u_01687,2026-07-19T00:25:30Z,partner_program,Web,standard
u_01688,2026-07-21T10:54:54Z,partner_program,Web,free
u_01689,2026-07-04T12:36:53Z,referral,iOS,standard
u_01690,2026-08-05T20:51:11Z,organic_search,iOS,free
u_01691,2026-09-21T02:39:33Z,paid_social,Web,free
u_01692,2026-07-20T13:04:38Z,referral,iOS,free
u_01693,2026-08-12T09:57:46Z,paid_social,iOS,standard
u_01694,2026-09-28T21:58:59Z,partner_program,Web,free
u_01695,2026-07-30T12:02:23Z,referral,Android,free
u_01696,2026-08-15T11:32:55Z,partner_program,iOS,standard
u_01697,2026-08-30T06:32:23Z,referral,iOS,free
u_01698,2026-08-29T17:42:05Z,referral,Web,free
u_01699,2026-08-19T17:01:33Z,partner_program,Android,free
u_01700,2026-08-27T06:14:01Z,paid_social,Web,standard
u_01701,2026-07-02T10:43:04Z,organic_search,Android,free
u_01702,2026-07-01T18:55:50Z,organic_search,Web,free
u_01703,2026-08-28T23:56:36Z,organic_search,iOS,free
u_01704,2026-09-21T22:48:07Z,referral,Android,free
u_01705,2026-09-03T17:59:25Z,organic_search,Android,standard
u_01706,2026-09-24T12:03:04Z,paid_social,Android,standard
u_01707,2026-07-29T05:35:46Z,organic_search,Web,standard
u_01708,2026-08-20T18:11:31Z,paid_social,Android,standard
u_01709,2026-08-09T03:47:09Z,organic_search,Android,free
u_01710,2026-08-12T19:33:16Z,referral,Web,free
u_01711,2026-09-26T17:30:44Z,paid_social,iOS,standard
u_01712,2026-08-22T04:17:26Z,organic_search,iOS,free
u_01713,2026-09-23T15:49:57Z,organic_search,Web,free
u_01714,2026-09-28T12:58:25Z,organic_search,iOS,free
u_01715,2026-08-19T08:35:46Z,partner_program,iOS,premium
u_01716,2026-08-06T20:07:05Z,paid_social,iOS,free
u_01717,2026-09-14T18:53:00Z,organic_search,Android,free
u_01718,2026-09-09T21:48:55Z,paid_social,Android,free
u_01719,2026-08-23T00:58:26Z,paid_social,iOS,free
u_01720,2026-08-24T17:45:48Z,partner_program,iOS,free
u_01721,2026-07-16T07:58:23Z,referral,iOS,free
u_01722,2026-08-30T19:50:13Z,organic_search,iOS,standard
u_01723,2026-07-07T09:39:38Z,paid_social,iOS,free
u_01724,2026-09-12T02:57:04Z,paid_social,Android,standard
u_01725,2026-07-15T00:22:07Z,paid_social,iOS,standard
u_01726,2026-08-28T06:35:54Z,organic_search,Web,free
u_01727,2026-09-01T10:17:52Z,organic_search,iOS,free
u_01728,2026-08-05T14:11:41Z,organic_search,Android,premium
u_01729,2026-09-06T18:36:36Z,referral,iOS,free
u_01730,2026-07-08T03:06:35Z,paid_social,Android,free
u_01731,2026-08-16T11:06:47Z,organic_search,iOS,standard
u_01732,2026-08-26T14:43:31Z,organic_search,Android,free
u_01733,2026-07-12T21:16:09Z,partner_program,iOS,standard
u_01734,2026-07-26T06:30:52Z,paid_social,Android,standard
u_01735,2026-09-08T14:23:57Z,paid_social,iOS,standard
u_01736,2026-07-27T09:33:43Z,paid_social,iOS,premium
u_01737,2026-09-21T15:14:52Z,paid_social,iOS,standard
u_01738,2026-07-27T13:18:21Z,referral,Android,standard
u_01739,2026-08-23T18:14:55Z,referral,iOS,standard
u_01740,2026-08-27T23:59:35Z,paid_social,iOS,free
u_01741,2026-07-30T05:24:02Z,referral,Web,free
u_01742,2026-07-26T12:33:26Z,referral,Web,standard
u_01743,2026-07-19T11:32:30Z,paid_social,Web,free
u_01744,2026-08-14T15:10:54Z,paid_social,Web,standard
u_01745,2026-07-26T21:22:11Z,organic_search,iOS,free
u_01746,2026-07-11T05:58:57Z,paid_social,iOS,standard
u_01747,2026-09-20T22:35:17Z,partner_program,iOS,free
u_01748,2026-07-30T08:57:34Z,referral,iOS,free
u_01749,2026-08-22T22:05:22Z,organic_search,iOS,free
u_01750,2026-08-21T21:06:52Z,referral,Web,free
u_01751,2026-08-12T04:33:40Z,partner_program,iOS,standard
u_01752,2026-07-31T20:22:57Z,paid_social,Android,standard
u_01753,2026-09-16T15:06:53Z,paid_social,Android,free
u_01754,2026-08-29T18:54:05Z,referral,iOS,standard
u_01755,2026-07-25T06:01:18Z,referral,Android,premium
u_01756,2026-08-26T21:03:17Z,paid_social,Android,free
u_01757,2026-09-27T15:09:36Z,paid_social,Web,premium
u_01758,2026-07-17T09:10:07Z,referral,Web,standard
u_01759,2026-07-05T05:52:59Z,referral,Web,free
u_01760,2026-08-23T15:05:55Z,partner_program,Web,free
u_01761,2026-08-23T11:22:33Z,paid_social,Web,free
u_01762,2026-08-29T16:35:13Z,organic_search,Android,free
u_01763,2026-08-22T05:28:02Z,partner_program,iOS,free
u_01764,2026-07-26T17:48:13Z,paid_social,iOS,free
u_01765,2026-07-22T21:04:06Z,organic_search,Android,standard
u_01766,2026-09-23T05:40:49Z,organic_search,iOS,free
u_01767,2026-08-30T17:09:04Z,paid_social,Android,standard
u_01768,2026-07-15T13:42:06Z,organic_search,Android,standard
u_01769,2026-07-02T08:53:26Z,paid_social,iOS,premium
u_01770,2026-07-29T13:45:36Z,partner_program,Android,free
u_01771,2026-07-16T07:36:32Z,partner_program,Android,standard
u_01772,2026-09-17T22:02:52Z,organic_search,iOS,standard
u_01773,2026-08-22T09:50:33Z,organic_search,Android,free
u_01774,2026-07-06T11:09:44Z,referral,Web,free
u_01775,2026-07-19T07:14:54Z,paid_social,Web,standard
u_01776,2026-09-08T05:22:27Z,paid_social,Web,free
u_01777,2026-08-19T04:33:05Z,organic_search,iOS,free
u_01778,2026-09-21T06:01:55Z,organic_search,Android,standard
u_01779,2026-07-10T10:53:44Z,organic_search,iOS,standard
u_01780,2026-07-01T08:13:25Z,paid_social,Android,free
u_01781,2026-08-29T14:17:31Z,paid_social,iOS,free
u_01782,2026-07-20T12:29:17Z,paid_social,Android,free
u_01783,2026-08-29T06:16:26Z,paid_social,iOS,free
u_01784,2026-09-08T15:19:58Z,organic_search,Android,standard
u_01785,2026-08-28T18:34:35Z,organic_search,iOS,standard
u_01786,2026-07-22T14:41:26Z,paid_social,Android,free
u_01787,2026-08-17T01:51:05Z,organic_search,iOS,free
u_01788,2026-07-19T23:13:16Z,organic_search,Android,premium
u_01789,2026-07-06T06:59:25Z,referral,iOS,free
u_01790,2026-08-15T23:00:51Z,referral,iOS,standard
u_01791,2026-08-09T14:17:53Z,paid_social,Android,standard
u_01792,2026-08-18T21:05:55Z,referral,Web,standard
u_01793,2026-08-12T15:06:30Z,organic_search,Android,free
u_01794,2026-07-30T15:14:24Z,paid_social,iOS,free
u_01795,2026-08-24T18:55:49Z,organic_search,Android,free
u_01796,2026-09-04T14:12:29Z,partner_program,iOS,free
u_01797,2026-07-03T20:24:21Z,paid_social,iOS,standard
u_01798,2026-09-09T12:35:42Z,paid_social,Android,standard
u_01799,2026-08-25T18:24:41Z,paid_social,Android,free
u_01800,2026-07-12T05:46:40Z,paid_social,Web,premium
u_01801,2026-07-14T10:05:58Z,paid_social,Android,free
u_01802,2026-08-23T05:30:41Z,partner_program,iOS,standard
u_01803,2026-08-07T11:44:02Z,referral,iOS,standard
u_01804,2026-08-24T12:11:50Z,organic_search,Web,premium
u_01805,2026-08-20T04:02:48Z,paid_social,iOS,standard
u_01806,2026-07-15T05:03:24Z,paid_social,Android,free
u_01807,2026-07-04T08:34:46Z,organic_search,Web,free
u_01808,2026-07-25T09:02:56Z,partner_program,Android,free
u_01809,2026-07-27T09:54:41Z,paid_social,iOS,free
u_01810,2026-08-12T03:35:17Z,referral,Web,free
u_01811,2026-08-01T21:56:32Z,organic_search,Android,premium
u_01812,2026-08-09T10:00:02Z,organic_search,Android,free
u_01813,2026-07-27T19:37:11Z,referral,iOS,standard
u_01814,2026-08-10T08:44:40Z,paid_social,Web,free
u_01815,2026-09-28T00:21:29Z,referral,Android,free
u_01816,2026-08-24T19:52:12Z,paid_social,Web,free
u_01817,2026-09-13T05:15:02Z,paid_social,iOS,free
u_01818,2026-09-13T06:54:50Z,organic_search,iOS,free
u_01819,2026-08-15T16:28:32Z,paid_social,iOS,standard
u_01820,2026-08-08T14:41:29Z,referral,Web,free
u_01821,2026-09-06T18:04:51Z,organic_search,Web,free
u_01822,2026-09-23T04:19:22Z,paid_social,iOS,standard
u_01823,2026-09-12T18:24:03Z,organic_search,iOS,free
u_01824,2026-08-08T06:13:54Z,organic_search,Android,free
u_01825,2026-09-10T13:15:40Z,organic_search,iOS,free
u_01826,2026-08-22T01:00:16Z,referral,iOS,premium
u_01827,2026-08-09T18:44:16Z,referral,Android,free
u_01828,2026-08-02T20:59:17Z,organic_search,Android,standard
u_01829,2026-09-14T17:07:08Z,paid_social,Android,standard
u_01830,2026-08-25T00:55:23Z,paid_social,Android,free
u_01831,2026-08-20T07:39:18Z,organic_search,Android,free
u_01832,2026-09-08T06:38:35Z,referral,Android,free
u_01833,2026-07-01T10:04:52Z,partner_program,iOS,free
u_01834,2026-07-28T10:55:31Z,paid_social,Android,free
u_01835,2026-07-28T11:39:33Z,partner_program,Android,free
u_01836,2026-08-15T03:00:56Z,organic_search,Web,free
u_01837,2026-07-23T02:58:46Z,organic_search,Android,free
u_01838,2026-09-18T07:57:48Z,organic_search,Web,standard
u_01839,2026-09-03T16:59:26Z,partner_program,iOS,standard
u_01840,2026-07-18T14:28:55Z,paid_social,Web,free
u_01841,2026-09-26T12:40:46Z,organic_search,iOS,standard
u_01842,2026-08-30T08:11:50Z,partner_program,iOS,standard
u_01843,2026-07-05T02:59:11Z,referral,iOS,standard
u_01844,2026-09-04T12:43:53Z,paid_social,Android,standard
u_01845,2026-08-10T21:28:40Z,organic_search,Web,free
u_01846,2026-08-21T17:52:39Z,paid_social,Web,premium
u_01847,2026-09-05T02:56:16Z,organic_search,Web,standard
u_01848,2026-07-15T16:11:53Z,organic_search,Web,free
u_01849,2026-07-24T16:38:30Z,partner_program,Android,standard
u_01850,2026-08-03T04:04:58Z,organic_search,iOS,standard
u_01851,2026-07-02T23:36:16Z,paid_social,Android,standard
u_01852,2026-09-07T21:51:49Z,partner_program,Web,standard
u_01853,2026-07-29T09:42:49Z,organic_search,iOS,free
u_01854,2026-08-21T10:46:10Z,paid_social,Android,standard
u_01855,2026-08-03T01:41:15Z,paid_social,iOS,standard
u_01856,2026-07-12T11:53:46Z,paid_social,Web,free
u_01857,2026-09-17T02:22:13Z,organic_search,Android,standard
u_01858,2026-07-10T10:17:08Z,organic_search,iOS,standard
u_01859,2026-09-23T03:18:11Z,organic_search,Android,standard
u_01860,2026-07-01T08:33:42Z,referral,Android,standard
u_01861,2026-07-02T21:58:13Z,paid_social,Web,free
u_01862,2026-07-19T09:44:33Z,paid_social,iOS,free
u_01863,2026-08-06T17:27:38Z,organic_search,iOS,free
u_01864,2026-09-02T10:30:09Z,referral,Android,standard
u_01865,2026-08-20T23:21:02Z,partner_program,Android,standard
u_01866,2026-07-27T02:37:46Z,organic_search,Android,free
u_01867,2026-07-04T12:13:31Z,paid_social,Web,free
u_01868,2026-07-19T13:11:58Z,paid_social,Android,free
u_01869,2026-07-10T16:45:33Z,partner_program,Android,free
u_01870,2026-09-12T02:13:15Z,organic_search,Web,free
u_01871,2026-08-28T01:29:28Z,partner_program,Android,free
u_01872,2026-08-05T06:11:41Z,paid_social,Android,standard
u_01873,2026-09-11T23:55:41Z,paid_social,iOS,free
u_01874,2026-08-16T04:39:21Z,partner_program,Web,standard
u_01875,2026-08-28T09:37:38Z,referral,Android,standard
u_01876,2026-09-14T08:50:35Z,organic_search,iOS,free
u_01877,2026-07-05T03:04:34Z,partner_program,Web,standard
u_01878,2026-08-04T23:38:08Z,partner_program,Android,free
u_01879,2026-09-21T13:51:22Z,referral,iOS,standard
u_01880,2026-09-03T18:15:50Z,referral,Android,free
u_01881,2026-09-26T23:40:04Z,organic_search,Android,free
u_01882,2026-08-04T18:47:45Z,paid_social,iOS,free
u_01883,2026-09-16T07:22:16Z,partner_program,iOS,free
u_01884,2026-08-24T15:12:26Z,referral,Android,premium
u_01885,2026-09-23T18:17:51Z,paid_social,Android,free
u_01886,2026-08-22T06:46:00Z,partner_program,Web,free
u_01887,2026-07-29T06:17:41Z,partner_program,Web,free
u_01888,2026-07-09T01:45:48Z,referral,Android,free
u_01889,2026-07-15T00:17:38Z,paid_social,iOS,free
u_01890,2026-08-02T15:10:24Z,referral,Web,standard
u_01891,2026-07-04T23:58:07Z,referral,Web,free
u_01892,2026-07-27T22:58:56Z,organic_search,Web,standard
u_01893,2026-09-26T08:19:37Z,organic_search,Android,standard
u_01894,2026-08-27T03:13:03Z,referral,Android,free
u_01895,2026-08-05T12:58:12Z,organic_search,Android,premium
u_01896,2026-09-07T07:52:31Z,organic_search,iOS,free
u_01897,2026-07-08T20:26:22Z,partner_program,Android,free
u_01898,2026-09-16T08:25:09Z,partner_program,Web,free
u_01899,2026-07-04T08:18:44Z,paid_social,Android,free
u_01900,2026-09-21T14:27:16Z,referral,iOS,standard
u_01901,2026-09-21T18:28:21Z,paid_social,iOS,standard
u_01902,2026-07-14T08:15:04Z,organic_search,iOS,premium
u_01903,2026-07-30T16:40:53Z,paid_social,Android,standard
u_01904,2026-09-03T15:58:49Z,paid_social,Web,free
u_01905,2026-09-13T16:43:42Z,organic_search,iOS,standard
u_01906,2026-09-02T13:58:41Z,paid_social,Android,standard
u_01907,2026-09-15T07:09:17Z,paid_social,Android,standard
u_01908,2026-07-07T03:03:25Z,referral,iOS,premium
u_01909,2026-08-26T15:37:21Z,paid_social,Android,standard
u_01910,2026-09-20T15:04:07Z,paid_social,Web,standard
u_01911,2026-08-28T08:43:46Z,organic_search,Web,standard
u_01912,2026-09-12T09:58:13Z,organic_search,Android,free
u_01913,2026-08-28T00:44:54Z,referral,iOS,free
u_01914,2026-09-10T21:36:16Z,organic_search,Android,free
u_01915,2026-09-18T05:41:26Z,organic_search,iOS,standard
u_01916,2026-07-04T19:52:38Z,paid_social,Web,free
u_01917,2026-08-28T12:30:14Z,organic_search,iOS,premium
u_01918,2026-09-05T17:19:04Z,referral,iOS,free
u_01919,2026-07-20T04:50:35Z,referral,Web,free
u_01920,2026-09-20T18:48:06Z,paid_social,iOS,standard
u_01921,2026-07-18T01:19:49Z,partner_program,Android,free
u_01922,2026-09-09T15:52:55Z,paid_social,iOS,free
u_01923,2026-08-06T10:55:57Z,referral,Android,free
u_01924,2026-07-11T10:24:34Z,referral,Web,free
u_01925,2026-08-07T08:58:32Z,paid_social,iOS,premium
u_01926,2026-07-11T13:15:57Z,organic_search,Web,free
u_01927,2026-09-04T12:08:49Z,partner_program,Web,standard
u_01928,2026-08-01T03:49:56Z,partner_program,Android,premium
u_01929,2026-09-07T05:26:10Z,paid_social,Android,standard
u_01930,2026-07-17T16:48:58Z,paid_social,iOS,standard
u_01931,2026-09-04T07:11:05Z,paid_social,Web,free
u_01932,2026-08-12T08:01:03Z,paid_social,Android,free
u_01933,2026-07-04T08:28:54Z,organic_search,Web,free
u_01934,2026-08-04T23:59:13Z,organic_search,Android,premium
u_01935,2026-07-03T00:08:46Z,organic_search,iOS,free
u_01936,2026-09-22T22:22:45Z,paid_social,Web,standard
u_01937,2026-07-12T15:30:13Z,partner_program,iOS,premium
u_01938,2026-08-09T19:27:57Z,paid_social,Web,standard
u_01939,2026-08-29T07:36:17Z,organic_search,Android,free
u_01940,2026-07-24T02:12:15Z,partner_program,Web,standard
u_01941,2026-09-13T01:06:19Z,paid_social,Android,free
u_01942,2026-09-23T18:15:26Z,organic_search,iOS,free
u_01943,2026-07-14T01:46:27Z,organic_search,iOS,free
u_01944,2026-07-01T17:43:48Z,referral,iOS,standard
u_01945,2026-07-26T23:03:09Z,referral,Android,standard
u_01946,2026-08-12T06:29:34Z,organic_search,iOS,free
u_01947,2026-09-13T17:39:21Z,paid_social,iOS,free
u_01948,2026-07-04T13:47:13Z,organic_search,Android,standard
u_01949,2026-08-16T17:56:24Z,paid_social,Web,standard
u_01950,2026-09-19T04:11:21Z,paid_social,iOS,free
u_01951,2026-09-25T22:21:35Z,paid_social,Android,free
u_01952,2026-08-17T00:26:52Z,paid_social,iOS,standard
u_01953,2026-08-28T10:23:43Z,referral,Web,free
u_01954,2026-09-05T07:04:33Z,paid_social,Android,standard
u_01955,2026-07-13T19:06:27Z,referral,iOS,free
u_01956,2026-08-11T03:23:36Z,paid_social,iOS,free
u_01957,2026-09-24T18:52:23Z,organic_search,Android,free
u_01958,2026-07-06T03:04:44Z,paid_social,Android,premium
u_01959,2026-08-05T08:24:31Z,organic_search,Web,free
u_01960,2026-09-23T08:47:15Z,paid_social,iOS,standard
u_01961,2026-09-18T18:35:12Z,partner_program,iOS,standard
u_01962,2026-09-18T19:40:23Z,paid_social,iOS,free
u_01963,2026-08-15T07:30:09Z,paid_social,iOS,free
u_01964,2026-09-21T15:55:03Z,organic_search,Web,free
u_01965,2026-07-21T00:33:52Z,paid_social,Android,free
u_01966,2026-09-17T12:42:31Z,paid_social,iOS,free
u_01967,2026-07-03T04:02:37Z,paid_social,Android,standard
u_01968,2026-08-06T03:48:55Z,partner_program,Web,free
u_01969,2026-07-10T04:54:14Z,organic_search,Web,free
u_01970,2026-09-27T14:53:57Z,paid_social,iOS,standard
u_01971,2026-07-23T05:09:48Z,organic_search,iOS,free
u_01972,2026-07-05T06:45:38Z,paid_social,iOS,free
u_01973,2026-09-15T21:57:57Z,organic_search,Web,standard
u_01974,2026-07-28T03:17:28Z,paid_social,iOS,standard
u_01975,2026-07-18T03:09:53Z,partner_program,iOS,free
u_01976,2026-08-01T09:55:26Z,paid_social,Web,free
u_01977,2026-09-14T09:02:03Z,referral,Android,free
u_01978,2026-08-13T08:51:55Z,paid_social,Web,free
u_01979,2026-09-05T00:01:30Z,organic_search,Android,free
u_01980,2026-09-25T00:21:13Z,organic_search,Web,free
u_01981,2026-08-23T10:26:06Z,paid_social,Web,free
u_01982,2026-08-30T03:13:31Z,organic_search,Android,standard
u_01983,2026-07-16T05:29:57Z,paid_social,iOS,free
u_01984,2026-08-20T07:59:21Z,partner_program,iOS,free
u_01985,2026-08-01T16:05:19Z,partner_program,iOS,free
u_01986,2026-07-27T03:34:57Z,organic_search,iOS,standard
u_01987,2026-07-24T22:18:23Z,organic_search,iOS,free
u_01988,2026-08-02T22:11:04Z,organic_search,Android,free
u_01989,2026-09-12T00:27:00Z,paid_social,iOS,free
u_01990,2026-08-15T08:19:06Z,paid_social,Web,free
u_01991,2026-07-01T03:04:33Z,paid_social,Android,free
u_01992,2026-09-04T18:03:04Z,referral,iOS,free
u_01993,2026-09-01T14:16:04Z,organic_search,Android,free
u_01994,2026-08-21T11:44:55Z,organic_search,Android,free
u_01995,2026-07-25T14:01:50Z,paid_social,Web,standard
u_01996,2026-08-21T00:13:35Z,referral,iOS,premium
u_01997,2026-08-21T00:49:04Z,partner_program,Web,free
u_01998,2026-07-17T13:47:14Z,partner_program,Android,free
u_01999,2026-08-12T09:51:51Z,paid_social,iOS,free
u_02000,2026-08-17T13:09:12Z,paid_social,Web,standard
u_02001,2026-08-20T13:13:14Z,referral,Android,free
u_02002,2026-08-08T07:03:23Z,paid_social,Android,standard
u_02003,2026-09-02T14:30:47Z,paid_social,Android,standard
u_02004,2026-07-05T10:51:25Z,referral,Web,standard
u_02005,2026-09-02T18:49:12Z,referral,Android,standard
u_02006,2026-07-26T22:11:57Z,organic_search,Android,free
u_02007,2026-08-28T10:30:14Z,paid_social,Android,standard
u_02008,2026-07-08T20:03:18Z,partner_program,Android,standard
u_02009,2026-09-26T14:32:03Z,partner_program,Web,free
u_02010,2026-09-27T01:38:58Z,referral,iOS,standard
u_02011,2026-08-26T10:37:47Z,paid_social,Android,premium
u_02012,2026-07-29T22:14:13Z,organic_search,Android,free
u_02013,2026-09-18T14:35:04Z,paid_social,iOS,free
u_02014,2026-09-05T14:49:36Z,organic_search,Android,free
u_02015,2026-07-08T01:24:55Z,referral,Web,free
u_02016,2026-07-28T23:21:24Z,organic_search,iOS,free
u_02017,2026-09-16T02:43:01Z,partner_program,Android,free
u_02018,2026-08-30T12:18:51Z,referral,Android,standard
u_02019,2026-08-14T01:09:16Z,organic_search,Android,standard
u_02020,2026-08-20T02:59:18Z,organic_search,Android,standard
u_02021,2026-08-26T18:48:53Z,partner_program,Web,standard
u_02022,2026-08-03T19:42:57Z,organic_search,Web,standard
u_02023,2026-09-28T10:25:49Z,referral,iOS,standard
u_02024,2026-07-26T04:23:07Z,referral,iOS,standard
u_02025,2026-08-02T08:50:07Z,paid_social,Web,standard
u_02026,2026-09-25T04:52:12Z,paid_social,iOS,standard
u_02027,2026-09-21T18:47:24Z,organic_search,Android,free
u_02028,2026-09-01T22:45:29Z,organic_search,Android,free
u_02029,2026-08-01T15:46:19Z,referral,Android,free
u_02030,2026-09-13T13:58:50Z,referral,Web,premium
u_02031,2026-09-17T16:25:42Z,partner_program,Android,premium
u_02032,2026-08-26T21:41:27Z,referral,iOS,premium
u_02033,2026-08-04T08:52:52Z,organic_search,Web,premium
u_02034,2026-09-13T00:21:52Z,organic_search,Android,standard
u_02035,2026-07-07T02:30:38Z,organic_search,Android,free
u_02036,2026-09-19T06:02:47Z,organic_search,iOS,standard
u_02037,2026-07-01T06:59:10Z,partner_program,iOS,standard
u_02038,2026-07-12T14:01:42Z,partner_program,Android,standard
u_02039,2026-08-01T19:46:05Z,organic_search,Android,standard
u_02040,2026-07-09T23:01:35Z,organic_search,Android,standard
u_02041,2026-09-07T15:57:45Z,paid_social,Web,standard
u_02042,2026-08-25T14:47:09Z,partner_program,Android,standard
u_02043,2026-09-08T21:20:52Z,organic_search,Android,standard
u_02044,2026-07-21T23:55:19Z,referral,iOS,free
u_02045,2026-07-12T02:21:36Z,partner_program,Android,free
u_02046,2026-07-10T07:55:21Z,partner_program,iOS,standard
u_02047,2026-09-28T07:44:27Z,organic_search,Web,free
u_02048,2026-09-20T03:39:00Z,referral,Android,free
u_02049,2026-07-25T14:14:50Z,paid_social,Android,free
u_02050,2026-09-07T21:29:46Z,paid_social,Android,free
u_02051,2026-07-15T23:06:59Z,paid_social,Android,standard
u_02052,2026-08-30T01:33:26Z,referral,Android,free
u_02053,2026-07-16T09:08:17Z,paid_social,iOS,free
u_02054,2026-07-22T17:16:11Z,referral,iOS,standard
u_02055,2026-08-27T07:22:04Z,organic_search,Android,premium
u_02056,2026-08-06T23:14:51Z,referral,Web,free
u_02057,2026-09-26T18:11:19Z,referral,Web,free
u_02058,2026-07-27T18:13:55Z,referral,Web,standard
u_02059,2026-08-08T05:45:08Z,paid_social,Android,free
u_02060,2026-07-05T16:21:21Z,paid_social,iOS,free
u_02061,2026-07-08T05:55:34Z,referral,Android,standard
u_02062,2026-09-20T08:15:19Z,referral,iOS,premium
u_02063,2026-07-31T22:21:49Z,paid_social,iOS,free
u_02064,2026-08-12T22:39:56Z,organic_search,Web,standard
u_02065,2026-08-02T20:04:29Z,organic_search,Web,free
u_02066,2026-08-25T15:26:54Z,organic_search,Web,free
u_02067,2026-09-12T19:13:53Z,referral,iOS,standard
u_02068,2026-07-15T21:01:12Z,organic_search,Android,free
u_02069,2026-07-22T08:45:11Z,partner_program,Android,free
u_02070,2026-08-30T13:10:31Z,referral,iOS,free
u_02071,2026-09-04T09:11:20Z,paid_social,Android,premium
u_02072,2026-09-12T21:06:05Z,paid_social,iOS,free
u_02073,2026-09-12T18:12:21Z,referral,Android,standard
u_02074,2026-07-16T02:44:25Z,organic_search,Web,free
u_02075,2026-09-19T18:31:34Z,referral,Android,free
u_02076,2026-07-10T15:00:40Z,referral,iOS,free
u_02077,2026-08-16T12:27:08Z,organic_search,Android,free
u_02078,2026-09-05T13:32:40Z,referral,Web,free
u_02079,2026-08-15T21:05:35Z,paid_social,Web,free
u_02080,2026-07-31T18:07:07Z,paid_social,iOS,standard
u_02081,2026-08-16T12:11:17Z,partner_program,Web,free
u_02082,2026-07-28T10:03:08Z,organic_search,Web,free
u_02083,2026-08-15T16:42:08Z,organic_search,Web,standard
u_02084,2026-07-28T20:17:32Z,referral,Web,free
u_02085,2026-07-31T12:36:33Z,partner_program,Android,free
u_02086,2026-08-16T19:00:14Z,partner_program,iOS,free
u_02087,2026-08-30T19:45:04Z,paid_social,iOS,free
u_02088,2026-08-25T13:11:14Z,organic_search,iOS,free
u_02089,2026-07-21T02:18:48Z,paid_social,Web,free
u_02090,2026-09-17T21:16:48Z,referral,iOS,free
u_02091,2026-07-07T04:45:45Z,organic_search,iOS,free
u_02092,2026-09-02T22:35:32Z,paid_social,Web,standard
u_02093,2026-07-20T23:03:15Z,paid_social,Android,free
u_02094,2026-08-31T23:52:36Z,partner_program,iOS,standard
u_02095,2026-09-16T23:03:59Z,paid_social,Web,standard
u_02096,2026-07-23T11:17:04Z,referral,Web,premium
u_02097,2026-08-24T13:41:00Z,paid_social,iOS,standard
u_02098,2026-09-01T17:37:35Z,partner_program,Web,standard
u_02099,2026-09-28T16:09:09Z,referral,Android,standard
u_02100,2026-08-24T15:17:26Z,paid_social,Android,standard
u_02101,2026-08-20T06:56:45Z,organic_search,Web,free
u_02102,2026-08-21T02:51:59Z,paid_social,iOS,free
u_02103,2026-08-12T03:43:09Z,referral,Android,standard
u_02104,2026-07-15T13:05:59Z,partner_program,Android,free
u_02105,2026-07-19T07:28:38Z,paid_social,Web,free
u_02106,2026-07-21T11:52:07Z,referral,iOS,standard
u_02107,2026-08-02T11:49:11Z,paid_social,iOS,standard
u_02108,2026-07-04T11:29:21Z,partner_program,Web,free
u_02109,2026-08-18T20:20:11Z,referral,Web,standard
u_02110,2026-07-03T03:24:46Z,paid_social,Web,standard
u_02111,2026-07-19T19:59:52Z,organic_search,iOS,standard
u_02112,2026-08-18T00:39:19Z,partner_program,iOS,free
u_02113,2026-07-13T19:47:08Z,paid_social,iOS,free
u_02114,2026-08-20T15:15:01Z,referral,iOS,standard
u_02115,2026-08-26T06:20:21Z,organic_search,Android,standard
u_02116,2026-08-23T21:10:51Z,organic_search,Android,standard
u_02117,2026-07-13T17:55:28Z,organic_search,Android,standard
u_02118,2026-08-27T21:03:31Z,organic_search,iOS,standard
u_02119,2026-07-25T05:28:34Z,paid_social,Web,standard
u_02120,2026-08-19T00:29:47Z,organic_search,Android,standard
u_02121,2026-07-22T13:37:35Z,organic_search,Android,standard
u_02122,2026-07-14T09:00:15Z,partner_program,iOS,free
u_02123,2026-09-12T21:24:42Z,partner_program,Web,free
u_02124,2026-07-04T11:18:54Z,partner_program,Android,free
u_02125,2026-07-22T10:56:15Z,organic_search,Android,premium
u_02126,2026-08-11T12:39:59Z,referral,Android,standard
u_02127,2026-08-30T07:31:27Z,paid_social,iOS,free
u_02128,2026-09-16T00:20:47Z,paid_social,Android,free
u_02129,2026-07-15T23:15:57Z,organic_search,Android,free
u_02130,2026-07-07T18:32:49Z,paid_social,iOS,free
u_02131,2026-07-13T06:52:31Z,referral,Android,free
u_02132,2026-09-28T04:17:32Z,partner_program,Android,free
u_02133,2026-09-20T12:01:15Z,referral,iOS,standard
u_02134,2026-08-18T22:48:02Z,referral,Web,free
u_02135,2026-08-13T15:30:26Z,partner_program,Android,free
u_02136,2026-08-31T23:07:15Z,organic_search,Android,free
u_02137,2026-08-11T21:47:26Z,referral,Android,free
u_02138,2026-09-27T13:43:37Z,paid_social,Android,free
u_02139,2026-08-03T22:28:17Z,referral,iOS,standard
u_02140,2026-08-21T13:19:04Z,organic_search,iOS,free
u_02141,2026-07-15T12:14:18Z,organic_search,Web,free
u_02142,2026-08-25T15:43:44Z,organic_search,Web,standard
u_02143,2026-09-27T20:29:58Z,paid_social,Android,premium
u_02144,2026-09-09T23:17:42Z,referral,Web,free
u_02145,2026-08-16T17:51:08Z,organic_search,Android,premium
u_02146,2026-09-24T17:35:00Z,partner_program,Android,free
u_02147,2026-08-27T21:04:52Z,organic_search,Android,premium
u_02148,2026-07-05T10:56:37Z,paid_social,iOS,premium
u_02149,2026-07-24T02:59:11Z,partner_program,Web,free
u_02150,2026-07-16T06:49:46Z,paid_social,Web,premium
u_02151,2026-07-20T19:45:53Z,partner_program,Web,premium
u_02152,2026-08-08T09:41:36Z,paid_social,iOS,standard
u_02153,2026-09-10T00:08:03Z,paid_social,Android,premium
u_02154,2026-09-09T11:11:12Z,organic_search,iOS,standard
u_02155,2026-08-19T01:18:45Z,organic_search,Web,standard
u_02156,2026-07-13T15:49:29Z,organic_search,iOS,standard
u_02157,2026-07-10T21:17:00Z,paid_social,iOS,free
u_02158,2026-09-05T15:14:33Z,paid_social,iOS,free
u_02159,2026-09-18T09:40:31Z,referral,Android,free
u_02160,2026-07-14T19:54:19Z,paid_social,Web,standard
u_02161,2026-07-28T11:40:52Z,partner_program,Web,standard
u_02162,2026-07-17T02:27:14Z,organic_search,Web,free
u_02163,2026-09-11T02:56:41Z,referral,Android,free
u_02164,2026-09-18T01:38:53Z,organic_search,Android,free
u_02165,2026-09-16T04:09:22Z,organic_search,iOS,free
u_02166,2026-07-03T02:48:29Z,referral,Android,standard
u_02167,2026-08-14T02:37:02Z,partner_program,Web,standard
u_02168,2026-07-04T17:30:06Z,partner_program,iOS,premium
u_02169,2026-08-08T01:33:42Z,organic_search,iOS,free
u_02170,2026-08-19T20:16:24Z,paid_social,Web,standard
u_02171,2026-09-14T17:21:37Z,referral,Web,free
u_02172,2026-08-03T22:29:15Z,paid_social,Android,standard
u_02173,2026-08-25T02:02:09Z,paid_social,Android,free
u_02174,2026-08-16T09:11:01Z,paid_social,iOS,standard
u_02175,2026-08-30T03:09:48Z,referral,iOS,standard
u_02176,2026-08-31T04:14:18Z,organic_search,Android,free
u_02177,2026-07-04T02:47:58Z,paid_social,Web,standard
u_02178,2026-07-26T07:03:04Z,organic_search,Web,free
u_02179,2026-09-17T04:23:46Z,referral,Web,free
u_02180,2026-08-10T16:35:26Z,paid_social,Web,standard
u_02181,2026-07-18T18:04:47Z,partner_program,iOS,free
u_02182,2026-09-05T22:02:31Z,partner_program,Web,free
u_02183,2026-09-12T17:35:48Z,referral,Android,free
u_02184,2026-09-07T19:18:46Z,paid_social,iOS,free
u_02185,2026-08-08T05:02:12Z,organic_search,Android,free
u_02186,2026-08-16T01:02:07Z,organic_search,Web,free
u_02187,2026-07-01T07:15:35Z,paid_social,Web,free
u_02188,2026-09-22T03:39:19Z,paid_social,Web,free
u_02189,2026-09-21T08:11:11Z,organic_search,Android,premium
u_02190,2026-08-21T15:20:13Z,paid_social,iOS,free
u_02191,2026-09-26T08:17:48Z,organic_search,Android,premium
u_02192,2026-08-08T18:48:25Z,organic_search,Android,free
u_02193,2026-08-17T16:57:45Z,paid_social,iOS,free
u_02194,2026-08-23T08:37:13Z,organic_search,Web,free
u_02195,2026-08-03T00:32:36Z,paid_social,Android,premium
u_02196,2026-08-04T19:28:23Z,organic_search,Android,standard
u_02197,2026-08-25T15:51:13Z,organic_search,iOS,standard
u_02198,2026-07-18T03:07:06Z,paid_social,iOS,free
u_02199,2026-09-09T14:39:45Z,referral,iOS,standard
u_02200,2026-08-07T11:21:29Z,paid_social,iOS,standard
u_02201,2026-09-09T14:32:15Z,organic_search,Web,standard
u_02202,2026-07-14T23:29:35Z,referral,Android,standard
u_02203,2026-08-07T11:57:35Z,referral,iOS,free
u_02204,2026-08-20T11:48:45Z,partner_program,iOS,free
u_02205,2026-07-17T06:55:27Z,organic_search,Android,free
u_02206,2026-07-08T06:57:27Z,paid_social,iOS,standard
u_02207,2026-09-22T00:45:12Z,referral,Android,free
u_02208,2026-08-26T14:22:06Z,partner_program,Android,free
u_02209,2026-09-20T05:56:39Z,paid_social,Android,free
u_02210,2026-08-06T10:40:18Z,partner_program,Web,standard
u_02211,2026-08-28T02:43:20Z,partner_program,Android,free
u_02212,2026-08-13T05:27:32Z,organic_search,iOS,standard
u_02213,2026-08-11T21:47:25Z,organic_search,Android,free
u_02214,2026-08-14T19:40:44Z,paid_social,Android,standard
u_02215,2026-08-09T08:26:59Z,paid_social,iOS,free
u_02216,2026-07-07T02:02:38Z,organic_search,Web,free
u_02217,2026-08-14T13:34:55Z,paid_social,Android,free
u_02218,2026-08-27T04:01:09Z,referral,Web,standard
u_02219,2026-08-15T02:11:17Z,paid_social,Web,standard
u_02220,2026-09-23T08:30:07Z,organic_search,Web,free
u_02221,2026-07-16T19:59:51Z,partner_program,Web,standard
u_02222,2026-09-27T15:37:16Z,organic_search,iOS,standard
u_02223,2026-09-13T02:39:27Z,organic_search,iOS,standard
u_02224,2026-08-13T02:17:31Z,partner_program,Android,standard
u_02225,2026-08-10T16:54:22Z,referral,Android,free
u_02226,2026-07-04T04:03:02Z,organic_search,Android,standard
u_02227,2026-09-04T15:54:43Z,partner_program,iOS,standard
u_02228,2026-07-19T15:46:25Z,paid_social,Web,standard
u_02229,2026-07-18T17:59:53Z,organic_search,iOS,premium
u_02230,2026-07-06T16:42:32Z,partner_program,iOS,free
u_02231,2026-09-14T04:40:41Z,organic_search,Android,standard
u_02232,2026-07-19T23:14:43Z,paid_social,Web,free
u_02233,2026-07-31T12:00:01Z,paid_social,Android,free
u_02234,2026-09-03T21:37:44Z,partner_program,Web,free
u_02235,2026-08-27T03:09:36Z,paid_social,iOS,free
u_02236,2026-07-11T19:06:15Z,paid_social,Web,free
u_02237,2026-07-29T19:18:28Z,organic_search,Web,free
u_02238,2026-09-23T15:27:53Z,referral,iOS,standard
u_02239,2026-07-26T19:36:16Z,partner_program,Android,premium
u_02240,2026-08-24T03:53:02Z,paid_social,iOS,free
u_02241,2026-09-04T01:50:41Z,referral,iOS,free
u_02242,2026-08-10T20:22:00Z,referral,iOS,standard
u_02243,2026-09-24T21:17:15Z,referral,Web,free
u_02244,2026-07-13T16:36:16Z,paid_social,Web,standard
u_02245,2026-08-15T01:34:55Z,organic_search,iOS,free
u_02246,2026-08-17T08:24:17Z,referral,iOS,standard
u_02247,2026-09-02T21:08:13Z,organic_search,Android,free
u_02248,2026-07-10T14:36:27Z,paid_social,iOS,standard
u_02249,2026-09-06T13:53:49Z,paid_social,Web,free
u_02250,2026-08-06T10:48:37Z,referral,Android,standard
u_02251,2026-08-09T01:55:44Z,referral,Android,free
u_02252,2026-07-25T12:13:15Z,referral,iOS,premium
u_02253,2026-07-14T14:00:44Z,referral,Android,free
u_02254,2026-09-03T12:39:06Z,organic_search,Web,free
u_02255,2026-08-27T23:12:25Z,paid_social,Web,free
u_02256,2026-08-07T17:26:57Z,referral,Android,standard
u_02257,2026-08-08T18:45:36Z,organic_search,iOS,standard
u_02258,2026-08-07T22:37:34Z,organic_search,Android,standard
u_02259,2026-08-15T13:35:03Z,partner_program,iOS,free
u_02260,2026-09-21T12:28:52Z,organic_search,Web,free
u_02261,2026-07-12T21:38:48Z,referral,iOS,standard
u_02262,2026-07-22T04:56:09Z,paid_social,iOS,standard
u_02263,2026-08-04T13:16:53Z,referral,iOS,free
u_02264,2026-09-14T06:49:23Z,organic_search,iOS,free
u_02265,2026-07-19T16:08:14Z,partner_program,Android,standard
u_02266,2026-09-12T11:06:27Z,organic_search,iOS,premium
u_02267,2026-09-02T08:45:55Z,referral,Android,standard
u_02268,2026-08-29T10:22:20Z,referral,Android,free
u_02269,2026-07-17T21:03:28Z,organic_search,iOS,free
u_02270,2026-08-16T06:37:02Z,paid_social,Web,standard
u_02271,2026-08-26T23:38:48Z,paid_social,Web,premium
u_02272,2026-07-29T04:44:51Z,paid_social,Android,standard
u_02273,2026-07-13T09:03:07Z,paid_social,Web,free
u_02274,2026-08-18T19:31:41Z,referral,iOS,free
u_02275,2026-07-11T17:22:54Z,paid_social,Web,free
u_02276,2026-08-17T10:24:58Z,organic_search,Web,free
u_02277,2026-07-11T21:04:21Z,organic_search,iOS,standard
u_02278,2026-09-21T00:32:25Z,organic_search,iOS,premium
u_02279,2026-07-11T03:06:38Z,partner_program,Android,standard
u_02280,2026-08-12T22:15:20Z,paid_social,Web,free
u_02281,2026-07-13T22:14:16Z,partner_program,iOS,standard
u_02282,2026-08-16T14:22:46Z,organic_search,Android,free
u_02283,2026-08-21T17:56:28Z,referral,Android,free
u_02284,2026-09-01T21:51:40Z,referral,Android,premium
u_02285,2026-07-01T16:24:32Z,referral,Android,standard
u_02286,2026-09-22T11:46:47Z,partner_program,Android,standard
u_02287,2026-08-09T06:33:54Z,referral,iOS,premium
u_02288,2026-07-09T17:06:32Z,organic_search,Android,free
u_02289,2026-08-06T20:31:38Z,organic_search,iOS,free
u_02290,2026-08-24T18:21:26Z,partner_program,iOS,standard
u_02291,2026-08-13T05:55:24Z,referral,Android,free
u_02292,2026-08-08T08:20:38Z,organic_search,Android,free
u_02293,2026-09-07T19:03:01Z,paid_social,Web,standard
u_02294,2026-09-20T06:06:32Z,partner_program,iOS,standard
u_02295,2026-08-29T06:29:57Z,organic_search,Web,standard
u_02296,2026-09-28T08:43:15Z,organic_search,iOS,free
u_02297,2026-08-28T15:57:18Z,organic_search,iOS,free
u_02298,2026-08-29T10:36:26Z,organic_search,Android,free
u_02299,2026-08-12T16:10:01Z,organic_search,Android,free
u_02300,2026-07-07T07:50:51Z,referral,Android,free
u_02301,2026-08-22T04:46:26Z,paid_social,Android,free
u_02302,2026-07-23T01:07:10Z,organic_search,iOS,free
u_02303,2026-08-22T00:14:06Z,paid_social,Android,standard
u_02304,2026-07-19T18:03:02Z,partner_program,Android,premium
u_02305,2026-07-14T15:17:00Z,partner_program,Android,standard
u_02306,2026-09-04T21:44:01Z,organic_search,iOS,free
u_02307,2026-08-28T18:09:16Z,organic_search,Android,standard
u_02308,2026-07-20T02:24:36Z,organic_search,iOS,free
u_02309,2026-07-31T03:27:01Z,referral,iOS,free
u_02310,2026-09-28T04:32:09Z,referral,Android,free
u_02311,2026-08-08T23:49:01Z,organic_search,Web,premium
u_02312,2026-09-02T18:26:37Z,paid_social,iOS,free
u_02313,2026-08-15T10:46:06Z,paid_social,Web,standard
u_02314,2026-07-16T11:09:41Z,organic_search,iOS,free
u_02315,2026-07-25T21:24:55Z,paid_social,iOS,premium
u_02316,2026-07-23T17:12:21Z,organic_search,Web,free
u_02317,2026-08-30T06:12:43Z,organic_search,iOS,standard
u_02318,2026-07-07T20:17:55Z,organic_search,iOS,premium
u_02319,2026-07-04T01:14:25Z,partner_program,Android,standard
u_02320,2026-07-04T17:19:08Z,partner_program,Web,free
u_02321,2026-07-26T08:32:54Z,organic_search,Android,free
u_02322,2026-07-22T02:01:21Z,organic_search,Web,standard
u_02323,2026-09-11T03:50:17Z,organic_search,Web,standard
u_02324,2026-07-13T09:08:37Z,organic_search,iOS,free
u_02325,2026-09-15T14:01:03Z,organic_search,iOS,free
u_02326,2026-09-17T15:53:25Z,organic_search,Web,free
u_02327,2026-07-21T03:05:31Z,referral,iOS,standard
u_02328,2026-09-01T17:13:47Z,organic_search,Android,free
u_02329,2026-08-17T21:34:08Z,partner_program,iOS,premium
u_02330,2026-08-02T10:23:41Z,organic_search,iOS,free
u_02331,2026-07-21T14:59:39Z,organic_search,iOS,free
u_02332,2026-08-09T09:56:40Z,organic_search,iOS,free
u_02333,2026-09-26T00:20:05Z,referral,iOS,premium
u_02334,2026-09-25T08:27:04Z,paid_social,Android,free
u_02335,2026-09-12T22:44:25Z,partner_program,iOS,free
u_02336,2026-07-31T11:29:47Z,organic_search,Android,standard
u_02337,2026-07-24T00:44:31Z,referral,iOS,standard
u_02338,2026-09-26T20:24:25Z,paid_social,Web,standard
u_02339,2026-09-06T16:37:53Z,referral,Android,standard
u_02340,2026-08-09T23:41:08Z,organic_search,iOS,free
u_02341,2026-09-08T08:22:40Z,referral,Web,free
u_02342,2026-07-22T01:57:09Z,paid_social,iOS,free
u_02343,2026-08-05T13:12:17Z,organic_search,iOS,standard
u_02344,2026-07-02T20:18:29Z,organic_search,Android,free
u_02345,2026-07-11T23:57:41Z,paid_social,iOS,free
u_02346,2026-09-13T17:34:18Z,partner_program,Web,free
u_02347,2026-07-08T02:32:04Z,referral,Android,free
u_02348,2026-09-16T02:38:07Z,referral,Web,free
u_02349,2026-07-28T00:14:33Z,referral,Android,free
u_02350,2026-08-14T17:09:53Z,organic_search,iOS,premium
u_02351,2026-07-24T04:21:49Z,partner_program,Android,standard
u_02352,2026-09-27T17:21:03Z,organic_search,Web,free
u_02353,2026-07-12T07:13:57Z,partner_program,Android,standard
u_02354,2026-09-23T05:52:38Z,organic_search,Web,free
u_02355,2026-07-25T13:58:50Z,paid_social,Web,free
u_02356,2026-07-31T06:33:36Z,organic_search,Web,standard
u_02357,2026-08-22T08:53:30Z,partner_program,Web,standard
u_02358,2026-08-29T16:15:14Z,organic_search,iOS,free
u_02359,2026-07-06T15:34:24Z,organic_search,Web,free
u_02360,2026-08-10T06:18:35Z,referral,iOS,free
u_02361,2026-07-11T07:50:13Z,referral,iOS,free
u_02362,2026-09-02T19:38:17Z,paid_social,Android,free
u_02363,2026-08-23T04:56:46Z,organic_search,Android,standard
u_02364,2026-09-05T15:51:20Z,referral,iOS,standard
u_02365,2026-09-28T12:03:00Z,paid_social,Web,free
u_02366,2026-08-17T06:59:05Z,paid_social,Android,standard
u_02367,2026-07-30T17:11:16Z,organic_search,Web,standard
u_02368,2026-09-18T07:50:16Z,paid_social,Android,free
u_02369,2026-09-13T20:23:24Z,partner_program,Web,standard
u_02370,2026-09-23T06:07:18Z,referral,iOS,free
u_02371,2026-07-18T21:16:43Z,referral,Web,free
u_02372,2026-07-01T08:49:12Z,paid_social,Android,premium
u_02373,2026-07-29T15:23:55Z,paid_social,iOS,free
u_02374,2026-09-28T21:24:03Z,paid_social,Web,standard
u_02375,2026-07-04T02:24:59Z,paid_social,iOS,standard
u_02376,2026-08-22T15:51:09Z,organic_search,Android,free
u_02377,2026-09-18T13:01:59Z,partner_program,Android,standard
u_02378,2026-07-21T07:39:09Z,paid_social,iOS,standard
u_02379,2026-09-11T21:15:48Z,organic_search,iOS,standard
u_02380,2026-08-03T10:57:00Z,paid_social,Android,standard
u_02381,2026-07-26T11:31:34Z,paid_social,Android,free
u_02382,2026-08-21T13:21:36Z,partner_program,Android,free
u_02383,2026-07-22T11:31:28Z,paid_social,iOS,premium
u_02384,2026-09-19T11:51:35Z,partner_program,iOS,free
u_02385,2026-07-16T10:25:18Z,partner_program,iOS,free
u_02386,2026-07-29T01:54:39Z,referral,Android,standard
u_02387,2026-08-17T15:00:18Z,paid_social,iOS,standard
u_02388,2026-08-02T10:47:13Z,paid_social,Android,standard
u_02389,2026-09-14T09:26:44Z,organic_search,iOS,free
u_02390,2026-08-04T07:46:36Z,organic_search,Android,standard
u_02391,2026-08-08T00:41:46Z,organic_search,Android,free
u_02392,2026-07-23T06:36:11Z,paid_social,Web,standard
u_02393,2026-09-06T13:05:38Z,paid_social,Web,premium
u_02394,2026-07-19T19:06:20Z,partner_program,Android,premium
u_02395,2026-07-30T06:57:19Z,referral,iOS,standard
u_02396,2026-07-13T08:41:27Z,organic_search,Android,free
u_02397,2026-07-08T12:37:14Z,referral,Web,standard
u_02398,2026-08-10T02:41:55Z,paid_social,iOS,standard
u_02399,2026-09-01T04:28:31Z,organic_search,Web,free
u_02400,2026-07-03T18:39:26Z,organic_search,iOS,premium
u_02401,2026-09-20T11:31:43Z,organic_search,iOS,standard
u_02402,2026-08-09T20:13:22Z,partner_program,iOS,standard
u_02403,2026-07-04T06:22:45Z,organic_search,iOS,free
u_02404,2026-08-23T14:15:31Z,organic_search,Web,free
u_02405,2026-08-13T19:40:26Z,paid_social,Web,free
u_02406,2026-07-25T09:24:20Z,organic_search,iOS,free
u_02407,2026-08-01T02:07:15Z,organic_search,iOS,standard
u_02408,2026-08-22T21:26:11Z,referral,iOS,free
u_02409,2026-09-21T23:27:02Z,referral,iOS,free
u_02410,2026-08-16T12:40:43Z,referral,Web,standard
u_02411,2026-08-04T19:55:52Z,organic_search,Android,free
u_02412,2026-08-15T17:20:59Z,organic_search,Web,standard
u_02413,2026-07-26T09:08:09Z,organic_search,Web,free
u_02414,2026-07-07T09:13:10Z,organic_search,Web,standard
u_02415,2026-08-10T15:22:48Z,organic_search,Android,standard
u_02416,2026-09-03T18:11:53Z,organic_search,iOS,standard
u_02417,2026-07-22T20:18:36Z,paid_social,Android,free
u_02418,2026-08-01T08:59:42Z,organic_search,iOS,free
u_02419,2026-07-30T01:47:49Z,paid_social,Android,free
u_02420,2026-09-03T15:53:25Z,organic_search,iOS,free
u_02421,2026-08-15T18:32:40Z,organic_search,Android,premium
u_02422,2026-07-18T02:45:10Z,referral,iOS,premium
u_02423,2026-08-20T22:50:51Z,organic_search,Web,standard
u_02424,2026-07-29T15:56:09Z,partner_program,Android,free
u_02425,2026-09-24T16:20:27Z,organic_search,Android,free
u_02426,2026-09-15T18:54:49Z,organic_search,iOS,free
u_02427,2026-07-16T02:29:48Z,paid_social,Web,premium
u_02428,2026-08-22T04:33:43Z,paid_social,iOS,free
u_02429,2026-07-12T00:36:03Z,paid_social,iOS,free
u_02430,2026-09-27T22:28:29Z,organic_search,Android,free
u_02431,2026-08-14T11:06:46Z,paid_social,Android,free
u_02432,2026-07-04T18:26:20Z,paid_social,iOS,free
u_02433,2026-08-03T13:23:59Z,paid_social,Web,free
u_02434,2026-07-02T02:10:23Z,paid_social,iOS,standard
u_02435,2026-07-11T06:10:45Z,organic_search,iOS,free
u_02436,2026-09-10T23:22:12Z,partner_program,Web,free
u_02437,2026-08-06T06:16:06Z,referral,Android,free
u_02438,2026-08-15T23:46:27Z,paid_social,Android,free
u_02439,2026-09-04T06:08:05Z,referral,iOS,free
u_02440,2026-09-09T01:54:51Z,referral,iOS,standard
u_02441,2026-07-20T01:50:52Z,organic_search,Web,standard
u_02442,2026-08-05T22:53:02Z,partner_program,Android,free
u_02443,2026-08-01T23:53:39Z,paid_social,Android,premium
u_02444,2026-08-03T11:09:05Z,organic_search,iOS,standard
u_02445,2026-07-20T05:17:22Z,referral,Android,standard
u_02446,2026-07-11T07:58:22Z,paid_social,iOS,standard
u_02447,2026-08-16T16:43:32Z,paid_social,iOS,free
u_02448,2026-08-30T13:31:24Z,organic_search,Android,premium
u_02449,2026-08-17T16:20:35Z,paid_social,Web,standard
u_02450,2026-08-21T07:40:01Z,paid_social,Web,free
u_02451,2026-07-12T08:24:12Z,organic_search,Android,free
u_02452,2026-07-21T21:33:55Z,organic_search,Web,free
u_02453,2026-08-05T02:14:46Z,paid_social,iOS,free
u_02454,2026-09-04T22:58:08Z,partner_program,Android,free
u_02455,2026-08-08T16:53:21Z,organic_search,Web,standard
u_02456,2026-09-26T01:31:48Z,partner_program,Android,standard
u_02457,2026-07-19T05:20:25Z,paid_social,Android,free
u_02458,2026-07-10T02:58:24Z,partner_program,Web,standard
u_02459,2026-09-13T22:13:50Z,organic_search,Android,free
u_02460,2026-07-02T20:44:52Z,organic_search,Web,free
u_02461,2026-07-29T01:43:43Z,organic_search,Android,standard
u_02462,2026-08-12T15:32:28Z,partner_program,iOS,premium
u_02463,2026-09-13T19:24:10Z,paid_social,Android,free
u_02464,2026-09-27T10:28:32Z,paid_social,iOS,standard
u_02465,2026-08-21T15:59:54Z,paid_social,Android,free
u_02466,2026-09-05T22:08:49Z,paid_social,Web,standard
u_02467,2026-07-09T06:43:37Z,organic_search,Android,premium
u_02468,2026-09-02T14:16:10Z,organic_search,iOS,free
u_02469,2026-08-24T18:01:41Z,paid_social,iOS,free
u_02470,2026-07-15T18:59:02Z,paid_social,iOS,free
u_02471,2026-08-07T05:21:10Z,organic_search,iOS,standard
u_02472,2026-08-07T17:21:13Z,partner_program,iOS,free
u_02473,2026-08-20T15:30:19Z,paid_social,Web,standard
u_02474,2026-07-07T20:59:10Z,organic_search,Android,free
u_02475,2026-07-24T16:59:50Z,paid_social,iOS,standard
u_02476,2026-09-23T11:51:28Z,organic_search,iOS,standard
u_02477,2026-08-19T18:33:14Z,organic_search,Android,standard
u_02478,2026-09-08T20:25:11Z,paid_social,iOS,standard
u_02479,2026-09-04T22:06:53Z,organic_search,iOS,free
u_02480,2026-09-14T21:22:06Z,organic_search,Web,free
u_02481,2026-08-23T21:13:21Z,organic_search,Web,standard
u_02482,2026-07-22T21:49:08Z,partner_program,iOS,free
u_02483,2026-07-27T08:33:46Z,referral,Web,free
u_02484,2026-07-16T10:29:14Z,referral,Android,standard
u_02485,2026-08-05T16:00:01Z,paid_social,Android,free
u_02486,2026-07-09T22:21:44Z,paid_social,iOS,standard
u_02487,2026-08-20T05:27:49Z,organic_search,Android,free
u_02488,2026-08-18T20:26:57Z,partner_program,Android,standard
u_02489,2026-09-11T13:36:59Z,organic_search,iOS,free
u_02490,2026-09-02T19:41:49Z,paid_social,iOS,free
u_02491,2026-07-18T18:10:19Z,paid_social,Web,standard
u_02492,2026-08-04T18:23:41Z,partner_program,iOS,standard
u_02493,2026-07-29T04:36:30Z,referral,Android,free
u_02494,2026-09-07T21:46:00Z,organic_search,Web,premium
u_02495,2026-09-19T20:43:57Z,referral,Android,premium
u_02496,2026-07-01T21:21:50Z,paid_social,iOS,standard
u_02497,2026-08-18T01:46:00Z,paid_social,iOS,free
u_02498,2026-09-26T09:30:12Z,paid_social,iOS,free
u_02499,2026-09-13T23:13:16Z,referral,iOS,standard
u_02500,2026-08-04T00:50:05Z,paid_social,iOS,free
u_02501,2026-08-19T12:15:32Z,organic_search,iOS,free
u_02502,2026-08-16T06:30:34Z,paid_social,Android,free
u_02503,2026-08-23T01:55:04Z,organic_search,Web,free
u_02504,2026-09-27T21:35:33Z,paid_social,iOS,free
u_02505,2026-08-15T15:01:18Z,paid_social,Android,free
u_02506,2026-07-17T02:27:52Z,paid_social,Android,free
u_02507,2026-09-05T05:18:28Z,paid_social,iOS,free
u_02508,2026-08-06T02:02:49Z,partner_program,Android,free
u_02509,2026-08-11T05:34:06Z,paid_social,Android,standard
u_02510,2026-07-09T23:05:13Z,referral,iOS,free
u_02511,2026-07-27T23:30:56Z,organic_search,iOS,free
u_02512,2026-09-27T07:56:57Z,referral,iOS,standard
u_02513,2026-07-20T12:47:06Z,referral,Android,standard
u_02514,2026-07-04T03:00:05Z,referral,Web,free
u_02515,2026-08-04T22:40:12Z,referral,Web,free
u_02516,2026-07-25T03:26:46Z,paid_social,iOS,free
u_02517,2026-09-18T17:16:20Z,partner_program,Web,standard
u_02518,2026-08-16T22:44:13Z,organic_search,Android,standard
u_02519,2026-08-05T12:42:57Z,partner_program,Android,free
u_02520,2026-09-10T09:28:15Z,paid_social,Web,free
u_02521,2026-08-11T19:33:09Z,referral,Web,standard
u_02522,2026-08-10T23:50:35Z,referral,Android,standard
u_02523,2026-07-11T18:13:09Z,partner_program,Android,free
u_02524,2026-09-11T06:05:08Z,organic_search,Web,free
u_02525,2026-09-18T04:59:45Z,paid_social,Android,standard
u_02526,2026-08-26T04:02:33Z,organic_search,Android,free
u_02527,2026-09-27T07:52:29Z,paid_social,Web,premium
u_02528,2026-07-24T14:49:33Z,paid_social,Web,free
u_02529,2026-07-24T19:53:26Z,paid_social,Android,free
u_02530,2026-09-10T06:29:32Z,paid_social,Android,premium
u_02531,2026-08-02T01:04:28Z,referral,Android,free
u_02532,2026-09-24T15:23:38Z,paid_social,iOS,standard
u_02533,2026-09-27T13:38:11Z,referral,iOS,free
u_02534,2026-07-31T22:21:22Z,organic_search,iOS,free
u_02535,2026-08-22T09:11:06Z,partner_program,iOS,free
u_02536,2026-09-01T18:19:32Z,paid_social,iOS,free
u_02537,2026-08-05T15:26:10Z,paid_social,Web,standard
u_02538,2026-08-21T20:50:33Z,partner_program,Android,free
u_02539,2026-07-20T06:58:48Z,partner_program,iOS,standard
u_02540,2026-09-28T19:14:05Z,organic_search,iOS,free
u_02541,2026-09-14T20:25:48Z,paid_social,iOS,standard
u_02542,2026-07-28T22:28:48Z,paid_social,Web,premium
u_02543,2026-08-11T16:14:33Z,organic_search,Web,premium
u_02544,2026-08-20T03:15:47Z,paid_social,Android,free
u_02545,2026-07-21T19:16:43Z,organic_search,Android,free
u_02546,2026-07-31T17:06:32Z,organic_search,Android,standard
u_02547,2026-07-23T18:22:16Z,paid_social,Web,free
u_02548,2026-07-09T13:30:49Z,organic_search,Web,standard
u_02549,2026-09-04T03:32:28Z,partner_program,Web,standard
u_02550,2026-07-31T08:23:51Z,referral,Web,standard
u_02551,2026-07-03T23:58:56Z,paid_social,Web,free
u_02552,2026-09-14T13:53:06Z,organic_search,Android,standard
u_02553,2026-09-11T09:03:18Z,organic_search,Web,standard
u_02554,2026-09-16T20:43:52Z,organic_search,iOS,free
u_02555,2026-08-21T10:12:57Z,referral,iOS,free
u_02556,2026-07-06T10:01:04Z,organic_search,Android,free
u_02557,2026-09-03T11:46:38Z,paid_social,iOS,free
u_02558,2026-07-17T12:05:24Z,organic_search,Web,free
u_02559,2026-08-19T04:31:22Z,paid_social,Android,premium
u_02560,2026-08-28T20:04:43Z,paid_social,iOS,free
u_02561,2026-07-24T20:09:56Z,organic_search,iOS,free
u_02562,2026-08-27T07:47:53Z,partner_program,Android,free
u_02563,2026-07-15T08:24:17Z,paid_social,iOS,free
u_02564,2026-08-25T03:08:09Z,paid_social,iOS,free
u_02565,2026-09-18T02:10:08Z,partner_program,Android,free
u_02566,2026-09-18T00:08:07Z,paid_social,Web,standard
u_02567,2026-09-27T23:57:02Z,organic_search,iOS,standard
u_02568,2026-08-06T14:40:21Z,paid_social,iOS,free
u_02569,2026-09-19T04:10:03Z,referral,Web,free
u_02570,2026-08-01T14:57:38Z,partner_program,iOS,free
u_02571,2026-09-12T20:51:05Z,referral,Android,free
u_02572,2026-09-22T06:36:14Z,paid_social,iOS,premium
u_02573,2026-07-18T03:47:45Z,referral,iOS,premium
u_02574,2026-09-10T03:15:18Z,referral,iOS,free
u_02575,2026-07-18T18:46:43Z,organic_search,Android,free
u_02576,2026-09-08T04:43:20Z,partner_program,Android,free
u_02577,2026-08-03T18:24:16Z,partner_program,Android,free
u_02578,2026-09-24T08:44:59Z,paid_social,Android,premium
u_02579,2026-08-17T15:01:23Z,organic_search,iOS,free
u_02580,2026-09-13T11:34:09Z,organic_search,Android,free
u_02581,2026-09-15T02:29:02Z,partner_program,Web,premium
u_02582,2026-08-30T19:40:53Z,organic_search,iOS,free
u_02583,2026-09-15T18:52:55Z,organic_search,iOS,free
u_02584,2026-08-24T12:16:51Z,organic_search,iOS,premium
u_02585,2026-09-19T17:04:54Z,paid_social,Android,standard
u_02586,2026-08-01T01:13:22Z,organic_search,iOS,standard
u_02587,2026-09-18T11:45:04Z,partner_program,iOS,standard
u_02588,2026-09-22T13:07:13Z,organic_search,Android,premium
u_02589,2026-07-03T23:16:03Z,referral,Android,standard
u_02590,2026-08-02T21:54:35Z,paid_social,Web,premium
u_02591,2026-08-31T08:35:13Z,partner_program,Android,free
u_02592,2026-09-16T21:34:43Z,referral,Web,free
u_02593,2026-08-25T11:25:44Z,organic_search,Android,standard
u_02594,2026-09-05T03:50:30Z,paid_social,Web,free
u_02595,2026-07-05T02:03:39Z,organic_search,iOS,free
u_02596,2026-09-21T08:21:17Z,organic_search,iOS,standard
u_02597,2026-09-23T02:48:04Z,referral,Android,free
u_02598,2026-08-21T20:46:20Z,referral,Android,standard
u_02599,2026-07-17T04:28:56Z,partner_program,iOS,standard
u_02600,2026-08-31T00:47:19Z,organic_search,Web,free
u_02601,2026-07-19T10:57:05Z,partner_program,Android,free
u_02602,2026-08-29T22:15:04Z,paid_social,Web,premium
u_02603,2026-09-11T10:51:31Z,partner_program,iOS,free
u_02604,2026-08-20T06:43:15Z,partner_program,iOS,standard
u_02605,2026-07-12T09:39:36Z,paid_social,iOS,free
u_02606,2026-07-03T11:00:21Z,referral,Web,free
u_02607,2026-07-30T11:37:16Z,partner_program,iOS,standard
u_02608,2026-08-08T03:23:20Z,paid_social,Android,free
u_02609,2026-08-27T10:13:56Z,referral,Android,free
u_02610,2026-07-20T01:58:11Z,paid_social,Web,free
u_02611,2026-09-18T10:22:07Z,referral,iOS,free
u_02612,2026-09-20T04:45:52Z,paid_social,Android,standard
u_02613,2026-07-03T03:10:17Z,paid_social,iOS,premium
u_02614,2026-09-20T15:09:36Z,paid_social,iOS,free
u_02615,2026-09-18T05:44:30Z,referral,iOS,free
u_02616,2026-07-24T07:39:55Z,organic_search,Web,standard
u_02617,2026-08-26T03:47:00Z,referral,iOS,standard
u_02618,2026-07-13T00:24:28Z,referral,Android,free
u_02619,2026-07-30T15:44:29Z,paid_social,Web,free
u_02620,2026-08-21T11:29:51Z,organic_search,Web,standard
u_02621,2026-09-04T18:28:55Z,organic_search,iOS,standard
u_02622,2026-09-19T03:29:56Z,organic_search,Web,free
u_02623,2026-09-14T18:48:17Z,paid_social,iOS,premium
u_02624,2026-09-21T11:55:31Z,partner_program,iOS,premium
u_02625,2026-09-17T12:52:10Z,organic_search,Android,standard
u_02626,2026-09-13T07:09:33Z,organic_search,iOS,free
u_02627,2026-08-19T15:49:36Z,organic_search,Web,free
u_02628,2026-09-25T22:58:23Z,referral,Android,free
u_02629,2026-08-08T13:03:05Z,organic_search,Android,free
u_02630,2026-08-02T14:47:16Z,referral,Web,standard
u_02631,2026-08-19T18:37:39Z,organic_search,Android,free
u_02632,2026-09-21T06:15:34Z,paid_social,Android,standard
u_02633,2026-07-02T21:18:03Z,referral,Android,free
u_02634,2026-09-15T22:57:09Z,organic_search,iOS,standard
u_02635,2026-08-28T07:39:57Z,organic_search,Web,standard
u_02636,2026-08-24T23:59:47Z,paid_social,Web,free
u_02637,2026-08-18T19:25:03Z,referral,iOS,free
u_02638,2026-07-02T00:29:39Z,paid_social,iOS,standard
u_02639,2026-09-20T14:08:23Z,organic_search,Web,premium
u_02640,2026-07-20T19:27:21Z,paid_social,iOS,premium
u_02641,2026-07-15T14:16:47Z,organic_search,Android,free
u_02642,2026-08-26T15:47:47Z,referral,iOS,free
u_02643,2026-09-14T02:45:46Z,partner_program,iOS,standard
u_02644,2026-09-17T16:58:18Z,organic_search,iOS,standard
u_02645,2026-08-11T05:01:23Z,partner_program,Web,free
u_02646,2026-07-14T02:32:05Z,organic_search,iOS,premium
u_02647,2026-08-17T04:44:50Z,paid_social,Web,standard
u_02648,2026-07-26T16:47:09Z,referral,Android,standard
u_02649,2026-08-14T03:41:20Z,paid_social,iOS,standard
u_02650,2026-08-18T03:52:35Z,referral,Android,standard
u_02651,2026-07-28T14:23:06Z,paid_social,iOS,free
u_02652,2026-08-08T10:25:10Z,organic_search,Android,free
u_02653,2026-07-09T11:25:08Z,partner_program,iOS,free
u_02654,2026-07-09T05:22:11Z,paid_social,Web,standard
u_02655,2026-09-21T09:19:01Z,paid_social,iOS,free
u_02656,2026-09-05T19:39:16Z,organic_search,Android,free
u_02657,2026-09-03T17:12:33Z,organic_search,Android,standard
u_02658,2026-08-03T14:18:27Z,paid_social,Android,premium
u_02659,2026-08-12T08:10:25Z,paid_social,Android,free
u_02660,2026-08-24T17:36:04Z,referral,iOS,free
u_02661,2026-08-18T11:34:14Z,paid_social,Web,free
u_02662,2026-08-21T17:46:26Z,partner_program,iOS,free
u_02663,2026-09-23T18:45:04Z,referral,Web,free
u_02664,2026-08-23T23:43:16Z,organic_search,Android,standard
u_02665,2026-09-12T08:43:24Z,paid_social,Android,standard
u_02666,2026-08-03T09:17:43Z,paid_social,iOS,standard
u_02667,2026-08-16T10:33:33Z,referral,iOS,free
u_02668,2026-08-02T21:48:00Z,referral,Android,standard
u_02669,2026-08-15T06:18:37Z,paid_social,Web,free
u_02670,2026-08-04T07:02:46Z,paid_social,Android,standard
u_02671,2026-09-10T09:30:56Z,paid_social,iOS,free
u_02672,2026-08-12T03:51:26Z,organic_search,Web,free
u_02673,2026-07-02T21:34:28Z,referral,Web,standard
u_02674,2026-09-05T17:20:27Z,organic_search,iOS,standard
u_02675,2026-08-18T15:52:56Z,paid_social,iOS,standard
u_02676,2026-09-05T08:41:37Z,partner_program,Android,free
u_02677,2026-08-30T20:21:31Z,organic_search,Android,free
u_02678,2026-09-06T14:54:59Z,organic_search,Android,standard
u_02679,2026-08-22T03:06:29Z,referral,Web,standard
u_02680,2026-09-02T13:05:03Z,paid_social,Web,standard
u_02681,2026-07-06T16:06:18Z,organic_search,iOS,free
u_02682,2026-09-01T11:28:13Z,organic_search,Web,free
u_02683,2026-07-05T20:53:21Z,organic_search,iOS,free
u_02684,2026-08-12T16:08:18Z,partner_program,iOS,free
u_02685,2026-08-02T21:14:28Z,paid_social,iOS,standard
u_02686,2026-07-04T11:05:25Z,paid_social,Android,free
u_02687,2026-07-16T02:59:57Z,partner_program,Android,free
u_02688,2026-08-21T18:43:56Z,organic_search,iOS,free
u_02689,2026-09-08T17:10:27Z,paid_social,Android,free
u_02690,2026-09-07T02:05:27Z,organic_search,Web,standard
u_02691,2026-08-05T16:40:02Z,paid_social,iOS,standard
u_02692,2026-09-04T23:04:36Z,paid_social,Android,free
u_02693,2026-08-15T02:34:25Z,referral,Web,free
u_02694,2026-08-11T22:43:01Z,organic_search,Web,standard
u_02695,2026-08-04T06:04:30Z,partner_program,Web,premium
u_02696,2026-09-26T11:27:55Z,organic_search,iOS,free
u_02697,2026-07-25T01:18:40Z,paid_social,iOS,free
u_02698,2026-08-26T05:18:28Z,paid_social,Android,standard
u_02699,2026-08-31T13:07:50Z,paid_social,Android,free
u_02700,2026-07-05T10:33:35Z,paid_social,iOS,standard
u_02701,2026-07-08T07:05:54Z,referral,iOS,standard
u_02702,2026-09-18T15:51:42Z,paid_social,Web,standard
u_02703,2026-07-12T21:44:54Z,organic_search,iOS,free
u_02704,2026-08-02T00:18:31Z,partner_program,iOS,free
u_02705,2026-08-03T03:23:24Z,organic_search,iOS,premium
u_02706,2026-08-31T20:19:34Z,paid_social,Android,standard
u_02707,2026-07-15T23:08:03Z,paid_social,iOS,standard
u_02708,2026-08-24T23:56:40Z,organic_search,Android,standard
u_02709,2026-08-25T14:57:47Z,organic_search,Android,free
u_02710,2026-09-22T19:42:30Z,paid_social,Android,premium
u_02711,2026-09-12T15:56:45Z,paid_social,Android,standard
u_02712,2026-08-06T14:23:59Z,organic_search,Web,free
u_02713,2026-07-04T23:57:20Z,referral,Android,standard
u_02714,2026-07-10T23:37:42Z,paid_social,Android,free
u_02715,2026-08-16T10:24:20Z,organic_search,iOS,free
u_02716,2026-09-09T21:31:02Z,paid_social,Android,standard
u_02717,2026-09-08T02:23:02Z,paid_social,Web,free
u_02718,2026-09-17T19:24:51Z,organic_search,Android,free
u_02719,2026-09-05T10:54:59Z,paid_social,Web,free
u_02720,2026-09-27T10:00:57Z,paid_social,Web,premium
u_02721,2026-07-05T22:56:31Z,partner_program,Android,free
u_02722,2026-07-05T09:08:19Z,referral,iOS,free
u_02723,2026-09-23T21:17:10Z,paid_social,Android,free
u_02724,2026-08-26T13:50:50Z,paid_social,iOS,free
u_02725,2026-07-11T17:00:58Z,paid_social,Web,premium
u_02726,2026-08-19T13:44:34Z,paid_social,iOS,free
u_02727,2026-07-08T06:05:35Z,organic_search,iOS,premium
u_02728,2026-08-12T01:31:50Z,organic_search,Android,free
u_02729,2026-08-04T23:18:46Z,referral,Web,free
u_02730,2026-09-02T16:36:52Z,partner_program,iOS,free
u_02731,2026-09-14T05:20:19Z,organic_search,Android,free
u_02732,2026-08-17T04:57:48Z,referral,Web,standard
u_02733,2026-07-19T19:02:29Z,organic_search,Android,free
u_02734,2026-09-28T18:38:01Z,paid_social,iOS,free
u_02735,2026-09-23T11:23:48Z,paid_social,Android,premium
u_02736,2026-08-24T10:49:15Z,organic_search,iOS,free
u_02737,2026-07-23T04:10:22Z,organic_search,iOS,free
u_02738,2026-09-10T22:26:54Z,organic_search,iOS,free
u_02739,2026-08-24T09:38:15Z,organic_search,Android,free
u_02740,2026-08-12T06:28:12Z,paid_social,iOS,free
u_02741,2026-08-20T23:07:40Z,organic_search,Web,standard
u_02742,2026-09-21T09:10:23Z,organic_search,Android,free
u_02743,2026-08-17T20:25:03Z,organic_search,Android,premium
u_02744,2026-08-30T15:55:41Z,referral,Android,free
u_02745,2026-09-24T05:23:41Z,paid_social,iOS,free
u_02746,2026-07-23T07:26:16Z,partner_program,iOS,free
u_02747,2026-08-17T23:46:56Z,paid_social,iOS,free
u_02748,2026-09-22T15:24:54Z,organic_search,Web,free
u_02749,2026-08-08T04:40:30Z,paid_social,Web,free
u_02750,2026-07-31T15:59:13Z,organic_search,Web,free
u_02751,2026-07-05T00:37:37Z,partner_program,iOS,free
u_02752,2026-07-21T19:56:28Z,partner_program,Android,standard
u_02753,2026-09-08T13:36:56Z,paid_social,iOS,standard
u_02754,2026-07-24T01:21:45Z,organic_search,Android,free
u_02755,2026-08-05T22:48:55Z,referral,Android,standard
u_02756,2026-09-22T14:24:02Z,paid_social,Web,free
u_02757,2026-07-22T01:41:49Z,referral,iOS,free
u_02758,2026-08-09T13:03:17Z,paid_social,Android,standard
u_02759,2026-08-22T00:05:23Z,referral,iOS,free
u_02760,2026-09-10T06:24:47Z,paid_social,iOS,free
u_02761,2026-07-18T21:40:03Z,paid_social,Android,free
u_02762,2026-09-15T01:05:51Z,referral,Android,free
u_02763,2026-07-27T08:20:55Z,organic_search,Web,standard
u_02764,2026-08-20T17:38:52Z,referral,Web,standard
u_02765,2026-09-23T17:57:51Z,organic_search,Android,free
u_02766,2026-08-30T06:44:56Z,organic_search,Android,premium
u_02767,2026-08-27T02:57:18Z,paid_social,Web,standard
u_02768,2026-08-03T06:16:50Z,organic_search,Android,free
u_02769,2026-09-26T22:36:12Z,partner_program,Android,premium
u_02770,2026-09-10T02:06:57Z,referral,iOS,free
u_02771,2026-09-24T21:05:55Z,organic_search,Web,free
u_02772,2026-08-29T04:50:14Z,partner_program,iOS,free
u_02773,2026-09-02T04:49:47Z,paid_social,Android,standard
u_02774,2026-07-27T09:59:32Z,referral,iOS,premium
u_02775,2026-09-15T16:21:01Z,paid_social,iOS,standard
u_02776,2026-08-18T23:37:27Z,partner_program,iOS,free
u_02777,2026-09-16T15:14:10Z,organic_search,iOS,standard
u_02778,2026-09-05T21:19:17Z,paid_social,Android,standard
u_02779,2026-09-26T04:40:58Z,organic_search,Android,standard
u_02780,2026-09-09T16:35:24Z,paid_social,Web,standard
u_02781,2026-09-26T00:44:04Z,organic_search,Web,free
u_02782,2026-07-12T16:30:23Z,referral,iOS,free
u_02783,2026-08-29T08:44:54Z,partner_program,Android,free
u_02784,2026-07-23T13:40:05Z,paid_social,Web,premium
u_02785,2026-08-09T03:31:05Z,paid_social,Android,premium
u_02786,2026-08-06T19:18:15Z,partner_program,iOS,free
u_02787,2026-07-31T14:29:12Z,partner_program,iOS,premium
u_02788,2026-08-09T08:06:03Z,partner_program,Android,free
u_02789,2026-07-23T06:15:27Z,paid_social,Web,free
u_02790,2026-09-03T07:27:55Z,partner_program,iOS,free
u_02791,2026-09-03T01:40:36Z,paid_social,iOS,free
u_02792,2026-08-23T00:04:18Z,referral,Web,standard
u_02793,2026-09-14T04:27:13Z,referral,Web,free
u_02794,2026-09-10T19:00:34Z,referral,Android,standard
u_02795,2026-07-29T04:43:29Z,referral,Android,free
u_02796,2026-07-22T01:07:06Z,paid_social,iOS,standard
u_02797,2026-09-01T03:03:15Z,paid_social,Web,free
u_02798,2026-08-14T17:58:52Z,organic_search,Web,free
u_02799,2026-08-11T07:27:00Z,paid_social,iOS,free
u_02800,2026-08-31T16:39:40Z,paid_social,Android,standard
u_02801,2026-07-04T23:58:39Z,paid_social,Web,standard
u_02802,2026-07-24T20:18:01Z,referral,Web,premium
u_02803,2026-08-11T13:00:24Z,paid_social,Android,standard
u_02804,2026-07-12T00:55:11Z,paid_social,Android,free
u_02805,2026-07-12T06:33:38Z,organic_search,Web,premium
u_02806,2026-07-03T17:41:20Z,organic_search,iOS,premium
u_02807,2026-08-12T15:49:05Z,organic_search,Web,free
u_02808,2026-09-01T03:35:33Z,organic_search,iOS,free
u_02809,2026-08-04T11:09:24Z,organic_search,Android,free
u_02810,2026-08-02T08:36:55Z,paid_social,Web,standard
u_02811,2026-09-02T14:58:01Z,paid_social,Web,standard
u_02812,2026-09-10T22:41:02Z,partner_program,iOS,standard
u_02813,2026-08-05T15:54:16Z,organic_search,Android,free
u_02814,2026-09-24T09:05:31Z,organic_search,Web,standard
u_02815,2026-07-15T08:41:31Z,referral,Web,free
u_02816,2026-09-23T23:38:03Z,organic_search,Android,standard
u_02817,2026-07-13T10:23:16Z,partner_program,iOS,free
u_02818,2026-08-08T13:43:50Z,referral,Android,free
u_02819,2026-08-28T16:11:38Z,organic_search,iOS,free
u_02820,2026-08-05T20:30:21Z,referral,Android,free
u_02821,2026-09-23T13:49:19Z,paid_social,iOS,premium
u_02822,2026-07-20T16:37:42Z,organic_search,iOS,free
u_02823,2026-07-24T14:56:55Z,referral,Android,free
u_02824,2026-07-05T07:20:09Z,paid_social,iOS,standard
u_02825,2026-07-20T02:04:55Z,referral,Android,premium
u_02826,2026-08-26T23:20:53Z,organic_search,iOS,standard
u_02827,2026-07-02T09:55:59Z,organic_search,Android,standard
u_02828,2026-09-18T06:53:13Z,organic_search,iOS,standard
u_02829,2026-08-24T20:06:15Z,partner_program,iOS,standard
u_02830,2026-08-31T10:12:56Z,paid_social,Android,standard
u_02831,2026-07-29T22:35:08Z,partner_program,iOS,free
u_02832,2026-07-13T21:28:48Z,paid_social,Web,free
u_02833,2026-08-05T01:01:40Z,organic_search,iOS,free
u_02834,2026-08-27T11:46:56Z,partner_program,iOS,standard
u_02835,2026-09-12T20:07:59Z,paid_social,iOS,standard
u_02836,2026-08-15T23:00:01Z,paid_social,iOS,free
u_02837,2026-09-20T03:31:49Z,organic_search,iOS,free
u_02838,2026-08-24T18:26:22Z,paid_social,Web,free
u_02839,2026-07-19T15:52:01Z,partner_program,Android,free
u_02840,2026-08-12T20:34:29Z,organic_search,iOS,free
u_02841,2026-08-17T01:19:55Z,paid_social,Web,standard
u_02842,2026-07-31T04:47:00Z,paid_social,Android,free
u_02843,2026-07-21T15:56:46Z,paid_social,Web,standard
u_02844,2026-09-11T18:36:56Z,organic_search,iOS,free
u_02845,2026-09-02T05:14:24Z,paid_social,iOS,free
u_02846,2026-08-02T05:20:22Z,partner_program,Android,free
u_02847,2026-08-22T05:46:57Z,referral,Web,free
u_02848,2026-09-07T13:50:52Z,organic_search,Android,free
u_02849,2026-08-22T06:19:37Z,partner_program,Web,free
u_02850,2026-09-24T10:32:35Z,paid_social,iOS,free
u_02851,2026-09-03T09:17:18Z,paid_social,Android,free
u_02852,2026-09-11T07:39:50Z,organic_search,Android,free
u_02853,2026-07-01T18:37:56Z,referral,Android,free
u_02854,2026-08-08T01:04:56Z,organic_search,Android,standard
u_02855,2026-07-20T20:05:26Z,partner_program,iOS,standard
u_02856,2026-08-21T04:05:17Z,partner_program,Web,free
u_02857,2026-09-03T05:36:49Z,organic_search,Android,free
u_02858,2026-09-27T07:07:27Z,organic_search,Android,free
u_02859,2026-08-19T11:50:58Z,paid_social,iOS,free
u_02860,2026-08-04T18:01:55Z,paid_social,Web,free
u_02861,2026-08-05T07:18:39Z,organic_search,Web,free
u_02862,2026-09-02T13:37:04Z,referral,Web,free
u_02863,2026-08-09T22:32:40Z,organic_search,iOS,premium
u_02864,2026-07-15T10:40:58Z,organic_search,Android,free
u_02865,2026-07-24T23:31:49Z,organic_search,Android,free
u_02866,2026-08-08T23:22:03Z,paid_social,Web,free
u_02867,2026-08-03T10:46:44Z,organic_search,Android,standard
u_02868,2026-08-27T23:44:15Z,referral,Android,free
u_02869,2026-08-24T05:03:06Z,referral,Android,premium
u_02870,2026-09-23T05:05:13Z,referral,Web,standard
u_02871,2026-07-16T13:49:27Z,paid_social,iOS,standard
u_02872,2026-09-05T01:33:44Z,paid_social,iOS,standard
u_02873,2026-07-24T20:58:11Z,organic_search,Web,standard
u_02874,2026-08-10T05:24:05Z,referral,Web,free
u_02875,2026-09-09T04:46:37Z,organic_search,iOS,standard
u_02876,2026-07-17T00:52:22Z,partner_program,Web,free
u_02877,2026-09-07T06:14:20Z,partner_program,iOS,standard
u_02878,2026-09-24T20:09:26Z,organic_search,iOS,free
u_02879,2026-08-24T13:22:05Z,referral,Android,premium
u_02880,2026-09-20T22:43:02Z,paid_social,iOS,standard
u_02881,2026-07-15T17:27:58Z,organic_search,iOS,free
u_02882,2026-07-12T17:45:04Z,organic_search,Android,standard
u_02883,2026-09-10T08:00:02Z,paid_social,Android,standard
u_02884,2026-08-05T08:54:08Z,paid_social,Android,standard
u_02885,2026-09-18T04:41:20Z,organic_search,iOS,standard
u_02886,2026-09-23T22:39:42Z,organic_search,iOS,free
u_02887,2026-07-04T08:32:53Z,organic_search,Web,free
u_02888,2026-09-26T10:33:46Z,referral,iOS,free
u_02889,2026-08-28T22:11:56Z,organic_search,Android,free
u_02890,2026-09-11T06:12:06Z,paid_social,Android,free
u_02891,2026-08-07T10:29:29Z,paid_social,iOS,standard
u_02892,2026-09-08T07:33:33Z,organic_search,Web,standard
u_02893,2026-07-31T06:48:03Z,organic_search,Android,premium
u_02894,2026-08-31T08:06:44Z,organic_search,Web,standard
u_02895,2026-09-06T14:30:56Z,partner_program,Android,free
u_02896,2026-08-27T14:00:20Z,paid_social,iOS,standard
u_02897,2026-09-22T06:08:13Z,organic_search,Web,free
u_02898,2026-07-19T21:30:10Z,paid_social,iOS,standard
u_02899,2026-07-20T12:29:36Z,partner_program,Android,free
u_02900,2026-08-21T05:24:45Z,paid_social,Web,free
u_02901,2026-07-29T23:22:01Z,referral,Android,free
u_02902,2026-07-23T20:54:44Z,paid_social,iOS,free
u_02903,2026-07-18T05:34:49Z,paid_social,Android,standard
u_02904,2026-07-21T18:54:49Z,referral,Web,free
u_02905,2026-07-22T14:12:52Z,paid_social,iOS,standard
u_02906,2026-08-21T17:57:14Z,paid_social,Android,free
u_02907,2026-07-26T09:24:21Z,paid_social,iOS,free
u_02908,2026-07-23T21:21:56Z,paid_social,Android,standard
u_02909,2026-07-21T00:48:52Z,organic_search,Android,free
u_02910,2026-08-05T23:17:10Z,paid_social,Android,free
u_02911,2026-08-14T14:58:30Z,organic_search,Android,free
u_02912,2026-08-07T19:14:24Z,organic_search,Web,free
u_02913,2026-09-20T03:35:36Z,paid_social,iOS,free
u_02914,2026-09-27T20:20:39Z,paid_social,Android,standard
u_02915,2026-07-24T16:50:58Z,partner_program,iOS,standard
u_02916,2026-09-28T08:53:41Z,referral,Android,standard
u_02917,2026-09-03T09:32:46Z,referral,Android,free
u_02918,2026-07-31T06:55:50Z,partner_program,Android,standard
u_02919,2026-07-22T01:53:52Z,paid_social,iOS,free
u_02920,2026-09-10T19:29:13Z,paid_social,Web,premium
u_02921,2026-07-28T02:34:53Z,referral,iOS,premium
u_02922,2026-09-21T04:52:45Z,paid_social,Android,free
u_02923,2026-08-07T03:18:04Z,paid_social,iOS,standard
u_02924,2026-09-11T16:45:15Z,paid_social,iOS,standard
u_02925,2026-07-15T03:54:30Z,paid_social,iOS,standard
u_02926,2026-09-24T03:35:57Z,paid_social,Web,premium
u_02927,2026-09-27T22:12:33Z,referral,Android,standard
u_02928,2026-08-16T18:00:32Z,organic_search,Android,free
u_02929,2026-09-19T01:25:09Z,referral,Web,premium
u_02930,2026-09-25T00:40:17Z,paid_social,Android,standard
u_02931,2026-09-23T08:37:23Z,referral,Web,free
u_02932,2026-09-10T01:45:16Z,referral,Android,premium
u_02933,2026-08-05T03:06:50Z,referral,Android,free
u_02934,2026-08-29T18:13:39Z,organic_search,iOS,standard
u_02935,2026-08-21T18:00:14Z,organic_search,Android,free
u_02936,2026-09-13T10:03:43Z,paid_social,iOS,free
u_02937,2026-09-22T15:58:55Z,paid_social,Android,free
u_02938,2026-08-22T23:08:56Z,organic_search,Web,standard
u_02939,2026-09-12T08:22:59Z,referral,iOS,free
u_02940,2026-08-29T08:54:55Z,referral,iOS,free
u_02941,2026-09-15T10:08:22Z,referral,iOS,free
u_02942,2026-09-06T12:30:58Z,referral,Android,premium
u_02943,2026-07-10T12:06:01Z,referral,iOS,free
u_02944,2026-07-10T09:20:16Z,organic_search,Android,free
u_02945,2026-07-10T11:01:08Z,partner_program,Android,free
u_02946,2026-07-01T19:01:45Z,partner_program,iOS,standard
u_02947,2026-07-05T06:39:54Z,partner_program,Web,free
u_02948,2026-09-23T00:03:28Z,organic_search,iOS,free
u_02949,2026-08-01T22:32:56Z,organic_search,Android,free
u_02950,2026-08-21T11:08:10Z,paid_social,Android,free
u_02951,2026-09-06T10:53:32Z,partner_program,Web,free
u_02952,2026-08-07T16:00:58Z,paid_social,Web,standard
u_02953,2026-08-03T07:11:44Z,organic_search,Web,free
u_02954,2026-07-16T07:23:57Z,partner_program,Android,premium
u_02955,2026-07-19T12:11:15Z,referral,Web,free
u_02956,2026-08-19T08:38:07Z,partner_program,iOS,standard
u_02957,2026-09-05T07:20:23Z,organic_search,Android,free
u_02958,2026-09-08T10:17:10Z,organic_search,Android,free
u_02959,2026-07-04T18:40:12Z,organic_search,Web,standard
u_02960,2026-08-12T07:10:32Z,partner_program,iOS,standard
u_02961,2026-07-18T02:08:10Z,organic_search,iOS,free
u_02962,2026-07-16T05:06:17Z,paid_social,Web,free
u_02963,2026-08-13T03:55:43Z,referral,Web,free
u_02964,2026-07-20T13:35:47Z,referral,iOS,free
u_02965,2026-08-30T13:14:42Z,partner_program,Web,premium
u_02966,2026-07-03T00:17:21Z,referral,iOS,standard
u_02967,2026-09-02T21:41:38Z,organic_search,iOS,free
u_02968,2026-08-06T21:11:00Z,paid_social,Android,standard
u_02969,2026-09-11T12:33:38Z,organic_search,iOS,free
u_02970,2026-07-15T19:17:38Z,organic_search,iOS,free
u_02971,2026-09-16T02:52:16Z,paid_social,iOS,free
u_02972,2026-09-07T07:28:06Z,referral,iOS,standard
u_02973,2026-07-11T07:58:40Z,referral,iOS,standard
u_02974,2026-08-07T13:10:12Z,organic_search,Android,free
u_02975,2026-07-19T13:00:56Z,paid_social,iOS,standard
u_02976,2026-08-21T05:18:58Z,partner_program,iOS,free
u_02977,2026-09-04T04:36:54Z,organic_search,Android,free
u_02978,2026-09-14T10:10:37Z,organic_search,Android,free
u_02979,2026-08-29T11:55:14Z,paid_social,iOS,premium
u_02980,2026-08-20T06:24:29Z,organic_search,Android,free
u_02981,2026-07-31T09:15:37Z,organic_search,Web,free
u_02982,2026-07-11T10:26:19Z,organic_search,iOS,free
u_02983,2026-08-10T10:02:44Z,referral,iOS,standard
u_02984,2026-07-01T12:57:42Z,paid_social,iOS,free
u_02985,2026-08-19T21:14:06Z,paid_social,Android,free
u_02986,2026-08-31T22:22:40Z,organic_search,Android,standard
u_02987,2026-09-24T16:27:28Z,organic_search,Web,free
u_02988,2026-08-15T15:15:36Z,paid_social,Android,free
u_02989,2026-07-27T19:51:54Z,paid_social,iOS,standard
u_02990,2026-09-23T04:18:44Z,referral,Web,premium
u_02991,2026-07-21T06:43:23Z,paid_social,Android,standard
u_02992,2026-09-14T15:41:07Z,partner_program,Android,standard
u_02993,2026-08-17T18:57:39Z,referral,iOS,premium
u_02994,2026-07-19T00:36:13Z,organic_search,Android,free
u_02995,2026-09-18T15:36:53Z,paid_social,Android,free
u_02996,2026-08-05T19:10:00Z,referral,Web,standard
u_02997,2026-09-23T17:11:16Z,referral,Android,free
u_02998,2026-09-07T16:17:48Z,paid_social,iOS,free
u_02999,2026-08-11T09:54:22Z,paid_social,iOS,free
u_03000,2026-09-16T18:36:03Z,organic_search,iOS,free
u_03001,2026-07-27T02:38:59Z,paid_social,iOS,standard
u_03002,2026-09-10T14:14:15Z,partner_program,iOS,free
u_03003,2026-07-09T23:13:31Z,referral,Android,free
u_03004,2026-07-25T23:22:42Z,referral,Web,standard
u_03005,2026-09-02T13:14:03Z,paid_social,Android,free
u_03006,2026-09-21T11:24:02Z,organic_search,Android,standard
u_03007,2026-07-21T15:40:40Z,paid_social,Android,free
u_03008,2026-08-22T12:05:17Z,organic_search,iOS,standard
u_03009,2026-08-05T01:08:28Z,organic_search,iOS,standard
u_03010,2026-09-07T08:39:35Z,paid_social,iOS,standard
u_03011,2026-07-28T10:45:17Z,organic_search,iOS,free
u_03012,2026-09-11T19:01:17Z,referral,Android,free
u_03013,2026-07-26T19:22:26Z,organic_search,Android,free
u_03014,2026-09-13T04:10:55Z,paid_social,Android,standard
u_03015,2026-09-13T09:02:21Z,organic_search,Web,free
u_03016,2026-09-01T20:06:58Z,partner_program,Web,free
u_03017,2026-09-23T07:03:12Z,partner_program,Android,free
u_03018,2026-07-11T17:00:37Z,referral,iOS,standard
u_03019,2026-07-31T04:58:07Z,paid_social,iOS,free
u_03020,2026-07-15T03:26:28Z,referral,iOS,standard
u_03021,2026-08-06T16:20:45Z,partner_program,Android,standard
u_03022,2026-07-26T05:53:40Z,partner_program,iOS,free
u_03023,2026-07-30T06:54:46Z,paid_social,Web,free
u_03024,2026-09-22T05:32:12Z,organic_search,Android,free
u_03025,2026-08-12T14:49:11Z,organic_search,iOS,premium
u_03026,2026-07-05T20:00:57Z,paid_social,iOS,free
u_03027,2026-09-12T22:50:17Z,partner_program,Android,free
u_03028,2026-08-08T00:54:44Z,paid_social,Android,free
u_03029,2026-09-21T04:43:31Z,paid_social,Web,free
u_03030,2026-09-22T00:27:09Z,referral,iOS,free
u_03031,2026-09-05T15:13:04Z,partner_program,iOS,free
u_03032,2026-09-12T02:40:23Z,partner_program,iOS,standard
u_03033,2026-09-24T01:41:36Z,paid_social,iOS,free
u_03034,2026-07-17T13:43:20Z,paid_social,Android,free
u_03035,2026-07-01T06:53:55Z,referral,iOS,standard
u_03036,2026-09-26T23:22:49Z,paid_social,Web,free
u_03037,2026-07-31T20:38:39Z,paid_social,Web,standard
u_03038,2026-09-21T17:50:46Z,paid_social,Android,standard
u_03039,2026-09-05T15:52:45Z,referral,iOS,free
u_03040,2026-08-01T16:15:51Z,paid_social,Android,standard
u_03041,2026-09-05T21:50:21Z,paid_social,iOS,free
u_03042,2026-09-24T20:48:37Z,organic_search,iOS,standard
u_03043,2026-07-23T13:14:57Z,paid_social,iOS,standard
u_03044,2026-08-07T11:02:15Z,organic_search,Web,premium
u_03045,2026-08-03T16:10:28Z,organic_search,Android,standard
u_03046,2026-09-19T22:00:47Z,organic_search,Web,free
u_03047,2026-09-13T16:39:48Z,paid_social,Android,premium
u_03048,2026-08-09T22:49:10Z,paid_social,Web,free
u_03049,2026-07-19T12:35:23Z,referral,iOS,standard
u_03050,2026-07-03T06:44:07Z,organic_search,Web,free
u_03051,2026-09-15T14:02:01Z,paid_social,Android,free
u_03052,2026-07-22T10:30:35Z,referral,Android,free
u_03053,2026-08-23T11:40:05Z,organic_search,Android,standard
u_03054,2026-08-27T00:33:06Z,paid_social,Web,premium
u_03055,2026-08-17T13:59:14Z,paid_social,iOS,standard
u_03056,2026-07-20T01:50:51Z,referral,Android,free
u_03057,2026-09-07T01:12:51Z,paid_social,Web,free
u_03058,2026-08-28T06:14:49Z,paid_social,Android,standard
u_03059,2026-09-17T03:53:48Z,organic_search,iOS,standard
u_03060,2026-07-14T04:28:11Z,paid_social,Web,free
u_03061,2026-09-16T01:40:31Z,partner_program,iOS,free
u_03062,2026-07-11T09:12:28Z,paid_social,Android,free
u_03063,2026-08-31T20:03:28Z,paid_social,iOS,free
u_03064,2026-07-08T22:27:58Z,partner_program,iOS,standard
u_03065,2026-07-28T14:53:43Z,organic_search,iOS,standard
u_03066,2026-09-20T06:07:54Z,organic_search,iOS,free
u_03067,2026-09-13T20:45:07Z,paid_social,iOS,premium
u_03068,2026-08-28T06:14:51Z,paid_social,iOS,free
u_03069,2026-08-05T03:07:21Z,organic_search,iOS,free
u_03070,2026-07-18T07:39:55Z,paid_social,Android,free
u_03071,2026-07-19T07:42:50Z,referral,iOS,free
u_03072,2026-07-28T07:44:08Z,paid_social,iOS,free
u_03073,2026-09-24T20:45:32Z,paid_social,Android,free
u_03074,2026-07-28T04:59:28Z,paid_social,Android,standard
u_03075,2026-07-17T15:47:55Z,organic_search,iOS,standard
u_03076,2026-07-04T13:31:54Z,organic_search,iOS,premium
u_03077,2026-08-08T09:06:21Z,paid_social,iOS,free
u_03078,2026-07-31T22:10:05Z,paid_social,Web,free
u_03079,2026-07-07T11:51:35Z,partner_program,Web,standard
u_03080,2026-08-31T07:03:01Z,paid_social,Android,free
u_03081,2026-07-04T08:23:25Z,paid_social,iOS,standard
u_03082,2026-09-27T08:50:16Z,paid_social,Android,free
u_03083,2026-07-17T03:15:30Z,paid_social,iOS,free
u_03084,2026-08-06T18:44:46Z,organic_search,iOS,free
u_03085,2026-09-09T12:08:37Z,paid_social,Android,free
u_03086,2026-07-30T02:31:14Z,partner_program,Android,free
u_03087,2026-07-20T03:35:35Z,paid_social,Android,standard
u_03088,2026-08-14T05:02:24Z,partner_program,Web,standard
u_03089,2026-07-31T08:11:33Z,paid_social,Web,free
u_03090,2026-07-13T10:04:50Z,partner_program,Android,standard
u_03091,2026-07-12T14:29:01Z,paid_social,Web,free
u_03092,2026-07-01T16:40:12Z,organic_search,Android,free
u_03093,2026-07-09T12:45:08Z,organic_search,Android,free
u_03094,2026-07-04T20:07:42Z,organic_search,iOS,free
u_03095,2026-08-09T22:12:31Z,partner_program,iOS,standard
u_03096,2026-09-28T16:12:33Z,referral,Web,free
u_03097,2026-08-02T02:37:50Z,organic_search,Android,standard
u_03098,2026-07-12T22:49:43Z,partner_program,Android,standard
u_03099,2026-07-10T05:21:37Z,partner_program,Android,free
u_03100,2026-07-02T12:44:38Z,paid_social,Web,free
u_03101,2026-08-04T01:48:26Z,paid_social,iOS,free
u_03102,2026-09-06T12:53:57Z,partner_program,iOS,free
u_03103,2026-08-30T04:05:01Z,paid_social,Android,standard
u_03104,2026-09-04T17:23:14Z,referral,Android,free
u_03105,2026-08-21T16:43:12Z,organic_search,Web,standard
u_03106,2026-09-01T18:42:36Z,referral,Android,free
u_03107,2026-08-16T17:20:40Z,paid_social,iOS,standard
u_03108,2026-07-22T04:52:16Z,partner_program,Android,free
u_03109,2026-07-25T11:47:49Z,partner_program,Web,standard
u_03110,2026-07-15T09:25:15Z,partner_program,iOS,standard
u_03111,2026-07-18T21:53:30Z,organic_search,Android,standard
u_03112,2026-08-07T02:36:41Z,referral,Android,free
u_03113,2026-09-10T22:03:17Z,organic_search,Android,free
u_03114,2026-08-14T18:03:33Z,organic_search,Android,free
u_03115,2026-07-02T05:41:45Z,referral,Android,free
u_03116,2026-08-23T09:37:29Z,organic_search,Web,standard
u_03117,2026-07-13T06:03:10Z,referral,Android,free
u_03118,2026-07-30T20:41:30Z,referral,Android,standard
u_03119,2026-07-22T20:31:18Z,referral,Web,free
u_03120,2026-07-16T07:56:20Z,organic_search,iOS,free
u_03121,2026-07-27T09:48:44Z,paid_social,Android,free
u_03122,2026-07-15T04:15:50Z,referral,iOS,free
u_03123,2026-09-09T00:34:02Z,referral,iOS,standard
u_03124,2026-09-09T22:15:26Z,organic_search,iOS,free
u_03125,2026-08-01T14:04:25Z,paid_social,iOS,free
u_03126,2026-09-25T14:12:15Z,paid_social,iOS,premium
u_03127,2026-08-19T19:01:09Z,referral,Android,standard
u_03128,2026-09-08T17:34:44Z,referral,Web,standard
u_03129,2026-07-06T09:13:14Z,partner_program,iOS,standard
u_03130,2026-08-06T23:48:50Z,referral,Web,free
u_03131,2026-09-18T14:04:11Z,organic_search,Android,free
u_03132,2026-07-05T17:18:43Z,referral,iOS,free
u_03133,2026-09-25T17:22:42Z,partner_program,iOS,standard
u_03134,2026-09-24T00:23:17Z,referral,Android,free
u_03135,2026-07-06T15:52:15Z,referral,Web,premium
u_03136,2026-08-20T13:09:59Z,referral,Android,free
u_03137,2026-08-01T01:57:31Z,paid_social,Android,free
u_03138,2026-08-28T13:44:40Z,organic_search,Web,free
u_03139,2026-08-01T03:32:12Z,organic_search,iOS,standard
u_03140,2026-08-23T00:26:31Z,paid_social,Web,free
u_03141,2026-08-23T16:24:09Z,paid_social,Web,free
u_03142,2026-07-16T23:26:11Z,paid_social,iOS,free
u_03143,2026-08-05T06:07:52Z,organic_search,Web,free
u_03144,2026-08-24T04:25:17Z,partner_program,Android,free
u_03145,2026-09-18T07:41:49Z,referral,Web,premium
u_03146,2026-08-20T05:08:02Z,partner_program,iOS,free
u_03147,2026-08-04T00:35:06Z,paid_social,iOS,standard
u_03148,2026-08-06T11:16:49Z,organic_search,Web,free
u_03149,2026-08-04T00:32:37Z,organic_search,Web,standard
u_03150,2026-07-14T17:19:32Z,organic_search,Web,free
u_03151,2026-09-23T02:52:27Z,referral,iOS,free
u_03152,2026-07-03T03:30:07Z,referral,Web,free
u_03153,2026-09-09T03:40:15Z,organic_search,iOS,premium
u_03154,2026-07-05T12:47:00Z,paid_social,iOS,free
u_03155,2026-07-08T16:57:11Z,partner_program,Android,free
u_03156,2026-09-06T05:12:48Z,organic_search,Android,free
u_03157,2026-07-18T09:26:46Z,paid_social,iOS,standard
u_03158,2026-07-11T13:29:29Z,referral,Android,free
u_03159,2026-09-01T08:16:02Z,referral,iOS,free
u_03160,2026-09-02T05:37:51Z,referral,iOS,standard
u_03161,2026-08-03T06:24:55Z,paid_social,Android,free
u_03162,2026-09-06T09:44:04Z,referral,iOS,free
u_03163,2026-08-08T23:17:05Z,referral,iOS,free
u_03164,2026-09-20T17:56:12Z,paid_social,Android,standard
u_03165,2026-08-06T06:37:24Z,partner_program,Web,free
u_03166,2026-07-01T01:45:55Z,organic_search,iOS,free
u_03167,2026-08-25T11:16:30Z,organic_search,Android,free
u_03168,2026-09-06T16:54:49Z,organic_search,Android,standard
u_03169,2026-09-14T06:45:00Z,organic_search,iOS,standard
u_03170,2026-07-02T03:23:32Z,paid_social,iOS,free
u_03171,2026-08-09T07:13:53Z,partner_program,Web,premium
u_03172,2026-07-28T01:39:17Z,paid_social,Android,standard
u_03173,2026-09-07T20:58:06Z,organic_search,Web,standard
u_03174,2026-09-09T11:54:19Z,paid_social,iOS,free
u_03175,2026-09-20T17:21:32Z,paid_social,iOS,standard
u_03176,2026-08-10T05:31:39Z,organic_search,iOS,standard
u_03177,2026-07-01T12:01:39Z,paid_social,Web,free
u_03178,2026-08-20T00:03:30Z,organic_search,iOS,standard
u_03179,2026-08-27T14:50:36Z,paid_social,Android,free
u_03180,2026-08-07T05:51:01Z,organic_search,Web,free
u_03181,2026-07-14T04:01:04Z,referral,iOS,standard
u_03182,2026-08-15T18:27:17Z,paid_social,Web,standard
u_03183,2026-08-12T20:46:59Z,referral,Web,standard
u_03184,2026-08-05T23:08:34Z,partner_program,iOS,free
u_03185,2026-09-13T20:18:34Z,paid_social,iOS,free
u_03186,2026-07-06T03:07:13Z,referral,iOS,free
u_03187,2026-07-27T18:16:13Z,organic_search,iOS,free
u_03188,2026-08-21T07:47:24Z,organic_search,Web,free
u_03189,2026-07-11T09:16:40Z,paid_social,iOS,free
u_03190,2026-09-18T19:53:51Z,referral,Web,standard
u_03191,2026-09-09T08:46:13Z,organic_search,iOS,premium
u_03192,2026-09-04T20:58:04Z,paid_social,Android,free
u_03193,2026-07-23T11:51:33Z,referral,Web,standard
u_03194,2026-09-10T16:55:51Z,paid_social,iOS,premium
u_03195,2026-07-11T20:43:12Z,referral,Web,free
u_03196,2026-07-20T23:22:52Z,paid_social,iOS,free
u_03197,2026-07-14T20:16:08Z,organic_search,Android,free
u_03198,2026-09-28T14:35:57Z,paid_social,iOS,standard
u_03199,2026-07-03T15:07:45Z,organic_search,Android,free
u_03200,2026-08-02T08:04:30Z,organic_search,Web,premium
u_03201,2026-08-16T22:01:21Z,referral,Android,standard
u_03202,2026-08-05T07:33:10Z,partner_program,iOS,free
u_03203,2026-08-11T02:12:54Z,organic_search,Android,free
u_03204,2026-07-26T13:16:49Z,organic_search,iOS,standard
u_03205,2026-07-10T05:10:12Z,referral,iOS,free
u_03206,2026-07-13T16:58:49Z,organic_search,iOS,free
u_03207,2026-08-02T16:55:09Z,referral,iOS,free
u_03208,2026-08-29T09:25:54Z,paid_social,iOS,free
u_03209,2026-07-09T12:21:43Z,partner_program,Android,free
u_03210,2026-07-25T20:04:09Z,partner_program,Web,free
u_03211,2026-08-03T22:16:39Z,referral,Android,standard
u_03212,2026-08-16T15:16:37Z,paid_social,iOS,premium
u_03213,2026-09-21T11:48:31Z,paid_social,Web,free
u_03214,2026-08-03T14:28:30Z,organic_search,iOS,free
u_03215,2026-08-02T07:55:21Z,paid_social,Android,standard
u_03216,2026-09-03T16:12:48Z,paid_social,Web,free
u_03217,2026-08-01T16:17:21Z,paid_social,iOS,standard
u_03218,2026-07-18T17:47:29Z,organic_search,Android,free
u_03219,2026-07-12T08:24:15Z,partner_program,Web,premium
u_03220,2026-07-11T21:30:24Z,paid_social,iOS,free
u_03221,2026-07-02T02:14:01Z,organic_search,iOS,free
u_03222,2026-08-18T09:12:53Z,partner_program,iOS,standard
u_03223,2026-09-24T05:20:34Z,organic_search,Android,standard
u_03224,2026-07-08T05:20:25Z,referral,iOS,free
u_03225,2026-07-29T23:37:40Z,referral,iOS,free
u_03226,2026-07-23T17:11:57Z,paid_social,iOS,free
u_03227,2026-09-27T00:17:07Z,paid_social,Android,free
u_03228,2026-07-14T03:43:35Z,paid_social,Android,free
u_03229,2026-07-13T13:37:26Z,paid_social,iOS,free
u_03230,2026-09-16T11:21:03Z,partner_program,Android,free
u_03231,2026-08-01T14:38:42Z,referral,Android,standard
u_03232,2026-08-07T02:54:42Z,paid_social,iOS,free
u_03233,2026-07-04T00:37:14Z,paid_social,Android,free
u_03234,2026-09-01T19:26:52Z,organic_search,Web,free
u_03235,2026-08-30T13:04:55Z,organic_search,iOS,free
u_03236,2026-07-05T23:39:57Z,paid_social,iOS,premium
u_03237,2026-07-25T10:50:11Z,partner_program,Web,free
u_03238,2026-08-12T01:10:48Z,referral,iOS,standard
u_03239,2026-07-19T09:46:49Z,paid_social,Android,premium
u_03240,2026-07-05T07:48:31Z,organic_search,Android,standard
u_03241,2026-08-25T10:20:27Z,referral,Android,premium
u_03242,2026-07-15T09:38:30Z,paid_social,iOS,free
u_03243,2026-07-05T11:53:19Z,paid_social,Android,premium
u_03244,2026-09-08T10:53:59Z,paid_social,Android,standard
u_03245,2026-08-08T14:58:51Z,referral,Android,standard
u_03246,2026-09-05T23:36:42Z,paid_social,iOS,free
u_03247,2026-07-21T18:05:13Z,organic_search,iOS,free
u_03248,2026-07-12T23:38:27Z,referral,Web,free
u_03249,2026-08-12T15:49:05Z,organic_search,Web,free
u_03250,2026-08-11T22:30:26Z,paid_social,iOS,standard
u_03251,2026-07-20T03:30:26Z,paid_social,iOS,premium
u_03252,2026-08-20T06:28:14Z,organic_search,Web,standard
u_03253,2026-09-05T11:58:36Z,organic_search,Android,premium
u_03254,2026-07-15T07:22:02Z,paid_social,Android,free
u_03255,2026-09-26T15:01:12Z,referral,Android,free
u_03256,2026-08-07T06:05:52Z,organic_search,Android,free
u_03257,2026-07-01T22:41:29Z,paid_social,Android,free
u_03258,2026-09-19T23:33:12Z,referral,iOS,free
u_03259,2026-09-28T17:21:26Z,organic_search,Web,standard
u_03260,2026-07-15T03:17:00Z,organic_search,Web,free
u_03261,2026-07-01T16:29:45Z,organic_search,Android,premium
u_03262,2026-08-04T01:10:37Z,organic_search,Android,free
u_03263,2026-09-13T21:42:48Z,referral,Web,standard
u_03264,2026-09-09T18:45:36Z,paid_social,Android,free
u_03265,2026-08-05T22:17:57Z,referral,Android,free
u_03266,2026-09-10T14:19:54Z,paid_social,iOS,standard
u_03267,2026-09-20T05:52:08Z,paid_social,Web,free
u_03268,2026-07-10T18:54:21Z,paid_social,Android,standard
u_03269,2026-08-29T23:03:52Z,organic_search,Web,standard
u_03270,2026-07-01T07:05:23Z,referral,Android,standard
u_03271,2026-09-19T11:50:50Z,paid_social,Web,premium
u_03272,2026-07-17T14:15:04Z,organic_search,Web,free
u_03273,2026-08-12T09:32:41Z,partner_program,iOS,standard
u_03274,2026-08-26T04:05:23Z,referral,iOS,standard
u_03275,2026-07-21T05:48:01Z,organic_search,iOS,free
u_03276,2026-07-01T08:13:44Z,organic_search,Android,standard
u_03277,2026-09-02T04:40:09Z,partner_program,iOS,standard
u_03278,2026-07-25T09:24:24Z,referral,iOS,standard
u_03279,2026-08-08T10:27:39Z,organic_search,Android,free
u_03280,2026-09-04T16:56:04Z,paid_social,iOS,standard
u_03281,2026-08-14T21:46:43Z,referral,Android,free
u_03282,2026-07-28T20:56:22Z,paid_social,iOS,premium
u_03283,2026-07-23T01:32:42Z,organic_search,iOS,free
u_03284,2026-09-07T16:54:23Z,organic_search,Web,free
u_03285,2026-07-17T01:06:49Z,paid_social,iOS,free
u_03286,2026-07-29T05:29:29Z,organic_search,iOS,standard
u_03287,2026-09-28T10:43:40Z,organic_search,Android,standard
u_03288,2026-08-12T01:12:48Z,referral,iOS,free
u_03289,2026-08-20T23:02:48Z,organic_search,iOS,premium
u_03290,2026-09-23T09:43:32Z,organic_search,iOS,free
u_03291,2026-07-10T20:47:18Z,referral,iOS,free
u_03292,2026-09-02T05:15:09Z,organic_search,iOS,free
u_03293,2026-09-07T02:25:58Z,paid_social,iOS,premium
u_03294,2026-09-04T22:25:01Z,paid_social,Web,standard
u_03295,2026-07-12T15:39:18Z,paid_social,Web,premium
u_03296,2026-08-15T02:16:32Z,partner_program,iOS,free
u_03297,2026-07-27T18:54:48Z,partner_program,Android,free
u_03298,2026-08-03T20:14:32Z,paid_social,iOS,free
u_03299,2026-08-21T10:19:53Z,paid_social,iOS,standard
u_03300,2026-07-02T18:47:05Z,paid_social,iOS,free
u_03301,2026-08-19T20:15:04Z,partner_program,Android,standard
u_03302,2026-09-22T22:08:40Z,paid_social,Android,standard
u_03303,2026-08-30T13:26:42Z,paid_social,Web,standard
u_03304,2026-07-10T06:05:47Z,partner_program,Android,free
u_03305,2026-09-21T13:42:45Z,paid_social,Web,free
u_03306,2026-09-08T04:07:16Z,organic_search,Android,standard
u_03307,2026-07-20T22:35:22Z,partner_program,Android,free
u_03308,2026-07-26T10:25:34Z,referral,iOS,free
u_03309,2026-07-30T16:16:35Z,paid_social,Android,free
u_03310,2026-08-12T11:11:29Z,partner_program,iOS,premium
u_03311,2026-09-17T14:25:40Z,referral,iOS,free
u_03312,2026-08-26T10:27:26Z,referral,iOS,free
u_03313,2026-07-03T14:42:30Z,paid_social,iOS,free
u_03314,2026-08-22T15:30:07Z,referral,Android,standard
u_03315,2026-08-22T20:04:01Z,paid_social,Web,free
u_03316,2026-09-01T17:37:34Z,organic_search,Web,standard
u_03317,2026-08-08T12:10:04Z,partner_program,iOS,standard
u_03318,2026-08-01T04:03:56Z,organic_search,iOS,free
u_03319,2026-09-09T23:35:34Z,referral,iOS,free
u_03320,2026-07-03T15:08:06Z,paid_social,Android,standard
u_03321,2026-08-20T12:18:22Z,paid_social,iOS,free
u_03322,2026-07-04T18:30:01Z,partner_program,Web,standard
u_03323,2026-07-19T21:19:27Z,organic_search,Android,standard
u_03324,2026-08-20T23:58:12Z,organic_search,Web,free
u_03325,2026-08-11T08:35:35Z,paid_social,Android,free
u_03326,2026-08-07T23:17:42Z,organic_search,Android,standard
u_03327,2026-07-04T11:28:47Z,referral,Web,free
u_03328,2026-07-02T08:28:31Z,partner_program,iOS,free
u_03329,2026-08-26T09:55:27Z,paid_social,Web,standard
u_03330,2026-07-23T13:16:06Z,organic_search,iOS,premium
u_03331,2026-07-20T04:51:53Z,referral,Android,standard
u_03332,2026-07-02T18:49:18Z,paid_social,Android,standard
u_03333,2026-09-25T16:01:51Z,partner_program,iOS,free
u_03334,2026-07-17T15:57:15Z,paid_social,Android,free
u_03335,2026-08-27T15:53:34Z,paid_social,iOS,standard
u_03336,2026-08-17T07:16:29Z,paid_social,Android,standard
u_03337,2026-08-04T16:50:46Z,referral,Web,free
u_03338,2026-09-19T15:30:14Z,referral,iOS,free
u_03339,2026-07-31T01:14:57Z,paid_social,iOS,standard
u_03340,2026-08-14T20:38:41Z,referral,iOS,free
u_03341,2026-08-20T10:37:30Z,partner_program,iOS,standard
u_03342,2026-07-06T01:19:22Z,organic_search,iOS,free
u_03343,2026-08-13T00:49:22Z,paid_social,iOS,free
u_03344,2026-08-21T09:43:25Z,organic_search,Android,free
u_03345,2026-09-14T06:27:24Z,organic_search,Android,standard
u_03346,2026-08-10T22:26:32Z,partner_program,Web,free
u_03347,2026-08-16T13:16:16Z,paid_social,iOS,free
u_03348,2026-07-17T22:45:34Z,referral,iOS,standard
u_03349,2026-09-02T09:31:31Z,referral,iOS,free
u_03350,2026-07-27T11:40:33Z,partner_program,iOS,standard
u_03351,2026-09-02T09:32:29Z,partner_program,iOS,free
u_03352,2026-07-26T03:27:19Z,organic_search,Android,premium
u_03353,2026-08-03T08:20:56Z,organic_search,Web,standard
u_03354,2026-09-23T07:54:50Z,partner_program,iOS,free
u_03355,2026-08-11T16:01:00Z,partner_program,iOS,premium
u_03356,2026-08-04T23:21:40Z,organic_search,iOS,free
u_03357,2026-07-19T19:55:29Z,paid_social,iOS,standard
u_03358,2026-08-25T22:15:51Z,paid_social,Web,free
u_03359,2026-08-21T16:05:19Z,paid_social,Android,standard
u_03360,2026-07-09T21:58:17Z,paid_social,Web,standard
u_03361,2026-09-19T18:06:48Z,partner_program,Android,free
u_03362,2026-07-29T13:10:56Z,referral,iOS,free
u_03363,2026-07-08T12:15:50Z,organic_search,Android,free
u_03364,2026-09-25T18:19:01Z,partner_program,iOS,free
u_03365,2026-09-20T14:27:38Z,paid_social,Android,free
u_03366,2026-08-05T10:16:50Z,referral,Android,free
u_03367,2026-08-07T14:10:09Z,paid_social,Web,standard
u_03368,2026-09-08T23:26:48Z,organic_search,iOS,premium
u_03369,2026-07-20T10:40:38Z,organic_search,iOS,free
u_03370,2026-09-04T15:16:36Z,paid_social,Web,free
u_03371,2026-08-26T20:40:06Z,organic_search,Android,free
u_03372,2026-08-26T10:55:35Z,paid_social,Android,free
u_03373,2026-07-08T01:45:28Z,organic_search,iOS,standard
u_03374,2026-07-15T14:11:19Z,organic_search,Android,free
u_03375,2026-08-09T11:11:48Z,referral,Android,free
u_03376,2026-09-13T21:13:46Z,paid_social,Web,standard
u_03377,2026-08-02T22:04:21Z,organic_search,iOS,free
u_03378,2026-09-14T15:03:38Z,organic_search,Android,free
u_03379,2026-09-16T00:45:46Z,paid_social,Web,free
u_03380,2026-08-15T23:00:08Z,paid_social,Web,free
u_03381,2026-09-22T13:46:12Z,paid_social,iOS,premium
u_03382,2026-07-10T12:12:54Z,organic_search,iOS,free
u_03383,2026-07-08T09:23:30Z,paid_social,Android,standard
u_03384,2026-07-01T15:20:12Z,referral,Android,free
u_03385,2026-09-25T01:57:31Z,referral,Web,free
u_03386,2026-09-21T20:00:46Z,referral,Android,standard
u_03387,2026-08-01T11:03:05Z,paid_social,iOS,standard
u_03388,2026-09-16T07:05:23Z,organic_search,Web,standard
u_03389,2026-07-22T05:48:26Z,organic_search,Android,standard
u_03390,2026-07-19T02:07:36Z,partner_program,Android,free
u_03391,2026-09-27T06:39:19Z,organic_search,Android,free
u_03392,2026-08-09T11:46:42Z,organic_search,Android,free
u_03393,2026-08-17T00:38:36Z,paid_social,Web,standard
u_03394,2026-09-19T16:45:55Z,paid_social,Android,standard
u_03395,2026-08-17T12:17:51Z,organic_search,Web,standard
u_03396,2026-07-14T22:58:31Z,referral,iOS,free
u_03397,2026-07-02T16:56:19Z,paid_social,iOS,standard
u_03398,2026-07-06T10:54:10Z,paid_social,Android,premium
u_03399,2026-08-10T05:53:53Z,organic_search,Web,free
u_03400,2026-09-11T07:42:12Z,paid_social,Web,premium
u_03401,2026-07-03T15:42:24Z,organic_search,Android,free
u_03402,2026-08-07T17:52:17Z,paid_social,iOS,standard
u_03403,2026-07-05T02:08:20Z,paid_social,Web,standard
u_03404,2026-08-10T02:52:44Z,partner_program,iOS,premium
u_03405,2026-07-07T23:02:23Z,paid_social,iOS,free
u_03406,2026-07-21T12:21:25Z,paid_social,Android,standard
u_03407,2026-09-08T23:57:33Z,organic_search,Android,free
u_03408,2026-08-14T05:02:17Z,referral,Android,free
u_03409,2026-08-17T18:02:12Z,referral,Android,standard
u_03410,2026-08-21T22:39:03Z,paid_social,Android,standard
u_03411,2026-08-09T12:09:47Z,paid_social,iOS,premium
u_03412,2026-07-14T12:40:22Z,partner_program,Web,standard
u_03413,2026-08-22T23:33:10Z,paid_social,Android,standard
u_03414,2026-07-19T08:47:37Z,referral,Android,standard
u_03415,2026-07-05T03:38:54Z,referral,Web,standard
u_03416,2026-09-04T09:23:04Z,paid_social,iOS,free
u_03417,2026-09-18T17:50:10Z,paid_social,iOS,standard
u_03418,2026-09-06T18:49:59Z,paid_social,Android,standard
u_03419,2026-09-02T06:28:14Z,paid_social,Web,free
u_03420,2026-09-27T18:56:11Z,paid_social,Android,standard
u_03421,2026-09-26T16:31:56Z,paid_social,Android,free
u_03422,2026-07-29T00:35:04Z,referral,Web,free
u_03423,2026-08-21T16:04:48Z,paid_social,Web,standard
u_03424,2026-09-13T17:22:42Z,paid_social,Web,standard
u_03425,2026-07-14T21:06:45Z,paid_social,Android,standard
u_03426,2026-09-19T23:50:45Z,paid_social,iOS,standard
u_03427,2026-07-10T21:29:41Z,referral,Android,free
u_03428,2026-09-08T11:56:50Z,paid_social,Android,free
u_03429,2026-08-08T05:41:30Z,referral,Android,free
u_03430,2026-07-06T10:59:04Z,paid_social,iOS,standard
u_03431,2026-09-15T21:20:52Z,paid_social,Web,free
u_03432,2026-08-15T16:09:43Z,referral,Web,free
u_03433,2026-09-16T10:31:32Z,paid_social,Android,standard
u_03434,2026-08-11T01:09:15Z,paid_social,Web,standard
u_03435,2026-08-23T06:20:07Z,paid_social,Android,free
u_03436,2026-08-06T20:02:02Z,referral,Android,standard
u_03437,2026-08-17T01:49:30Z,organic_search,iOS,standard
u_03438,2026-09-05T22:50:39Z,paid_social,iOS,premium
u_03439,2026-08-18T01:45:28Z,referral,Web,free
u_03440,2026-08-06T13:20:52Z,organic_search,iOS,free
u_03441,2026-08-18T13:45:34Z,paid_social,Android,standard
u_03442,2026-07-03T14:27:44Z,paid_social,Android,free
u_03443,2026-09-04T20:43:01Z,organic_search,Android,free
u_03444,2026-07-09T01:22:51Z,referral,Web,standard
u_03445,2026-08-07T17:39:34Z,partner_program,iOS,free
u_03446,2026-07-06T20:21:43Z,partner_program,iOS,standard
u_03447,2026-07-07T03:40:32Z,partner_program,Web,free
u_03448,2026-07-29T05:17:12Z,organic_search,Web,premium
u_03449,2026-07-06T05:12:25Z,referral,iOS,free
u_03450,2026-07-01T06:42:53Z,paid_social,iOS,standard
u_03451,2026-07-28T07:41:33Z,paid_social,Web,standard
u_03452,2026-08-22T22:10:45Z,partner_program,Android,standard
u_03453,2026-09-10T13:52:32Z,paid_social,Web,free
u_03454,2026-09-12T12:01:34Z,referral,Web,standard
u_03455,2026-08-09T19:09:52Z,paid_social,iOS,free
u_03456,2026-08-31T00:02:29Z,paid_social,Web,free
u_03457,2026-08-28T11:42:25Z,organic_search,iOS,standard
u_03458,2026-07-24T15:18:39Z,referral,Android,free
u_03459,2026-07-05T08:54:35Z,partner_program,iOS,free
u_03460,2026-07-28T14:32:23Z,organic_search,Web,standard
u_03461,2026-09-11T06:35:51Z,paid_social,iOS,standard
u_03462,2026-08-01T14:34:20Z,paid_social,iOS,free
u_03463,2026-09-05T22:33:25Z,organic_search,Android,free
u_03464,2026-07-17T08:04:34Z,paid_social,iOS,free
u_03465,2026-08-25T06:37:02Z,paid_social,iOS,premium
u_03466,2026-08-11T09:12:35Z,referral,Android,free
u_03467,2026-08-21T00:55:01Z,paid_social,Android,standard
u_03468,2026-08-07T20:06:45Z,paid_social,iOS,free
u_03469,2026-08-25T03:11:52Z,paid_social,iOS,free
u_03470,2026-09-25T21:57:54Z,organic_search,iOS,standard
u_03471,2026-08-04T07:42:08Z,referral,Web,free
u_03472,2026-08-17T20:37:51Z,partner_program,Android,standard
u_03473,2026-08-14T00:54:16Z,partner_program,Android,standard
u_03474,2026-09-05T01:24:32Z,paid_social,iOS,free
u_03475,2026-09-05T01:59:22Z,partner_program,Android,free
u_03476,2026-08-11T18:39:51Z,referral,Android,free
u_03477,2026-07-10T19:39:01Z,partner_program,iOS,standard
u_03478,2026-07-21T02:48:52Z,partner_program,iOS,free
u_03479,2026-07-22T20:00:04Z,paid_social,Android,standard
u_03480,2026-09-15T01:04:43Z,partner_program,Android,free
u_03481,2026-07-18T05:05:34Z,referral,iOS,free
u_03482,2026-09-11T00:25:24Z,partner_program,iOS,free
u_03483,2026-07-15T06:52:54Z,referral,iOS,free
u_03484,2026-07-24T05:23:03Z,partner_program,Android,free
u_03485,2026-09-17T00:54:59Z,referral,Web,standard
u_03486,2026-09-09T07:27:41Z,referral,Android,free
u_03487,2026-07-16T04:47:26Z,referral,iOS,free
u_03488,2026-07-09T21:13:19Z,paid_social,Web,standard
u_03489,2026-09-12T22:28:46Z,paid_social,Web,standard
u_03490,2026-07-17T09:15:38Z,partner_program,iOS,standard
u_03491,2026-08-12T01:06:50Z,referral,Android,free
u_03492,2026-09-20T20:10:59Z,paid_social,iOS,free
u_03493,2026-09-02T00:35:34Z,referral,Android,standard
u_03494,2026-08-15T23:09:46Z,organic_search,iOS,free
u_03495,2026-08-23T21:48:54Z,paid_social,Android,free
u_03496,2026-08-16T05:02:29Z,organic_search,Android,standard
u_03497,2026-07-04T18:02:01Z,paid_social,Android,free
u_03498,2026-07-23T09:52:15Z,paid_social,Web,standard
u_03499,2026-08-12T02:32:18Z,referral,iOS,free
u_03500,2026-07-09T22:35:51Z,organic_search,iOS,standard
u_03501,2026-08-29T05:53:26Z,partner_program,Web,premium
u_03502,2026-08-01T12:26:40Z,organic_search,iOS,premium
u_03503,2026-07-06T22:30:33Z,referral,Web,free
u_03504,2026-08-21T00:00:49Z,paid_social,Android,standard
u_03505,2026-09-09T02:10:33Z,paid_social,Web,free
u_03506,2026-09-03T04:51:29Z,paid_social,Web,premium
u_03507,2026-09-01T02:56:36Z,organic_search,Web,premium
u_03508,2026-08-28T10:20:10Z,partner_program,Web,standard
u_03509,2026-07-04T00:30:33Z,referral,iOS,standard
u_03510,2026-09-13T12:58:20Z,paid_social,iOS,standard
u_03511,2026-08-07T16:37:49Z,referral,Android,free
u_03512,2026-09-21T14:16:52Z,organic_search,iOS,free
u_03513,2026-09-19T12:02:00Z,organic_search,Web,free
u_03514,2026-08-23T00:04:54Z,paid_social,Android,standard
u_03515,2026-09-28T18:54:16Z,paid_social,iOS,standard
u_03516,2026-07-29T13:58:25Z,referral,iOS,free
u_03517,2026-08-27T22:25:03Z,organic_search,iOS,premium
u_03518,2026-09-28T07:50:38Z,referral,iOS,free
u_03519,2026-07-28T07:01:08Z,partner_program,iOS,premium
u_03520,2026-07-04T02:23:09Z,paid_social,Web,free
u_03521,2026-09-01T00:48:20Z,organic_search,Web,free
u_03522,2026-09-10T19:10:03Z,partner_program,Android,free
u_03523,2026-07-01T06:32:47Z,paid_social,iOS,standard
u_03524,2026-07-28T13:45:11Z,referral,Web,standard
u_03525,2026-07-28T17:59:46Z,paid_social,Android,standard
u_03526,2026-07-02T15:09:42Z,partner_program,Web,standard
u_03527,2026-08-19T23:17:07Z,paid_social,Web,free
u_03528,2026-07-01T13:51:10Z,organic_search,iOS,free
u_03529,2026-07-28T16:19:41Z,paid_social,iOS,premium
u_03530,2026-07-31T05:48:11Z,organic_search,Web,standard
u_03531,2026-07-11T23:26:08Z,partner_program,Android,standard
u_03532,2026-07-02T15:45:17Z,paid_social,Android,free
u_03533,2026-08-25T18:59:01Z,paid_social,Android,premium
u_03534,2026-07-17T04:36:00Z,organic_search,iOS,free
u_03535,2026-08-27T22:17:54Z,partner_program,iOS,free
u_03536,2026-07-10T12:21:56Z,paid_social,Web,free
u_03537,2026-09-02T08:22:33Z,paid_social,Android,standard
u_03538,2026-09-14T01:33:12Z,paid_social,Android,free
u_03539,2026-08-07T06:44:42Z,paid_social,Web,free
u_03540,2026-08-31T00:17:11Z,organic_search,Android,standard
u_03541,2026-08-02T23:39:54Z,partner_program,Android,free
u_03542,2026-08-23T18:07:10Z,referral,Web,free
u_03543,2026-08-25T19:58:07Z,organic_search,iOS,free
u_03544,2026-08-15T19:32:30Z,referral,Android,standard
u_03545,2026-07-31T09:31:47Z,organic_search,Android,standard
u_03546,2026-08-14T03:21:36Z,paid_social,Web,standard
u_03547,2026-08-02T17:30:22Z,referral,iOS,standard
u_03548,2026-07-15T08:57:42Z,organic_search,iOS,free
u_03549,2026-08-13T05:08:05Z,organic_search,Android,premium
u_03550,2026-09-03T13:32:59Z,organic_search,Android,standard
u_03551,2026-08-04T03:46:16Z,organic_search,Web,standard
u_03552,2026-08-05T05:23:56Z,referral,Android,free
u_03553,2026-07-09T03:52:50Z,referral,iOS,premium
u_03554,2026-09-04T16:23:04Z,paid_social,iOS,free
u_03555,2026-07-12T04:04:38Z,organic_search,iOS,standard
u_03556,2026-09-22T04:14:53Z,referral,Web,free
u_03557,2026-08-18T13:50:40Z,partner_program,iOS,free
u_03558,2026-07-29T18:01:55Z,organic_search,Android,free
u_03559,2026-09-04T21:40:32Z,referral,Android,standard
u_03560,2026-07-10T15:46:09Z,paid_social,Android,standard
u_03561,2026-08-18T22:36:19Z,partner_program,Web,standard
u_03562,2026-08-01T21:31:05Z,organic_search,Android,standard
u_03563,2026-08-26T23:05:54Z,paid_social,iOS,premium
u_03564,2026-08-12T17:07:41Z,referral,iOS,free
u_03565,2026-08-27T07:53:02Z,organic_search,Android,free
u_03566,2026-08-14T00:01:50Z,paid_social,Web,standard
u_03567,2026-07-03T19:30:14Z,paid_social,Android,standard
u_03568,2026-09-11T20:08:50Z,paid_social,Android,standard
u_03569,2026-07-16T18:14:26Z,referral,Web,standard
u_03570,2026-07-07T06:46:23Z,paid_social,Android,standard
u_03571,2026-07-09T09:30:47Z,paid_social,Android,standard
u_03572,2026-07-25T23:02:32Z,paid_social,Android,free
u_03573,2026-07-15T05:17:47Z,referral,Android,free
u_03574,2026-07-10T10:23:40Z,referral,iOS,free
u_03575,2026-08-17T04:03:38Z,partner_program,iOS,free
u_03576,2026-08-03T12:22:13Z,referral,Android,premium
u_03577,2026-08-19T16:43:38Z,paid_social,iOS,standard
u_03578,2026-07-14T12:59:06Z,organic_search,Android,free
u_03579,2026-07-28T15:50:59Z,organic_search,Android,premium
u_03580,2026-07-04T09:25:25Z,referral,Android,free
u_03581,2026-07-26T18:27:03Z,referral,iOS,free
u_03582,2026-07-30T04:08:14Z,paid_social,iOS,free
u_03583,2026-07-31T08:57:30Z,referral,Android,standard
u_03584,2026-07-27T10:35:47Z,paid_social,Android,free
u_03585,2026-07-29T00:26:15Z,organic_search,iOS,premium
u_03586,2026-07-07T12:32:14Z,paid_social,Web,free
u_03587,2026-07-05T03:02:26Z,paid_social,Web,free
u_03588,2026-09-20T21:06:31Z,organic_search,iOS,standard
u_03589,2026-07-10T15:18:01Z,paid_social,Web,premium
u_03590,2026-07-29T17:39:08Z,organic_search,iOS,premium
u_03591,2026-08-09T16:21:07Z,organic_search,Web,standard
u_03592,2026-09-18T03:18:23Z,paid_social,iOS,free
u_03593,2026-08-30T00:21:42Z,organic_search,Android,free
u_03594,2026-07-27T11:42:16Z,paid_social,Web,premium
u_03595,2026-07-08T18:58:25Z,paid_social,iOS,standard
u_03596,2026-07-29T00:03:04Z,referral,Web,standard
u_03597,2026-08-01T09:00:07Z,referral,Web,standard
u_03598,2026-08-18T00:01:24Z,paid_social,Android,standard
u_03599,2026-07-10T18:56:23Z,referral,Android,standard
u_03600,2026-09-24T20:05:30Z,organic_search,Web,free
u_03601,2026-09-18T21:25:36Z,paid_social,iOS,standard
u_03602,2026-07-14T03:31:13Z,paid_social,iOS,premium
u_03603,2026-08-15T19:57:24Z,organic_search,Android,free
u_03604,2026-08-16T17:34:36Z,paid_social,iOS,free
u_03605,2026-07-25T14:12:47Z,paid_social,Web,free
u_03606,2026-08-23T20:57:10Z,organic_search,iOS,premium
u_03607,2026-09-01T13:54:56Z,partner_program,iOS,free
u_03608,2026-08-01T12:53:40Z,organic_search,iOS,standard
u_03609,2026-07-20T02:43:17Z,organic_search,Web,free
u_03610,2026-07-09T10:17:09Z,paid_social,Android,free
u_03611,2026-09-09T15:37:59Z,paid_social,iOS,free
u_03612,2026-09-08T05:34:24Z,paid_social,Android,standard
u_03613,2026-07-10T13:38:32Z,organic_search,iOS,free
u_03614,2026-07-06T08:36:14Z,paid_social,Android,free
u_03615,2026-07-01T20:46:42Z,organic_search,Android,free
u_03616,2026-07-01T00:24:56Z,paid_social,Android,standard
u_03617,2026-08-20T04:18:18Z,partner_program,iOS,free
u_03618,2026-09-02T06:40:29Z,organic_search,iOS,premium
u_03619,2026-08-20T00:54:20Z,paid_social,Android,free
u_03620,2026-07-24T01:25:35Z,paid_social,Android,free
u_03621,2026-09-01T06:11:11Z,organic_search,Web,free
u_03622,2026-08-25T15:54:44Z,referral,iOS,premium
u_03623,2026-09-13T16:58:37Z,referral,iOS,standard
u_03624,2026-09-05T20:12:43Z,partner_program,iOS,free
u_03625,2026-07-10T08:40:00Z,organic_search,Web,free
u_03626,2026-08-17T17:06:07Z,organic_search,Android,standard
u_03627,2026-07-25T21:12:24Z,organic_search,Android,standard
u_03628,2026-08-25T19:42:00Z,partner_program,iOS,standard
u_03629,2026-07-07T04:15:04Z,referral,iOS,free
u_03630,2026-08-02T23:55:11Z,partner_program,iOS,free
u_03631,2026-07-23T05:39:07Z,paid_social,Web,free
u_03632,2026-07-31T23:29:32Z,referral,Android,free
u_03633,2026-07-05T20:11:01Z,organic_search,iOS,free
u_03634,2026-08-26T22:20:07Z,partner_program,iOS,free
u_03635,2026-07-28T02:22:37Z,organic_search,Android,free
u_03636,2026-09-18T05:56:56Z,organic_search,Android,free
u_03637,2026-08-06T10:51:36Z,paid_social,iOS,free
u_03638,2026-09-09T21:56:15Z,organic_search,iOS,premium
u_03639,2026-07-28T18:58:53Z,organic_search,iOS,free
u_03640,2026-08-08T02:29:40Z,paid_social,Android,free
u_03641,2026-08-22T05:21:28Z,paid_social,Android,free
u_03642,2026-09-03T16:42:59Z,referral,iOS,standard
u_03643,2026-09-15T07:06:27Z,partner_program,Web,standard
u_03644,2026-07-28T03:13:27Z,organic_search,iOS,free
u_03645,2026-09-05T10:18:06Z,paid_social,Android,standard
u_03646,2026-09-13T23:36:43Z,paid_social,iOS,free
u_03647,2026-08-30T16:56:22Z,paid_social,Web,free
u_03648,2026-07-30T04:26:35Z,paid_social,iOS,free
u_03649,2026-09-19T06:50:35Z,organic_search,iOS,free
u_03650,2026-07-17T07:19:30Z,paid_social,Android,free
u_03651,2026-07-06T18:05:58Z,paid_social,iOS,standard
u_03652,2026-08-08T06:35:13Z,paid_social,Android,free
u_03653,2026-09-12T05:52:47Z,paid_social,iOS,standard
u_03654,2026-08-21T09:39:08Z,organic_search,iOS,free
u_03655,2026-08-15T10:13:52Z,partner_program,iOS,standard
u_03656,2026-08-26T13:44:19Z,referral,Web,standard
u_03657,2026-07-17T10:01:02Z,paid_social,Web,premium
u_03658,2026-08-16T00:04:21Z,referral,Web,standard
u_03659,2026-07-22T09:20:28Z,partner_program,Web,free
u_03660,2026-07-17T21:19:34Z,organic_search,Android,free
u_03661,2026-08-04T16:43:34Z,partner_program,Web,free
u_03662,2026-08-17T14:30:00Z,referral,Android,free
u_03663,2026-08-30T22:18:32Z,organic_search,Web,standard
u_03664,2026-09-24T01:02:30Z,organic_search,iOS,free
u_03665,2026-09-26T20:06:42Z,referral,iOS,free
u_03666,2026-07-24T13:26:39Z,paid_social,Web,standard
u_03667,2026-09-05T13:02:55Z,paid_social,iOS,standard
u_03668,2026-09-07T11:38:49Z,partner_program,iOS,free
u_03669,2026-09-09T16:18:40Z,referral,Android,free
u_03670,2026-08-17T01:51:03Z,referral,Android,standard
u_03671,2026-07-20T00:36:44Z,paid_social,Web,standard
u_03672,2026-07-06T23:41:51Z,organic_search,Android,standard
u_03673,2026-07-22T01:18:24Z,paid_social,iOS,standard
u_03674,2026-09-05T13:34:18Z,organic_search,iOS,free
u_03675,2026-08-03T06:07:16Z,paid_social,Android,free
u_03676,2026-08-07T18:19:20Z,organic_search,iOS,free
u_03677,2026-07-18T12:37:55Z,referral,iOS,standard
u_03678,2026-08-23T13:49:50Z,paid_social,iOS,free
u_03679,2026-08-21T16:11:46Z,paid_social,Android,free
u_03680,2026-08-28T14:12:57Z,referral,Web,standard
u_03681,2026-07-18T01:18:00Z,organic_search,iOS,standard
u_03682,2026-08-05T16:50:13Z,organic_search,Web,standard
u_03683,2026-09-11T13:52:28Z,paid_social,Android,standard
u_03684,2026-09-09T11:51:33Z,paid_social,Web,free
u_03685,2026-08-30T23:59:52Z,paid_social,Web,free
u_03686,2026-08-28T11:30:04Z,referral,iOS,premium
u_03687,2026-09-06T12:09:44Z,organic_search,Web,free
u_03688,2026-07-03T16:21:11Z,paid_social,iOS,free
u_03689,2026-08-16T07:36:25Z,paid_social,Android,free
u_03690,2026-08-24T23:10:33Z,organic_search,Android,standard
u_03691,2026-09-28T11:18:56Z,referral,iOS,standard
u_03692,2026-08-30T02:00:19Z,paid_social,Web,free
u_03693,2026-07-02T23:16:25Z,organic_search,iOS,free
u_03694,2026-07-16T15:51:51Z,referral,Web,standard
u_03695,2026-07-17T01:12:23Z,organic_search,Web,standard
u_03696,2026-08-21T06:20:14Z,organic_search,Web,free
u_03697,2026-08-24T07:08:52Z,organic_search,Android,premium
u_03698,2026-09-13T15:02:00Z,referral,Android,standard
u_03699,2026-07-26T12:38:56Z,referral,iOS,free
u_03700,2026-09-28T05:15:52Z,paid_social,iOS,free
u_03701,2026-07-21T05:39:46Z,referral,iOS,standard
u_03702,2026-08-17T22:01:52Z,referral,Web,free
u_03703,2026-08-07T13:03:02Z,partner_program,Android,free
u_03704,2026-07-08T05:28:51Z,paid_social,Web,standard
u_03705,2026-07-05T22:01:48Z,referral,iOS,free
u_03706,2026-08-17T11:25:08Z,referral,Web,free
u_03707,2026-09-19T07:46:11Z,paid_social,Android,standard
u_03708,2026-07-10T08:55:47Z,partner_program,iOS,free
u_03709,2026-08-20T18:43:32Z,referral,Web,free
u_03710,2026-08-17T09:48:53Z,referral,iOS,standard
u_03711,2026-07-16T21:56:17Z,organic_search,Android,free
u_03712,2026-07-02T13:06:16Z,paid_social,Android,standard
u_03713,2026-07-09T09:12:48Z,partner_program,Android,free
u_03714,2026-09-24T04:47:26Z,organic_search,Web,standard
u_03715,2026-08-12T08:50:14Z,organic_search,Web,standard
u_03716,2026-08-30T20:02:20Z,organic_search,Android,free
u_03717,2026-08-05T10:44:23Z,paid_social,iOS,premium
u_03718,2026-07-17T23:22:46Z,paid_social,Web,standard
u_03719,2026-07-05T20:16:13Z,partner_program,Android,free
u_03720,2026-07-13T03:05:14Z,paid_social,iOS,standard
u_03721,2026-08-29T10:31:45Z,paid_social,Android,premium
u_03722,2026-09-20T18:45:20Z,organic_search,Android,free
u_03723,2026-09-11T15:51:07Z,referral,Android,standard
u_03724,2026-08-23T18:30:32Z,organic_search,iOS,standard
u_03725,2026-09-08T12:22:48Z,organic_search,Web,standard
u_03726,2026-08-07T18:47:06Z,organic_search,Android,standard
u_03727,2026-07-15T11:10:51Z,referral,iOS,standard
u_03728,2026-07-23T14:16:07Z,paid_social,Android,free
u_03729,2026-08-10T22:50:55Z,organic_search,Android,standard
u_03730,2026-07-26T21:45:18Z,paid_social,iOS,standard
u_03731,2026-08-26T17:59:10Z,organic_search,Web,standard
u_03732,2026-07-02T07:24:44Z,organic_search,Android,free
u_03733,2026-09-19T15:39:34Z,organic_search,Android,premium
u_03734,2026-07-10T03:11:40Z,referral,iOS,free
u_03735,2026-07-20T18:36:46Z,referral,Android,standard
u_03736,2026-07-07T12:26:39Z,referral,iOS,premium
u_03737,2026-08-06T22:57:52Z,paid_social,iOS,standard
u_03738,2026-09-22T22:15:56Z,organic_search,iOS,standard
u_03739,2026-09-08T16:14:42Z,paid_social,Android,free
u_03740,2026-08-17T16:15:06Z,organic_search,Android,standard
u_03741,2026-07-09T00:45:07Z,paid_social,Android,free
u_03742,2026-09-08T13:19:45Z,paid_social,Android,free
u_03743,2026-09-21T19:18:43Z,paid_social,Android,free
u_03744,2026-09-14T10:46:15Z,organic_search,iOS,standard
u_03745,2026-07-31T22:42:27Z,partner_program,iOS,free
u_03746,2026-08-26T06:36:30Z,organic_search,Android,free
u_03747,2026-09-23T07:47:32Z,paid_social,iOS,free
u_03748,2026-07-24T22:25:34Z,organic_search,Web,free
u_03749,2026-08-21T14:59:20Z,referral,iOS,free
u_03750,2026-09-08T09:27:03Z,paid_social,iOS,free
u_03751,2026-08-07T01:19:33Z,referral,Android,free
u_03752,2026-08-12T04:09:44Z,organic_search,Android,premium
u_03753,2026-08-27T03:20:01Z,paid_social,Android,standard
u_03754,2026-08-21T14:33:33Z,organic_search,iOS,free
u_03755,2026-07-21T07:17:46Z,organic_search,Android,free
u_03756,2026-07-20T17:32:34Z,organic_search,iOS,free
u_03757,2026-09-07T08:54:00Z,partner_program,iOS,standard
u_03758,2026-08-30T02:50:50Z,organic_search,Web,free
u_03759,2026-08-14T08:57:38Z,referral,Android,standard
u_03760,2026-09-23T23:25:19Z,paid_social,iOS,standard
u_03761,2026-08-23T04:54:22Z,partner_program,Android,free
u_03762,2026-09-12T04:40:00Z,paid_social,iOS,standard
u_03763,2026-09-18T12:15:48Z,organic_search,iOS,free
u_03764,2026-08-12T23:01:46Z,organic_search,Android,free
u_03765,2026-07-01T18:39:47Z,referral,Web,standard
u_03766,2026-08-13T14:16:51Z,partner_program,Web,free
u_03767,2026-09-27T11:55:09Z,referral,Android,standard
u_03768,2026-08-31T07:40:48Z,paid_social,iOS,free
u_03769,2026-09-25T07:09:11Z,paid_social,Android,free
u_03770,2026-09-28T10:35:04Z,paid_social,Android,free
u_03771,2026-09-14T21:01:51Z,organic_search,Android,free
u_03772,2026-07-17T07:42:33Z,paid_social,iOS,free
u_03773,2026-08-14T12:16:10Z,paid_social,Android,free
u_03774,2026-09-12T07:49:32Z,paid_social,Android,standard
u_03775,2026-07-01T05:33:13Z,organic_search,Web,standard
u_03776,2026-09-04T07:53:57Z,organic_search,iOS,premium
u_03777,2026-07-20T19:35:51Z,organic_search,Web,free
u_03778,2026-08-17T03:26:54Z,referral,Android,standard
u_03779,2026-07-31T20:45:12Z,referral,iOS,free
u_03780,2026-09-01T03:14:55Z,organic_search,Web,free
u_03781,2026-07-20T18:40:12Z,organic_search,Android,free
u_03782,2026-07-21T12:51:01Z,paid_social,iOS,standard
u_03783,2026-07-11T04:18:56Z,paid_social,Web,free
u_03784,2026-08-21T02:51:34Z,paid_social,Web,standard
u_03785,2026-08-14T10:16:37Z,partner_program,Android,premium
u_03786,2026-08-14T21:14:53Z,partner_program,Android,free
u_03787,2026-09-15T22:55:59Z,paid_social,iOS,free
u_03788,2026-08-20T12:44:00Z,organic_search,iOS,standard
u_03789,2026-09-05T20:59:44Z,partner_program,Android,standard
u_03790,2026-08-12T00:05:20Z,referral,Web,premium
u_03791,2026-08-05T21:04:49Z,organic_search,Android,standard
u_03792,2026-09-15T18:46:55Z,paid_social,Web,standard
u_03793,2026-09-04T04:21:03Z,paid_social,Web,standard
u_03794,2026-08-30T04:41:26Z,referral,iOS,premium
u_03795,2026-09-16T10:26:22Z,referral,iOS,free
u_03796,2026-08-11T11:56:24Z,partner_program,Android,free
u_03797,2026-07-16T16:38:30Z,referral,Android,free
u_03798,2026-07-27T02:48:44Z,paid_social,Web,free
u_03799,2026-07-01T00:25:18Z,paid_social,iOS,standard
u_03800,2026-07-16T10:34:31Z,partner_program,iOS,free
u_03801,2026-07-07T14:41:04Z,partner_program,Android,free
u_03802,2026-09-08T02:59:04Z,referral,Web,free
u_03803,2026-07-24T11:27:42Z,paid_social,Android,free
u_03804,2026-07-03T17:18:48Z,referral,Web,standard
u_03805,2026-09-12T20:16:38Z,paid_social,Android,free
u_03806,2026-09-08T23:40:34Z,referral,iOS,standard
u_03807,2026-08-16T02:37:58Z,organic_search,iOS,premium
u_03808,2026-07-29T20:03:09Z,paid_social,iOS,free
u_03809,2026-09-08T10:11:41Z,partner_program,iOS,free
u_03810,2026-08-04T03:49:37Z,paid_social,Android,standard
u_03811,2026-07-29T13:14:00Z,paid_social,iOS,free
u_03812,2026-09-14T15:28:28Z,paid_social,Web,free
u_03813,2026-08-11T17:16:58Z,paid_social,Android,free
u_03814,2026-07-30T21:36:40Z,paid_social,iOS,premium
u_03815,2026-07-17T09:15:44Z,referral,Android,standard
u_03816,2026-07-05T15:15:26Z,organic_search,Android,free
u_03817,2026-07-27T13:57:21Z,organic_search,Android,free
u_03818,2026-07-14T01:49:11Z,organic_search,iOS,standard
u_03819,2026-09-08T21:15:15Z,paid_social,iOS,free
u_03820,2026-08-12T20:23:43Z,organic_search,iOS,free
u_03821,2026-08-23T06:13:29Z,paid_social,Web,free
u_03822,2026-07-23T22:20:37Z,paid_social,iOS,free
u_03823,2026-09-28T12:16:23Z,organic_search,Android,free
u_03824,2026-07-07T00:43:31Z,organic_search,iOS,free
u_03825,2026-09-26T03:27:46Z,paid_social,Android,standard
u_03826,2026-09-09T04:23:50Z,paid_social,iOS,free
u_03827,2026-07-18T07:21:15Z,referral,Web,standard
u_03828,2026-09-23T09:30:13Z,referral,iOS,standard
u_03829,2026-09-17T01:20:28Z,organic_search,Web,premium
u_03830,2026-07-10T19:17:12Z,referral,Android,free
u_03831,2026-07-23T01:58:58Z,organic_search,Android,free
u_03832,2026-07-03T06:58:59Z,paid_social,Android,free
u_03833,2026-07-27T15:10:04Z,organic_search,Web,free
u_03834,2026-09-04T07:14:16Z,organic_search,iOS,premium
u_03835,2026-07-04T16:51:50Z,organic_search,Android,free
u_03836,2026-07-10T00:22:20Z,referral,iOS,free
u_03837,2026-09-02T08:31:16Z,partner_program,iOS,standard
u_03838,2026-08-28T14:48:51Z,paid_social,iOS,standard
u_03839,2026-07-29T12:37:59Z,referral,iOS,free
u_03840,2026-09-22T14:40:07Z,partner_program,iOS,free
u_03841,2026-08-09T03:19:46Z,paid_social,Android,standard
u_03842,2026-09-04T06:02:56Z,organic_search,iOS,standard
u_03843,2026-07-12T05:51:41Z,partner_program,iOS,free
u_03844,2026-08-09T12:09:15Z,organic_search,iOS,standard
u_03845,2026-07-22T10:51:48Z,organic_search,Android,free
u_03846,2026-07-22T10:05:32Z,partner_program,Android,free
u_03847,2026-07-13T14:33:32Z,partner_program,Android,standard
u_03848,2026-09-04T05:49:58Z,referral,Web,free
u_03849,2026-09-12T16:11:42Z,organic_search,iOS,standard
u_03850,2026-08-14T11:11:30Z,organic_search,Web,free
u_03851,2026-09-07T20:01:50Z,organic_search,iOS,free
u_03852,2026-09-03T06:25:21Z,paid_social,Web,free
u_03853,2026-07-03T18:34:51Z,paid_social,iOS,standard
u_03854,2026-09-26T13:04:56Z,organic_search,iOS,standard
u_03855,2026-09-19T03:31:46Z,paid_social,iOS,standard
u_03856,2026-08-26T19:38:02Z,referral,Web,free
u_03857,2026-08-15T06:16:28Z,referral,Web,premium
u_03858,2026-08-25T23:53:42Z,referral,Android,free
u_03859,2026-07-22T13:31:06Z,organic_search,iOS,free
u_03860,2026-07-21T02:54:10Z,partner_program,Web,free
u_03861,2026-09-23T02:32:22Z,organic_search,Web,free
u_03862,2026-08-16T18:11:57Z,organic_search,iOS,free
u_03863,2026-09-15T03:25:08Z,paid_social,Android,free
u_03864,2026-09-04T06:59:57Z,paid_social,Android,standard
u_03865,2026-07-22T01:57:02Z,referral,Android,free
u_03866,2026-08-11T04:49:41Z,paid_social,Android,standard
u_03867,2026-09-24T02:29:55Z,paid_social,iOS,standard
u_03868,2026-07-15T16:28:59Z,paid_social,Android,free
u_03869,2026-09-10T19:25:38Z,referral,Web,free
u_03870,2026-07-11T23:08:36Z,paid_social,iOS,standard
u_03871,2026-08-08T02:27:30Z,referral,Android,standard
u_03872,2026-07-01T05:54:57Z,organic_search,Android,free
u_03873,2026-09-15T15:40:08Z,partner_program,Web,free
u_03874,2026-09-03T18:31:11Z,organic_search,iOS,free
u_03875,2026-07-13T06:11:18Z,paid_social,Web,standard
u_03876,2026-09-09T14:41:40Z,referral,Android,free
u_03877,2026-09-04T02:26:26Z,referral,iOS,free
u_03878,2026-09-19T02:58:16Z,partner_program,iOS,premium
u_03879,2026-09-26T11:23:09Z,paid_social,Web,free
u_03880,2026-08-17T10:54:38Z,organic_search,iOS,standard
u_03881,2026-09-23T15:36:36Z,paid_social,iOS,standard
u_03882,2026-08-14T11:05:51Z,paid_social,Android,premium
u_03883,2026-07-19T16:33:55Z,referral,iOS,standard
u_03884,2026-08-02T12:29:19Z,organic_search,iOS,free
u_03885,2026-09-17T23:17:21Z,partner_program,Web,free
u_03886,2026-09-24T04:30:02Z,paid_social,iOS,free
u_03887,2026-09-25T19:07:19Z,referral,Android,free
u_03888,2026-08-06T00:29:02Z,paid_social,Android,standard
u_03889,2026-09-28T09:36:07Z,organic_search,Android,free
u_03890,2026-08-24T22:36:15Z,paid_social,Android,standard
u_03891,2026-07-14T17:15:55Z,organic_search,Web,standard
u_03892,2026-07-13T08:49:38Z,partner_program,iOS,free
u_03893,2026-09-19T05:19:09Z,organic_search,Android,standard
u_03894,2026-07-30T02:49:53Z,organic_search,Android,standard
u_03895,2026-08-09T23:58:22Z,partner_program,Web,free
u_03896,2026-08-07T20:19:45Z,organic_search,Android,standard
u_03897,2026-07-15T21:49:01Z,organic_search,Android,free
u_03898,2026-09-11T17:16:53Z,organic_search,iOS,free
u_03899,2026-08-28T18:44:39Z,organic_search,Android,standard
u_03900,2026-08-25T13:34:24Z,paid_social,Android,free
u_03901,2026-08-21T20:28:12Z,referral,Web,standard
u_03902,2026-09-08T16:04:57Z,referral,Android,free
u_03903,2026-07-26T17:04:52Z,paid_social,iOS,free
u_03904,2026-09-26T05:38:20Z,organic_search,Web,standard
u_03905,2026-09-26T09:41:03Z,referral,Android,standard
u_03906,2026-07-13T13:52:19Z,paid_social,iOS,free
u_03907,2026-09-11T18:25:24Z,referral,Android,free
u_03908,2026-07-22T12:31:38Z,referral,iOS,free
u_03909,2026-09-25T19:50:01Z,organic_search,Web,free
u_03910,2026-08-01T11:50:48Z,referral,Web,free
u_03911,2026-07-12T20:42:58Z,referral,Web,standard
u_03912,2026-09-20T09:29:25Z,paid_social,iOS,free
u_03913,2026-08-06T20:20:44Z,paid_social,Web,premium
u_03914,2026-08-20T19:18:53Z,paid_social,iOS,free
u_03915,2026-09-08T21:16:32Z,organic_search,Android,free
u_03916,2026-08-29T10:46:09Z,referral,iOS,free
u_03917,2026-08-03T01:26:59Z,paid_social,Web,free
u_03918,2026-07-21T20:55:38Z,paid_social,Web,free
u_03919,2026-08-07T09:41:02Z,partner_program,iOS,free
u_03920,2026-07-29T22:01:31Z,referral,Web,free
u_03921,2026-09-05T03:48:44Z,organic_search,Web,standard
u_03922,2026-07-21T13:20:24Z,partner_program,iOS,standard
u_03923,2026-07-26T08:45:10Z,partner_program,iOS,premium
u_03924,2026-07-05T08:17:04Z,organic_search,Android,free
u_03925,2026-07-30T21:33:50Z,organic_search,Android,free
u_03926,2026-08-08T14:35:22Z,organic_search,iOS,standard
u_03927,2026-08-04T18:08:51Z,organic_search,Android,free
u_03928,2026-09-25T09:40:49Z,organic_search,iOS,standard
u_03929,2026-07-11T20:55:30Z,referral,Android,free
u_03930,2026-09-14T12:28:51Z,paid_social,Web,free
u_03931,2026-07-21T04:41:41Z,organic_search,iOS,free
u_03932,2026-09-28T16:28:30Z,organic_search,iOS,free
u_03933,2026-07-18T02:39:19Z,referral,Android,free
u_03934,2026-07-29T21:10:55Z,paid_social,iOS,free
u_03935,2026-09-28T04:09:24Z,paid_social,iOS,standard
u_03936,2026-08-15T20:48:38Z,organic_search,iOS,standard
u_03937,2026-08-23T21:06:40Z,organic_search,iOS,free
u_03938,2026-07-04T22:10:31Z,referral,iOS,standard
u_03939,2026-09-01T16:08:06Z,referral,Android,free
u_03940,2026-08-30T21:27:54Z,organic_search,iOS,free
u_03941,2026-08-25T21:46:43Z,referral,Android,standard
u_03942,2026-09-17T05:10:30Z,paid_social,Android,premium
u_03943,2026-07-22T10:48:10Z,referral,Android,free
u_03944,2026-08-08T17:40:52Z,partner_program,iOS,free
u_03945,2026-07-15T22:51:10Z,paid_social,Android,premium
u_03946,2026-08-27T21:37:06Z,referral,Android,free
u_03947,2026-07-01T05:20:53Z,referral,iOS,standard
u_03948,2026-07-08T22:34:08Z,paid_social,Android,standard
u_03949,2026-07-22T23:23:50Z,organic_search,iOS,premium
u_03950,2026-09-09T16:39:07Z,paid_social,iOS,free
u_03951,2026-08-02T11:29:48Z,referral,Android,free
u_03952,2026-07-06T04:05:34Z,organic_search,iOS,premium
u_03953,2026-07-30T08:28:01Z,paid_social,iOS,free
u_03954,2026-09-04T03:24:32Z,organic_search,Web,standard
u_03955,2026-08-07T16:23:21Z,paid_social,iOS,free
u_03956,2026-07-12T05:34:32Z,referral,Android,free
u_03957,2026-07-10T12:18:08Z,organic_search,iOS,standard
u_03958,2026-09-01T15:35:51Z,referral,Android,premium
u_03959,2026-07-13T08:14:26Z,organic_search,Android,free
u_03960,2026-07-14T08:13:29Z,organic_search,Android,free
u_03961,2026-09-12T04:48:30Z,referral,iOS,premium
u_03962,2026-07-04T12:42:49Z,organic_search,iOS,free
u_03963,2026-07-17T07:30:37Z,referral,Android,standard
u_03964,2026-07-24T18:19:36Z,paid_social,iOS,free
u_03965,2026-09-11T22:21:17Z,paid_social,Android,free
u_03966,2026-09-09T15:57:54Z,organic_search,Web,free
u_03967,2026-09-10T10:12:34Z,paid_social,Android,free
u_03968,2026-09-02T20:18:36Z,organic_search,Android,free
u_03969,2026-08-13T14:51:31Z,partner_program,Android,free
u_03970,2026-09-16T07:41:02Z,organic_search,Android,standard
u_03971,2026-07-21T22:33:40Z,paid_social,Android,free
u_03972,2026-08-02T12:02:24Z,organic_search,Android,standard
u_03973,2026-07-20T13:37:47Z,organic_search,Android,free
u_03974,2026-09-09T15:51:32Z,referral,iOS,standard
u_03975,2026-08-23T01:19:20Z,organic_search,iOS,standard
u_03976,2026-07-23T02:21:03Z,organic_search,iOS,free
u_03977,2026-09-05T20:24:21Z,organic_search,iOS,free
u_03978,2026-09-07T19:29:10Z,referral,Android,standard
u_03979,2026-09-26T03:05:07Z,paid_social,Android,free
u_03980,2026-07-09T08:43:18Z,referral,Web,premium
u_03981,2026-08-11T12:33:37Z,organic_search,Android,free
u_03982,2026-09-08T20:02:47Z,organic_search,iOS,premium
u_03983,2026-09-08T11:32:30Z,partner_program,Web,free
u_03984,2026-07-09T08:05:20Z,organic_search,Web,free
u_03985,2026-07-23T02:29:55Z,paid_social,Android,free
u_03986,2026-08-10T17:55:47Z,organic_search,Android,standard
u_03987,2026-07-23T01:28:55Z,partner_program,Web,standard
u_03988,2026-09-28T23:24:34Z,partner_program,Android,standard
u_03989,2026-09-13T13:02:55Z,paid_social,Android,free
u_03990,2026-07-04T18:10:16Z,paid_social,Web,standard
u_03991,2026-09-05T02:44:56Z,organic_search,Android,standard
u_03992,2026-09-10T20:31:23Z,organic_search,iOS,free
u_03993,2026-07-08T13:56:40Z,paid_social,Android,standard
u_03994,2026-07-22T20:29:50Z,partner_program,Android,standard
u_03995,2026-08-21T11:06:00Z,paid_social,iOS,free
u_03996,2026-09-17T08:29:20Z,paid_social,iOS,free
u_03997,2026-08-13T17:12:01Z,organic_search,Web,standard
u_03998,2026-09-04T01:29:15Z,referral,Android,free
u_03999,2026-07-13T05:23:00Z,paid_social,Web,free
u_04000,2026-09-09T07:40:28Z,organic_search,iOS,standard
u_04001,2026-09-25T21:35:11Z,referral,Web,free
u_04002,2026-08-01T18:46:26Z,referral,Android,free
u_04003,2026-09-16T07:21:12Z,paid_social,iOS,free
u_04004,2026-09-06T02:12:05Z,organic_search,iOS,premium
u_04005,2026-08-24T16:41:28Z,partner_program,iOS,premium
u_04006,2026-08-01T23:04:23Z,organic_search,Web,premium
u_04007,2026-09-22T07:03:38Z,paid_social,Android,standard
u_04008,2026-08-29T13:14:18Z,partner_program,Android,standard
u_04009,2026-09-27T11:44:44Z,paid_social,Android,free
u_04010,2026-09-15T23:30:48Z,referral,iOS,free
u_04011,2026-07-27T15:24:43Z,partner_program,iOS,standard
u_04012,2026-07-23T13:51:41Z,partner_program,Android,free
u_04013,2026-08-13T06:14:02Z,organic_search,Web,free
u_04014,2026-07-05T14:04:03Z,organic_search,iOS,standard
u_04015,2026-09-23T05:20:09Z,organic_search,iOS,premium
u_04016,2026-07-13T08:22:08Z,paid_social,iOS,standard
u_04017,2026-07-01T00:20:14Z,organic_search,Web,free
u_04018,2026-07-17T16:37:08Z,paid_social,Android,standard
u_04019,2026-08-15T20:38:06Z,referral,Web,standard
u_04020,2026-07-14T11:53:17Z,paid_social,Android,standard
u_04021,2026-07-04T09:36:40Z,paid_social,iOS,free
u_04022,2026-09-22T22:57:22Z,paid_social,iOS,free
u_04023,2026-08-07T03:59:35Z,organic_search,Android,premium
u_04024,2026-07-10T13:37:07Z,organic_search,iOS,standard
u_04025,2026-07-17T01:07:10Z,referral,iOS,premium
u_04026,2026-07-23T04:41:49Z,paid_social,Android,free
u_04027,2026-09-01T03:38:52Z,paid_social,iOS,standard
u_04028,2026-07-29T23:12:25Z,organic_search,Android,free
u_04029,2026-07-05T14:05:59Z,referral,iOS,free
u_04030,2026-08-07T03:31:10Z,organic_search,iOS,standard
u_04031,2026-08-11T17:38:10Z,referral,Web,free
u_04032,2026-07-15T20:12:53Z,organic_search,Android,free
u_04033,2026-08-16T11:31:54Z,organic_search,Web,free
u_04034,2026-07-30T04:48:35Z,paid_social,iOS,standard
u_04035,2026-07-10T20:55:49Z,organic_search,Android,standard
u_04036,2026-09-26T11:02:47Z,referral,iOS,free
u_04037,2026-07-18T19:13:02Z,paid_social,Android,standard
u_04038,2026-08-26T17:36:18Z,organic_search,Android,free
u_04039,2026-08-09T19:34:44Z,paid_social,Android,premium
u_04040,2026-07-12T06:31:30Z,referral,iOS,free
u_04041,2026-07-13T14:19:42Z,organic_search,Web,free
u_04042,2026-07-26T07:49:55Z,paid_social,iOS,free
u_04043,2026-08-11T11:00:46Z,referral,Web,free
u_04044,2026-07-16T10:50:16Z,partner_program,iOS,standard
u_04045,2026-09-07T08:05:08Z,partner_program,iOS,premium
u_04046,2026-08-07T10:54:17Z,paid_social,iOS,standard
u_04047,2026-09-07T16:51:41Z,partner_program,Android,standard
u_04048,2026-08-08T12:34:25Z,referral,iOS,free
u_04049,2026-08-31T21:49:45Z,paid_social,iOS,free
u_04050,2026-08-10T03:34:01Z,partner_program,Android,free
u_04051,2026-08-03T23:28:12Z,partner_program,Android,premium
u_04052,2026-09-22T09:59:19Z,organic_search,Android,free
u_04053,2026-08-06T16:13:14Z,paid_social,iOS,premium
u_04054,2026-07-05T19:40:16Z,paid_social,iOS,free
u_04055,2026-08-19T15:23:18Z,paid_social,Android,free
u_04056,2026-09-08T15:05:58Z,organic_search,Android,free
u_04057,2026-08-15T18:31:52Z,partner_program,iOS,standard
u_04058,2026-08-28T22:15:54Z,referral,iOS,free
u_04059,2026-07-27T20:02:05Z,paid_social,Web,standard
u_04060,2026-09-22T03:48:43Z,organic_search,Web,standard
u_04061,2026-07-07T04:10:11Z,referral,iOS,standard
u_04062,2026-07-27T18:07:32Z,partner_program,Android,free
u_04063,2026-09-18T20:22:58Z,paid_social,iOS,standard
u_04064,2026-07-29T01:23:57Z,referral,Web,standard
u_04065,2026-08-22T06:25:37Z,partner_program,Android,standard
u_04066,2026-07-05T09:53:01Z,paid_social,Android,premium
u_04067,2026-09-16T06:08:32Z,organic_search,Android,premium
u_04068,2026-07-08T14:56:20Z,partner_program,Web,standard
u_04069,2026-09-13T05:21:04Z,paid_social,Web,free
u_04070,2026-08-28T14:44:31Z,partner_program,iOS,premium
u_04071,2026-09-07T08:35:33Z,paid_social,Web,free
u_04072,2026-07-18T19:34:52Z,partner_program,Android,standard
u_04073,2026-07-29T18:10:10Z,partner_program,Web,free
u_04074,2026-07-24T01:17:38Z,paid_social,Android,standard
u_04075,2026-08-19T14:58:16Z,organic_search,Android,free
u_04076,2026-08-12T14:58:39Z,organic_search,Android,standard
u_04077,2026-07-12T16:55:06Z,referral,Android,free
u_04078,2026-09-05T21:22:55Z,organic_search,Android,premium
u_04079,2026-09-08T00:40:34Z,organic_search,Android,free
u_04080,2026-07-16T20:18:36Z,referral,iOS,free
u_04081,2026-09-27T00:22:57Z,partner_program,iOS,free
u_04082,2026-08-12T23:42:45Z,organic_search,Web,standard
u_04083,2026-07-25T12:48:03Z,paid_social,iOS,standard
u_04084,2026-08-05T23:56:14Z,paid_social,Android,free
u_04085,2026-07-21T07:14:28Z,referral,Web,premium
u_04086,2026-07-28T19:50:16Z,referral,Web,free
u_04087,2026-07-25T07:20:22Z,organic_search,iOS,free
u_04088,2026-07-16T02:57:10Z,organic_search,Web,free
u_04089,2026-07-24T16:21:18Z,organic_search,Web,free
u_04090,2026-07-05T23:25:54Z,paid_social,Web,free
u_04091,2026-09-16T15:17:08Z,paid_social,Web,standard
u_04092,2026-07-03T19:00:16Z,organic_search,Android,free
u_04093,2026-07-19T01:25:40Z,organic_search,iOS,free
u_04094,2026-09-04T06:21:23Z,paid_social,iOS,standard
u_04095,2026-08-16T11:58:19Z,partner_program,iOS,free
u_04096,2026-07-15T15:22:01Z,paid_social,Web,free
u_04097,2026-08-28T01:11:22Z,paid_social,Android,free
u_04098,2026-08-28T08:19:58Z,organic_search,Web,free
u_04099,2026-07-25T06:09:53Z,paid_social,iOS,standard
u_04100,2026-08-28T09:12:28Z,partner_program,Android,free
u_04101,2026-09-20T02:40:33Z,paid_social,Web,free
u_04102,2026-09-02T16:56:58Z,organic_search,Web,free
u_04103,2026-07-25T17:16:17Z,referral,Web,premium
u_04104,2026-09-22T14:13:54Z,paid_social,Android,premium
u_04105,2026-07-27T20:22:22Z,paid_social,iOS,premium
u_04106,2026-09-13T13:03:10Z,organic_search,Android,free
u_04107,2026-09-03T17:35:58Z,paid_social,iOS,free
u_04108,2026-07-15T10:36:36Z,referral,iOS,free
u_04109,2026-09-06T14:14:08Z,paid_social,iOS,free
u_04110,2026-09-13T16:57:52Z,organic_search,iOS,standard
u_04111,2026-07-30T04:40:10Z,referral,Android,free
u_04112,2026-09-13T01:37:55Z,paid_social,iOS,free
u_04113,2026-08-31T08:01:11Z,paid_social,iOS,free
u_04114,2026-07-20T00:48:17Z,organic_search,iOS,premium
u_04115,2026-08-29T13:14:54Z,partner_program,iOS,premium
u_04116,2026-07-24T11:52:35Z,referral,iOS,free
u_04117,2026-09-25T18:19:31Z,partner_program,iOS,free
u_04118,2026-08-24T18:37:57Z,paid_social,Android,free
u_04119,2026-08-22T05:12:34Z,paid_social,Android,standard
u_04120,2026-07-11T05:40:34Z,partner_program,Android,standard
u_04121,2026-09-08T16:05:50Z,paid_social,Android,free
u_04122,2026-08-07T22:37:49Z,paid_social,iOS,free
u_04123,2026-09-08T02:08:39Z,partner_program,Android,standard
u_04124,2026-09-15T23:30:11Z,paid_social,Web,standard
u_04125,2026-09-09T02:25:38Z,partner_program,Web,standard
u_04126,2026-07-26T12:32:44Z,referral,Web,free
u_04127,2026-07-21T01:56:21Z,paid_social,Android,standard
u_04128,2026-07-30T03:31:04Z,paid_social,Android,free
u_04129,2026-07-26T14:13:02Z,paid_social,Web,free
u_04130,2026-08-15T08:17:29Z,referral,Web,free
u_04131,2026-08-09T05:01:16Z,partner_program,Web,free
u_04132,2026-09-27T14:20:47Z,referral,Android,free
u_04133,2026-07-19T05:28:57Z,partner_program,Web,free
u_04134,2026-07-19T21:53:20Z,paid_social,iOS,standard
u_04135,2026-09-26T12:02:57Z,referral,iOS,free
u_04136,2026-07-18T14:36:40Z,paid_social,Android,free
u_04137,2026-07-13T14:09:52Z,partner_program,Web,premium
u_04138,2026-07-17T09:35:14Z,organic_search,iOS,premium
u_04139,2026-08-06T20:00:58Z,paid_social,Android,standard
u_04140,2026-08-22T10:07:35Z,paid_social,iOS,premium
u_04141,2026-08-17T18:33:58Z,organic_search,iOS,free
u_04142,2026-08-05T23:51:31Z,partner_program,Web,standard
u_04143,2026-09-08T01:13:40Z,partner_program,Web,free
u_04144,2026-08-20T16:04:06Z,paid_social,iOS,standard
u_04145,2026-08-04T07:06:52Z,partner_program,Android,standard
u_04146,2026-09-24T19:52:30Z,paid_social,Web,free
u_04147,2026-09-24T10:50:37Z,organic_search,Web,free
u_04148,2026-07-28T14:18:18Z,paid_social,Android,standard
u_04149,2026-08-07T15:44:50Z,referral,Android,free
u_04150,2026-07-19T04:21:29Z,paid_social,Android,free
u_04151,2026-08-24T06:18:44Z,organic_search,Android,free
u_04152,2026-07-28T21:34:22Z,paid_social,Android,premium
u_04153,2026-09-28T09:21:21Z,paid_social,Android,free
u_04154,2026-09-04T10:14:35Z,paid_social,Web,free
u_04155,2026-07-10T12:29:19Z,organic_search,Web,free
u_04156,2026-09-27T02:17:17Z,paid_social,Android,free
u_04157,2026-08-26T08:25:57Z,referral,iOS,free
u_04158,2026-09-14T19:35:24Z,paid_social,iOS,free
u_04159,2026-08-17T23:36:07Z,referral,Web,free
u_04160,2026-07-05T02:16:17Z,referral,Android,standard
u_04161,2026-07-03T13:08:56Z,paid_social,Web,free
u_04162,2026-08-23T10:00:16Z,paid_social,Web,free
u_04163,2026-08-30T10:53:12Z,organic_search,iOS,standard
u_04164,2026-08-20T02:50:08Z,partner_program,Android,free
u_04165,2026-07-18T17:07:12Z,organic_search,iOS,standard
u_04166,2026-07-18T21:40:07Z,partner_program,Android,standard
u_04167,2026-07-27T14:57:16Z,organic_search,iOS,premium
u_04168,2026-09-07T00:08:12Z,paid_social,iOS,standard
u_04169,2026-09-07T16:06:19Z,paid_social,iOS,free
u_04170,2026-09-25T05:06:42Z,referral,iOS,premium
u_04171,2026-08-12T01:39:45Z,paid_social,Android,standard
u_04172,2026-08-30T00:17:05Z,paid_social,iOS,free
u_04173,2026-08-25T05:20:45Z,organic_search,iOS,free
u_04174,2026-08-03T10:37:58Z,organic_search,Android,free
u_04175,2026-07-31T21:04:56Z,organic_search,iOS,free
u_04176,2026-09-07T01:04:29Z,paid_social,iOS,free
u_04177,2026-08-17T00:15:25Z,paid_social,Android,standard
u_04178,2026-07-02T15:09:52Z,organic_search,Android,free
u_04179,2026-07-30T03:37:47Z,organic_search,iOS,standard
u_04180,2026-08-10T17:11:20Z,partner_program,iOS,standard
u_04181,2026-08-26T20:20:57Z,organic_search,Android,free
u_04182,2026-09-26T17:41:14Z,partner_program,Web,free
u_04183,2026-08-06T19:51:07Z,paid_social,Android,standard
u_04184,2026-09-02T04:44:51Z,paid_social,iOS,free
u_04185,2026-09-09T20:13:38Z,organic_search,iOS,free
u_04186,2026-07-01T11:40:07Z,paid_social,iOS,standard
u_04187,2026-09-04T06:24:09Z,organic_search,iOS,standard
u_04188,2026-09-21T01:07:48Z,paid_social,Android,standard
u_04189,2026-09-25T10:52:49Z,partner_program,Android,standard
u_04190,2026-09-09T05:46:44Z,paid_social,iOS,free
u_04191,2026-09-02T06:51:28Z,paid_social,Android,premium
u_04192,2026-09-18T11:16:52Z,organic_search,Web,free
u_04193,2026-07-17T01:04:25Z,organic_search,iOS,standard
u_04194,2026-07-25T14:29:55Z,referral,Android,premium
u_04195,2026-09-16T21:12:34Z,referral,Web,free
u_04196,2026-09-19T22:09:16Z,paid_social,Android,standard
u_04197,2026-07-08T15:14:20Z,partner_program,iOS,free
u_04198,2026-08-26T12:50:04Z,referral,Android,standard
u_04199,2026-08-06T10:52:12Z,organic_search,Android,free
u_04200,2026-08-17T11:34:19Z,referral,iOS,standard
u_04201,2026-09-13T18:27:40Z,organic_search,Web,standard
u_04202,2026-08-16T20:30:36Z,organic_search,Android,free
u_04203,2026-07-19T08:49:32Z,referral,Android,free
u_04204,2026-09-03T21:25:04Z,referral,Android,free
u_04205,2026-07-17T05:44:17Z,partner_program,Web,free
u_04206,2026-07-29T09:39:27Z,paid_social,Web,free
u_04207,2026-09-10T12:46:15Z,referral,Web,free
u_04208,2026-09-04T13:54:53Z,referral,Web,free
u_04209,2026-08-01T17:49:22Z,referral,Web,standard
u_04210,2026-09-09T20:00:45Z,referral,Web,standard
u_04211,2026-08-25T12:15:31Z,referral,iOS,free
u_04212,2026-08-15T09:02:41Z,paid_social,Android,free
u_04213,2026-09-19T19:01:01Z,partner_program,Android,premium
u_04214,2026-09-24T18:16:33Z,partner_program,Android,standard
u_04215,2026-09-18T09:33:00Z,organic_search,iOS,free
u_04216,2026-07-14T08:07:59Z,referral,Android,free
u_04217,2026-07-24T21:28:12Z,partner_program,Android,free
u_04218,2026-07-26T23:45:05Z,organic_search,Android,standard
u_04219,2026-07-20T14:49:41Z,paid_social,Web,standard
u_04220,2026-09-12T00:00:23Z,organic_search,iOS,free
u_04221,2026-09-12T13:16:11Z,organic_search,Android,free
u_04222,2026-08-21T10:35:51Z,paid_social,iOS,free
u_04223,2026-08-28T17:47:48Z,organic_search,iOS,free
u_04224,2026-09-01T22:54:33Z,referral,Web,standard
u_04225,2026-09-03T01:53:48Z,paid_social,Android,free
u_04226,2026-07-26T14:18:17Z,organic_search,Web,free
u_04227,2026-08-22T03:21:31Z,referral,Android,standard
u_04228,2026-08-27T09:13:42Z,paid_social,iOS,free
u_04229,2026-08-27T04:11:32Z,paid_social,iOS,free
u_04230,2026-09-19T20:50:01Z,organic_search,iOS,free
u_04231,2026-08-10T08:54:29Z,organic_search,iOS,standard
u_04232,2026-08-26T09:03:49Z,paid_social,iOS,standard
u_04233,2026-08-22T12:33:35Z,organic_search,iOS,premium
u_04234,2026-08-15T10:31:03Z,referral,Web,standard
u_04235,2026-09-15T08:10:54Z,organic_search,iOS,standard
u_04236,2026-07-08T10:37:31Z,paid_social,Web,free
u_04237,2026-07-19T01:04:38Z,paid_social,iOS,free
u_04238,2026-07-03T18:05:27Z,organic_search,Android,premium
u_04239,2026-07-23T09:48:46Z,paid_social,iOS,standard
u_04240,2026-09-20T07:06:00Z,referral,iOS,premium
u_04241,2026-08-16T04:45:18Z,paid_social,Android,standard
u_04242,2026-08-28T22:34:48Z,referral,iOS,standard
u_04243,2026-07-29T23:56:50Z,partner_program,Android,free
u_04244,2026-09-27T11:14:59Z,organic_search,iOS,free
u_04245,2026-07-23T16:06:25Z,partner_program,Android,free
u_04246,2026-07-05T04:42:13Z,paid_social,iOS,premium
u_04247,2026-08-08T04:17:22Z,referral,iOS,free
u_04248,2026-08-19T07:12:56Z,organic_search,Android,free
u_04249,2026-07-10T15:07:46Z,paid_social,Web,free
u_04250,2026-08-31T06:09:51Z,paid_social,Web,standard
u_04251,2026-09-16T04:02:30Z,paid_social,Android,free
u_04252,2026-08-03T19:18:46Z,referral,Android,premium
u_04253,2026-08-19T01:25:53Z,organic_search,iOS,free
u_04254,2026-08-06T09:22:26Z,organic_search,iOS,free
u_04255,2026-08-25T08:29:13Z,referral,Web,free
u_04256,2026-07-07T11:37:08Z,organic_search,iOS,standard
u_04257,2026-07-16T09:55:47Z,partner_program,iOS,premium
u_04258,2026-07-08T18:19:42Z,organic_search,iOS,free
u_04259,2026-07-08T10:58:33Z,referral,iOS,free
u_04260,2026-09-24T18:01:13Z,paid_social,iOS,standard
u_04261,2026-08-15T09:23:13Z,paid_social,Android,standard
u_04262,2026-07-05T01:05:56Z,paid_social,iOS,free
u_04263,2026-09-23T05:13:41Z,partner_program,Android,free
u_04264,2026-08-18T14:43:20Z,referral,Android,free
u_04265,2026-09-06T21:42:12Z,organic_search,Android,premium
u_04266,2026-08-12T14:13:24Z,paid_social,Web,premium
u_04267,2026-07-13T03:40:59Z,paid_social,Android,standard
u_04268,2026-09-26T13:52:09Z,organic_search,Web,free
u_04269,2026-07-07T13:15:27Z,referral,iOS,free
u_04270,2026-09-22T07:36:21Z,paid_social,Web,standard
u_04271,2026-07-08T16:50:50Z,paid_social,iOS,free
u_04272,2026-08-23T03:21:52Z,paid_social,iOS,standard
u_04273,2026-07-20T02:08:47Z,partner_program,Android,standard
u_04274,2026-08-09T04:51:38Z,paid_social,Android,standard
u_04275,2026-08-13T12:13:10Z,referral,Web,free
u_04276,2026-07-11T01:05:07Z,paid_social,Android,free
u_04277,2026-07-21T16:48:26Z,paid_social,iOS,free
u_04278,2026-08-03T19:03:42Z,organic_search,iOS,free
u_04279,2026-09-24T15:34:34Z,partner_program,Web,free
u_04280,2026-09-02T12:17:02Z,partner_program,iOS,free
u_04281,2026-07-02T13:21:30Z,partner_program,iOS,free
u_04282,2026-09-28T06:33:00Z,referral,Android,premium
u_04283,2026-08-15T09:25:08Z,referral,iOS,standard
u_04284,2026-09-16T21:16:04Z,partner_program,iOS,free
u_04285,2026-07-16T18:24:18Z,organic_search,iOS,standard
u_04286,2026-07-13T15:05:00Z,paid_social,Web,free
u_04287,2026-09-02T03:39:42Z,organic_search,iOS,standard
u_04288,2026-07-07T17:00:02Z,organic_search,iOS,free
u_04289,2026-07-11T12:00:23Z,organic_search,Android,standard
u_04290,2026-09-10T05:42:46Z,paid_social,iOS,standard
u_04291,2026-07-27T06:15:51Z,paid_social,Android,free
u_04292,2026-07-19T09:21:58Z,referral,Android,premium
u_04293,2026-08-04T11:05:01Z,organic_search,iOS,free
u_04294,2026-09-05T03:30:23Z,organic_search,Android,free
u_04295,2026-08-08T04:34:53Z,organic_search,Android,free
u_04296,2026-08-24T23:35:58Z,organic_search,Android,premium
u_04297,2026-07-04T02:28:49Z,organic_search,Android,free
u_04298,2026-07-28T04:47:44Z,referral,iOS,free
u_04299,2026-08-04T07:52:06Z,organic_search,iOS,premium
u_04300,2026-09-03T01:43:01Z,referral,iOS,free
u_04301,2026-07-31T12:53:53Z,referral,Android,standard
u_04302,2026-09-03T07:02:28Z,paid_social,Android,premium
u_04303,2026-07-18T16:56:37Z,paid_social,Android,free
u_04304,2026-09-27T07:11:35Z,organic_search,Web,standard
u_04305,2026-08-29T20:51:55Z,organic_search,Android,standard
u_04306,2026-09-11T04:52:15Z,referral,iOS,free
u_04307,2026-08-07T18:01:03Z,referral,Web,standard
u_04308,2026-09-13T10:06:11Z,paid_social,Android,free
u_04309,2026-07-05T03:38:32Z,paid_social,iOS,standard
u_04310,2026-08-04T02:30:40Z,referral,Android,standard
u_04311,2026-09-19T04:43:43Z,paid_social,iOS,free
u_04312,2026-08-18T13:07:34Z,partner_program,iOS,premium
u_04313,2026-08-10T21:32:36Z,organic_search,iOS,free
u_04314,2026-09-12T15:23:54Z,paid_social,Android,free
u_04315,2026-07-12T23:32:11Z,paid_social,Web,standard
u_04316,2026-07-03T00:32:26Z,paid_social,Web,free
u_04317,2026-07-02T15:05:03Z,organic_search,Web,standard
u_04318,2026-07-16T05:30:52Z,partner_program,iOS,standard
u_04319,2026-08-25T04:09:25Z,organic_search,Android,free
u_04320,2026-08-06T10:32:44Z,paid_social,iOS,free
u_04321,2026-09-18T13:08:18Z,organic_search,iOS,free
u_04322,2026-08-28T22:19:45Z,organic_search,iOS,free
u_04323,2026-08-26T03:23:05Z,partner_program,Android,free
u_04324,2026-07-02T11:48:30Z,referral,Web,standard
u_04325,2026-08-13T15:41:49Z,referral,Android,standard
u_04326,2026-07-13T13:44:17Z,paid_social,iOS,standard
u_04327,2026-07-26T03:30:02Z,organic_search,Web,free
u_04328,2026-07-14T13:34:13Z,organic_search,iOS,standard
u_04329,2026-08-18T15:12:07Z,referral,Web,free
u_04330,2026-09-07T13:27:15Z,organic_search,iOS,free
u_04331,2026-09-15T06:12:57Z,organic_search,iOS,free
u_04332,2026-09-06T08:13:52Z,organic_search,Android,free
u_04333,2026-08-26T11:48:28Z,referral,Android,free
u_04334,2026-09-20T06:30:32Z,partner_program,Android,free
u_04335,2026-07-04T09:52:44Z,organic_search,iOS,standard
u_04336,2026-07-30T17:09:03Z,partner_program,Android,free
u_04337,2026-07-06T16:11:32Z,paid_social,iOS,standard
u_04338,2026-09-16T18:22:43Z,organic_search,Android,free
u_04339,2026-08-08T11:55:29Z,referral,Web,standard
u_04340,2026-09-02T01:27:06Z,referral,Android,standard
u_04341,2026-08-24T01:35:33Z,paid_social,iOS,standard
u_04342,2026-08-15T05:20:33Z,paid_social,Web,free
u_04343,2026-07-02T15:28:42Z,organic_search,Android,standard
u_04344,2026-07-14T12:00:17Z,organic_search,iOS,free
u_04345,2026-09-22T16:16:16Z,paid_social,Android,premium
u_04346,2026-09-11T21:40:00Z,organic_search,Android,free
u_04347,2026-08-01T16:23:28Z,paid_social,iOS,free
u_04348,2026-07-23T02:38:53Z,partner_program,Web,standard
u_04349,2026-08-19T05:20:59Z,partner_program,iOS,free
u_04350,2026-08-17T12:42:19Z,paid_social,Web,premium
u_04351,2026-08-17T02:03:00Z,paid_social,Web,standard
u_04352,2026-07-12T22:44:38Z,referral,Android,premium
u_04353,2026-07-03T05:12:43Z,referral,iOS,standard
u_04354,2026-09-07T16:53:45Z,organic_search,iOS,free
u_04355,2026-09-15T00:06:03Z,paid_social,iOS,free
u_04356,2026-07-29T14:40:41Z,partner_program,Web,free
u_04357,2026-09-02T04:04:44Z,organic_search,iOS,standard
u_04358,2026-07-05T17:30:00Z,paid_social,iOS,standard
u_04359,2026-09-21T06:40:51Z,partner_program,Android,standard
u_04360,2026-07-13T08:28:25Z,paid_social,Web,free
u_04361,2026-09-05T09:31:50Z,paid_social,Android,free
u_04362,2026-08-10T08:09:59Z,paid_social,Android,free
u_04363,2026-08-31T15:56:37Z,referral,Web,free
u_04364,2026-08-17T20:37:47Z,referral,Web,standard
u_04365,2026-08-24T15:04:44Z,partner_program,iOS,free
u_04366,2026-07-19T06:59:37Z,paid_social,Android,free
u_04367,2026-07-10T22:33:20Z,organic_search,iOS,standard
u_04368,2026-08-30T08:08:28Z,organic_search,Web,free
u_04369,2026-09-28T22:15:20Z,paid_social,Android,standard
u_04370,2026-08-10T03:28:54Z,partner_program,Web,premium
u_04371,2026-07-14T14:57:19Z,paid_social,Android,free
u_04372,2026-08-24T10:46:09Z,organic_search,Web,standard
u_04373,2026-09-03T16:02:36Z,paid_social,Android,free
u_04374,2026-08-03T23:48:43Z,paid_social,Web,standard
u_04375,2026-07-02T20:01:17Z,organic_search,iOS,free
u_04376,2026-07-17T00:15:41Z,paid_social,Web,free
u_04377,2026-08-13T13:17:33Z,paid_social,iOS,free
u_04378,2026-09-16T12:11:47Z,partner_program,iOS,free
u_04379,2026-07-02T02:29:21Z,partner_program,Android,free
u_04380,2026-08-02T20:25:10Z,organic_search,Android,standard
u_04381,2026-08-05T23:55:28Z,paid_social,Web,standard
u_04382,2026-09-11T03:27:07Z,organic_search,iOS,free
u_04383,2026-07-21T06:55:57Z,partner_program,iOS,standard
u_04384,2026-08-27T08:28:12Z,organic_search,iOS,standard
u_04385,2026-09-03T17:25:45Z,paid_social,Web,free
u_04386,2026-08-25T20:41:18Z,paid_social,iOS,free
u_04387,2026-08-25T21:07:12Z,paid_social,iOS,premium
u_04388,2026-09-21T23:56:48Z,partner_program,Android,standard
u_04389,2026-07-16T11:04:53Z,paid_social,Web,free
u_04390,2026-09-21T07:15:36Z,paid_social,Web,free
u_04391,2026-07-20T01:14:44Z,organic_search,Android,free
u_04392,2026-07-28T12:45:11Z,organic_search,iOS,free
u_04393,2026-07-01T04:07:25Z,partner_program,Web,free
u_04394,2026-09-10T14:55:16Z,partner_program,Android,standard
u_04395,2026-09-28T05:28:52Z,paid_social,Web,standard
u_04396,2026-09-19T08:31:29Z,paid_social,Android,standard
u_04397,2026-09-22T18:47:46Z,partner_program,Web,free
u_04398,2026-08-15T05:38:09Z,organic_search,iOS,standard
u_04399,2026-09-19T17:24:20Z,organic_search,iOS,free
u_04400,2026-07-22T04:33:15Z,organic_search,Android,free
u_04401,2026-07-07T07:14:11Z,organic_search,Android,free
u_04402,2026-07-03T10:07:55Z,partner_program,Web,free
u_04403,2026-07-23T14:03:18Z,partner_program,iOS,free
u_04404,2026-09-05T18:01:11Z,referral,Web,standard
u_04405,2026-08-16T18:04:28Z,organic_search,Web,premium
u_04406,2026-08-23T08:33:03Z,organic_search,iOS,standard
u_04407,2026-08-01T12:26:56Z,partner_program,iOS,free
u_04408,2026-09-19T02:15:00Z,paid_social,Android,free
u_04409,2026-09-03T14:12:29Z,partner_program,Web,free
u_04410,2026-08-30T07:57:09Z,organic_search,Web,free
u_04411,2026-08-28T07:03:17Z,partner_program,Web,free
u_04412,2026-09-25T04:57:51Z,paid_social,iOS,free
u_04413,2026-08-28T14:47:13Z,organic_search,iOS,free
u_04414,2026-08-23T19:29:58Z,organic_search,iOS,free
u_04415,2026-09-04T21:57:40Z,partner_program,Web,free
u_04416,2026-09-24T22:25:33Z,paid_social,Web,free
u_04417,2026-09-18T15:18:10Z,partner_program,Web,standard
u_04418,2026-08-21T04:16:59Z,referral,Android,free
u_04419,2026-07-03T21:31:22Z,referral,Android,free
u_04420,2026-07-10T02:42:56Z,organic_search,Android,free
u_04421,2026-09-26T23:17:36Z,organic_search,Web,standard
u_04422,2026-09-24T02:19:10Z,organic_search,Web,free
u_04423,2026-09-10T00:26:12Z,paid_social,iOS,standard
u_04424,2026-08-19T07:47:51Z,paid_social,iOS,free
u_04425,2026-07-31T16:00:29Z,partner_program,Web,standard
u_04426,2026-08-24T12:40:20Z,paid_social,iOS,standard
u_04427,2026-08-08T06:41:15Z,paid_social,Android,standard
u_04428,2026-09-14T12:02:22Z,partner_program,iOS,free
u_04429,2026-07-28T19:06:34Z,paid_social,Android,free
u_04430,2026-07-12T20:41:55Z,organic_search,Android,standard
u_04431,2026-08-27T20:13:57Z,organic_search,Android,premium
u_04432,2026-09-09T06:39:21Z,organic_search,iOS,free
u_04433,2026-09-07T05:06:42Z,referral,iOS,standard
u_04434,2026-07-15T17:35:36Z,organic_search,iOS,standard
u_04435,2026-08-21T18:09:00Z,paid_social,Android,free
u_04436,2026-08-02T11:20:44Z,organic_search,iOS,free
u_04437,2026-09-16T19:43:53Z,paid_social,Web,standard
u_04438,2026-09-07T19:26:31Z,partner_program,Web,free
u_04439,2026-09-03T14:01:31Z,referral,iOS,standard
u_04440,2026-08-28T15:58:09Z,referral,Android,free
u_04441,2026-08-14T00:00:10Z,paid_social,iOS,free
u_04442,2026-07-24T18:38:46Z,referral,iOS,standard
u_04443,2026-08-27T02:51:54Z,paid_social,Android,standard
u_04444,2026-08-04T09:22:46Z,referral,Android,free
u_04445,2026-07-21T09:57:22Z,paid_social,Android,standard
u_04446,2026-07-08T03:39:52Z,partner_program,iOS,standard
u_04447,2026-07-11T13:50:45Z,referral,Web,standard
u_04448,2026-07-05T23:01:39Z,partner_program,Android,standard
u_04449,2026-08-15T07:48:34Z,organic_search,Web,free
u_04450,2026-09-23T00:06:24Z,referral,Android,standard
u_04451,2026-07-19T11:33:28Z,referral,iOS,standard
u_04452,2026-07-24T03:28:04Z,referral,Android,free
u_04453,2026-08-14T02:29:16Z,referral,iOS,free
u_04454,2026-07-19T12:08:46Z,paid_social,Android,free
u_04455,2026-09-01T05:45:11Z,organic_search,Web,free
u_04456,2026-08-29T00:03:13Z,organic_search,iOS,free
u_04457,2026-07-14T01:47:01Z,paid_social,Android,free
u_04458,2026-09-03T03:55:02Z,paid_social,Web,free
u_04459,2026-07-17T05:14:57Z,organic_search,iOS,standard
u_04460,2026-07-11T13:00:32Z,organic_search,iOS,free
u_04461,2026-07-30T10:21:12Z,organic_search,Web,standard
u_04462,2026-07-08T09:02:35Z,paid_social,Android,standard
u_04463,2026-08-26T11:14:57Z,paid_social,Web,standard
u_04464,2026-09-22T01:58:47Z,paid_social,Web,standard
u_04465,2026-09-06T04:12:23Z,organic_search,iOS,standard
u_04466,2026-08-29T08:24:32Z,organic_search,iOS,standard
u_04467,2026-07-18T01:07:25Z,referral,iOS,free
u_04468,2026-08-11T01:03:37Z,organic_search,Android,premium
u_04469,2026-07-23T17:12:01Z,partner_program,Web,free
u_04470,2026-09-02T10:08:11Z,organic_search,Web,free
u_04471,2026-09-27T01:39:48Z,referral,iOS,premium
u_04472,2026-07-09T14:29:01Z,partner_program,Web,free
u_04473,2026-09-10T18:29:44Z,paid_social,Web,standard
u_04474,2026-08-27T21:41:52Z,organic_search,Web,free
u_04475,2026-09-25T20:34:41Z,paid_social,Android,free
u_04476,2026-08-08T13:29:21Z,paid_social,Android,free
u_04477,2026-07-29T17:42:28Z,partner_program,Web,free
u_04478,2026-07-29T04:48:51Z,organic_search,iOS,premium
u_04479,2026-08-18T16:24:38Z,organic_search,Android,free
u_04480,2026-08-12T09:08:30Z,organic_search,iOS,standard
u_04481,2026-09-09T18:40:24Z,organic_search,iOS,standard
u_04482,2026-09-08T07:15:31Z,referral,Web,standard
u_04483,2026-09-23T17:31:25Z,paid_social,iOS,standard
u_04484,2026-09-09T06:34:08Z,organic_search,iOS,free
u_04485,2026-07-26T17:00:01Z,organic_search,Android,free
u_04486,2026-09-09T22:51:53Z,paid_social,iOS,free
u_04487,2026-09-15T10:32:36Z,paid_social,iOS,standard
u_04488,2026-07-09T16:49:57Z,paid_social,iOS,free
u_04489,2026-08-28T13:39:59Z,paid_social,iOS,free
u_04490,2026-08-21T12:23:37Z,paid_social,Android,standard
u_04491,2026-07-30T11:47:43Z,organic_search,Web,free
u_04492,2026-09-03T21:28:40Z,paid_social,Android,free
u_04493,2026-08-26T03:14:56Z,paid_social,Android,standard
u_04494,2026-07-30T04:50:28Z,paid_social,iOS,standard
u_04495,2026-08-01T02:28:59Z,partner_program,Android,free
u_04496,2026-08-29T02:44:08Z,organic_search,Android,free
u_04497,2026-07-01T11:19:57Z,partner_program,iOS,free
u_04498,2026-07-18T11:44:52Z,referral,Web,premium
u_04499,2026-07-19T22:52:32Z,paid_social,Web,standard
u_04500,2026-08-23T07:48:23Z,referral,Web,standard
u_04501,2026-08-28T13:23:17Z,paid_social,Android,free
u_04502,2026-09-02T05:19:55Z,organic_search,Web,premium
u_04503,2026-07-19T09:59:55Z,paid_social,Android,free
u_04504,2026-09-19T08:17:51Z,referral,Android,standard
u_04505,2026-07-27T14:34:01Z,paid_social,Web,standard
u_04506,2026-07-28T01:24:19Z,organic_search,Android,free
u_04507,2026-07-17T09:54:04Z,organic_search,iOS,free
u_04508,2026-07-09T00:50:22Z,organic_search,iOS,free
u_04509,2026-08-30T23:30:21Z,organic_search,Web,standard
u_04510,2026-07-02T07:06:52Z,organic_search,iOS,free
u_04511,2026-07-12T03:30:00Z,organic_search,Android,free
u_04512,2026-08-27T05:43:54Z,organic_search,iOS,free
u_04513,2026-07-18T06:59:32Z,referral,Web,free
u_04514,2026-08-16T01:39:43Z,organic_search,Web,premium
u_04515,2026-09-11T05:28:33Z,paid_social,iOS,free
u_04516,2026-09-01T08:01:30Z,partner_program,Android,free
u_04517,2026-08-09T16:04:52Z,partner_program,Web,free
u_04518,2026-08-04T01:38:53Z,paid_social,Web,free
u_04519,2026-09-21T08:17:02Z,paid_social,iOS,free
u_04520,2026-08-29T03:39:31Z,paid_social,iOS,standard
u_04521,2026-07-20T02:16:58Z,referral,iOS,free
u_04522,2026-07-03T19:19:52Z,partner_program,Android,standard
u_04523,2026-09-23T02:59:50Z,organic_search,iOS,free
u_04524,2026-09-17T03:20:08Z,referral,Android,free
u_04525,2026-09-22T15:34:35Z,organic_search,Android,standard
u_04526,2026-07-29T22:26:22Z,organic_search,Web,free
u_04527,2026-07-29T03:29:15Z,organic_search,Web,free
u_04528,2026-07-16T04:04:14Z,paid_social,Android,free
u_04529,2026-07-31T18:38:27Z,partner_program,iOS,free
u_04530,2026-07-23T21:52:31Z,organic_search,Android,free
u_04531,2026-07-12T13:27:59Z,paid_social,iOS,free
u_04532,2026-08-17T09:09:22Z,referral,Android,free
u_04533,2026-08-06T19:20:01Z,organic_search,Web,standard
u_04534,2026-08-08T19:45:56Z,paid_social,Android,free
u_04535,2026-08-26T07:49:22Z,paid_social,Web,free
u_04536,2026-08-24T09:33:40Z,paid_social,iOS,free
u_04537,2026-07-22T16:41:23Z,referral,Android,free
u_04538,2026-07-03T06:24:07Z,partner_program,Android,standard
u_04539,2026-09-08T12:32:42Z,organic_search,Android,free
u_04540,2026-08-15T12:06:37Z,paid_social,Web,free
u_04541,2026-09-09T00:47:25Z,organic_search,Web,free
u_04542,2026-07-25T15:09:41Z,paid_social,Android,free
u_04543,2026-09-17T11:28:39Z,paid_social,Android,free
u_04544,2026-08-20T06:15:37Z,paid_social,iOS,premium
u_04545,2026-07-20T07:05:48Z,organic_search,iOS,free
u_04546,2026-09-22T05:18:28Z,partner_program,iOS,standard
u_04547,2026-09-13T07:01:51Z,paid_social,iOS,free
u_04548,2026-09-24T18:28:53Z,paid_social,iOS,standard
u_04549,2026-08-27T15:25:21Z,paid_social,iOS,free
u_04550,2026-08-17T15:45:57Z,paid_social,Web,standard
u_04551,2026-08-03T17:43:53Z,paid_social,Web,standard
u_04552,2026-09-23T15:26:33Z,referral,iOS,free
u_04553,2026-09-06T12:01:41Z,organic_search,iOS,free
u_04554,2026-08-16T22:18:54Z,organic_search,Web,free
u_04555,2026-07-21T12:14:05Z,paid_social,iOS,free
u_04556,2026-08-08T10:29:38Z,paid_social,Android,standard
u_04557,2026-09-10T12:08:26Z,paid_social,Web,free
u_04558,2026-07-04T17:46:47Z,organic_search,Web,standard
u_04559,2026-08-26T05:50:34Z,organic_search,iOS,premium
u_04560,2026-07-04T05:31:39Z,organic_search,Web,free
u_04561,2026-07-07T20:20:44Z,paid_social,Android,premium
u_04562,2026-09-09T04:25:24Z,partner_program,Android,free
u_04563,2026-09-19T21:07:00Z,organic_search,Android,free
u_04564,2026-08-08T03:39:25Z,organic_search,Web,free
u_04565,2026-08-06T08:42:00Z,referral,Android,standard
u_04566,2026-08-18T15:36:28Z,referral,Android,free
u_04567,2026-09-04T07:31:28Z,paid_social,Android,free
u_04568,2026-09-15T01:03:00Z,referral,Android,standard
u_04569,2026-09-28T21:25:37Z,paid_social,Web,free
u_04570,2026-08-26T20:31:56Z,paid_social,Android,free
u_04571,2026-08-23T10:41:23Z,organic_search,iOS,free
u_04572,2026-07-25T02:26:03Z,partner_program,iOS,free
u_04573,2026-07-13T18:58:06Z,paid_social,iOS,free
u_04574,2026-09-24T18:48:39Z,referral,Android,free
u_04575,2026-07-14T02:47:54Z,organic_search,Web,standard
u_04576,2026-07-25T18:21:44Z,organic_search,iOS,free
u_04577,2026-09-02T06:24:10Z,paid_social,iOS,free
u_04578,2026-07-19T06:51:30Z,paid_social,iOS,free
u_04579,2026-07-27T16:10:23Z,paid_social,Android,standard
u_04580,2026-07-14T04:56:11Z,paid_social,iOS,standard
u_04581,2026-08-23T20:07:07Z,partner_program,Android,free
u_04582,2026-08-09T02:21:04Z,paid_social,Web,free
u_04583,2026-08-27T23:17:40Z,organic_search,Web,standard
u_04584,2026-07-09T06:37:07Z,organic_search,Android,free
u_04585,2026-07-20T14:35:14Z,partner_program,iOS,free
u_04586,2026-07-08T19:53:46Z,paid_social,Web,free
u_04587,2026-07-25T12:20:14Z,referral,iOS,free
u_04588,2026-09-25T09:19:57Z,paid_social,iOS,free
u_04589,2026-08-05T03:05:54Z,organic_search,iOS,free
u_04590,2026-07-22T19:34:13Z,referral,Android,standard
u_04591,2026-07-11T06:20:42Z,paid_social,iOS,free
u_04592,2026-08-06T03:00:11Z,organic_search,iOS,standard
u_04593,2026-07-22T19:00:17Z,organic_search,Web,free
u_04594,2026-08-01T01:20:43Z,partner_program,iOS,standard
u_04595,2026-07-04T20:46:06Z,referral,iOS,standard
u_04596,2026-09-12T11:59:59Z,partner_program,Android,free
u_04597,2026-07-15T03:35:04Z,referral,iOS,free
u_04598,2026-09-11T12:48:21Z,paid_social,iOS,free
u_04599,2026-07-13T21:52:23Z,organic_search,iOS,free
u_04600,2026-07-04T04:29:37Z,paid_social,Web,standard
u_04601,2026-08-26T17:43:30Z,referral,Web,free
u_04602,2026-09-06T11:22:45Z,paid_social,Android,standard
u_04603,2026-08-08T04:01:27Z,referral,Android,free
u_04604,2026-07-03T16:53:48Z,paid_social,iOS,free
u_04605,2026-09-21T18:52:46Z,referral,Android,free
u_04606,2026-08-13T20:08:19Z,organic_search,Android,free
u_04607,2026-08-21T11:58:27Z,referral,Android,standard
u_04608,2026-07-28T18:11:02Z,paid_social,iOS,free
u_04609,2026-08-05T22:52:45Z,paid_social,iOS,free
u_04610,2026-09-18T23:41:03Z,paid_social,iOS,standard
u_04611,2026-08-27T09:19:35Z,organic_search,iOS,standard
u_04612,2026-07-19T17:58:51Z,organic_search,iOS,standard
u_04613,2026-08-18T02:35:28Z,partner_program,Android,free
u_04614,2026-08-31T01:36:59Z,paid_social,Android,free
u_04615,2026-08-03T21:21:26Z,referral,iOS,free
u_04616,2026-07-01T19:40:13Z,organic_search,Web,free
u_04617,2026-08-28T23:45:05Z,paid_social,Android,standard
u_04618,2026-08-03T23:24:50Z,paid_social,Web,standard
u_04619,2026-08-12T09:36:17Z,referral,Android,premium
u_04620,2026-08-01T01:45:17Z,paid_social,iOS,free
u_04621,2026-07-14T07:11:11Z,organic_search,iOS,standard
u_04622,2026-09-11T00:37:02Z,referral,iOS,free
u_04623,2026-08-23T12:58:48Z,paid_social,iOS,standard
u_04624,2026-09-25T22:42:32Z,referral,Android,free
u_04625,2026-09-05T19:51:25Z,paid_social,Android,standard
u_04626,2026-07-06T21:20:01Z,paid_social,Android,free
u_04627,2026-07-21T00:23:41Z,referral,iOS,free
u_04628,2026-09-02T20:48:21Z,organic_search,Web,standard
u_04629,2026-09-24T06:45:43Z,partner_program,Android,free
u_04630,2026-08-26T04:40:24Z,organic_search,iOS,free
u_04631,2026-07-06T03:08:24Z,paid_social,iOS,free
u_04632,2026-09-16T13:14:52Z,paid_social,iOS,free
u_04633,2026-09-20T11:49:03Z,referral,Android,standard
u_04634,2026-08-01T18:15:47Z,organic_search,iOS,free
u_04635,2026-08-05T03:21:55Z,organic_search,iOS,standard
u_04636,2026-08-17T18:45:44Z,partner_program,iOS,free
u_04637,2026-08-04T21:44:10Z,referral,iOS,free
u_04638,2026-07-31T19:12:32Z,referral,Android,free
u_04639,2026-07-12T18:00:32Z,partner_program,Web,free
u_04640,2026-08-14T20:03:26Z,partner_program,Android,standard
u_04641,2026-08-18T02:51:18Z,referral,Android,standard
u_04642,2026-08-03T12:54:43Z,partner_program,Web,standard
u_04643,2026-08-26T11:02:30Z,organic_search,Web,standard
u_04644,2026-09-13T22:24:50Z,paid_social,iOS,standard
u_04645,2026-07-18T20:36:48Z,paid_social,iOS,standard
u_04646,2026-08-27T02:59:55Z,partner_program,Android,standard
u_04647,2026-09-24T12:20:57Z,referral,iOS,free
u_04648,2026-07-28T16:48:56Z,paid_social,iOS,free
u_04649,2026-09-13T00:10:06Z,partner_program,Web,standard
u_04650,2026-07-17T20:17:13Z,organic_search,Web,standard
u_04651,2026-08-29T00:37:44Z,paid_social,iOS,free
u_04652,2026-09-25T10:55:07Z,paid_social,Web,free
u_04653,2026-08-02T18:38:29Z,paid_social,Android,free
u_04654,2026-08-05T06:49:53Z,referral,Web,standard
u_04655,2026-08-10T10:35:43Z,organic_search,iOS,free
u_04656,2026-09-18T01:23:50Z,partner_program,iOS,free
u_04657,2026-08-04T19:51:46Z,organic_search,Android,standard
u_04658,2026-08-12T16:44:04Z,paid_social,Android,free
u_04659,2026-07-04T02:50:37Z,referral,Web,premium
u_04660,2026-08-15T06:09:40Z,organic_search,Android,standard
u_04661,2026-08-31T04:24:11Z,partner_program,iOS,free
u_04662,2026-08-23T15:25:32Z,paid_social,iOS,standard
u_04663,2026-08-25T01:49:49Z,paid_social,iOS,free
u_04664,2026-09-04T18:04:33Z,referral,iOS,free
u_04665,2026-09-11T12:00:13Z,referral,iOS,free
u_04666,2026-09-17T07:23:33Z,organic_search,Android,standard
u_04667,2026-08-06T23:26:05Z,paid_social,Web,standard
u_04668,2026-09-13T03:31:07Z,partner_program,Web,standard
u_04669,2026-09-05T06:13:38Z,partner_program,Android,free
u_04670,2026-08-07T22:40:04Z,organic_search,iOS,free
u_04671,2026-08-01T17:54:24Z,paid_social,iOS,free
u_04672,2026-07-16T19:53:08Z,organic_search,Web,free
u_04673,2026-07-17T08:39:32Z,paid_social,Android,premium
u_04674,2026-08-25T14:37:16Z,referral,Android,standard
u_04675,2026-08-16T15:43:23Z,partner_program,iOS,free
u_04676,2026-08-19T21:06:04Z,partner_program,iOS,free
u_04677,2026-07-21T05:08:22Z,organic_search,Android,free
u_04678,2026-07-09T17:38:01Z,organic_search,Android,standard
u_04679,2026-08-11T17:23:10Z,referral,iOS,standard
u_04680,2026-08-11T15:40:08Z,paid_social,Android,premium
u_04681,2026-09-06T21:55:39Z,referral,Android,premium
u_04682,2026-08-03T16:03:37Z,partner_program,Android,free
u_04683,2026-07-22T15:00:38Z,referral,iOS,free
u_04684,2026-07-27T15:27:30Z,partner_program,Web,free
u_04685,2026-07-05T05:29:32Z,partner_program,Web,free
u_04686,2026-07-01T05:56:09Z,referral,Android,free
u_04687,2026-09-02T01:41:56Z,organic_search,Web,free
u_04688,2026-08-10T16:43:17Z,paid_social,Android,free
u_04689,2026-07-16T01:07:15Z,organic_search,iOS,free
u_04690,2026-08-30T21:32:15Z,organic_search,iOS,free
u_04691,2026-08-02T15:02:22Z,organic_search,iOS,free
u_04692,2026-08-17T08:08:01Z,referral,Android,premium
u_04693,2026-07-18T02:21:26Z,partner_program,iOS,free
u_04694,2026-08-15T20:45:55Z,partner_program,Web,standard
u_04695,2026-09-27T18:45:38Z,paid_social,Web,standard
u_04696,2026-07-28T16:21:28Z,organic_search,iOS,standard
u_04697,2026-08-24T12:42:54Z,referral,iOS,premium
u_04698,2026-09-26T08:00:45Z,partner_program,Web,standard
u_04699,2026-08-10T23:56:07Z,organic_search,Android,free
u_04700,2026-09-26T22:51:31Z,organic_search,Web,free
u_04701,2026-08-22T18:24:57Z,partner_program,iOS,premium
u_04702,2026-08-17T06:24:52Z,paid_social,iOS,standard
u_04703,2026-09-23T06:09:46Z,organic_search,iOS,standard
u_04704,2026-08-10T15:47:26Z,paid_social,iOS,standard
u_04705,2026-09-11T15:44:20Z,paid_social,iOS,standard
u_04706,2026-09-19T04:38:10Z,organic_search,iOS,free
u_04707,2026-08-29T04:56:18Z,organic_search,iOS,free
u_04708,2026-09-23T21:23:22Z,organic_search,Web,free
u_04709,2026-08-24T03:38:03Z,paid_social,iOS,standard
u_04710,2026-07-29T18:02:24Z,paid_social,Android,standard
u_04711,2026-08-14T16:21:19Z,organic_search,Android,free
u_04712,2026-08-12T00:19:08Z,organic_search,Web,free
u_04713,2026-08-23T18:40:21Z,organic_search,Android,standard
u_04714,2026-07-16T00:11:17Z,partner_program,Android,free
u_04715,2026-09-25T07:58:43Z,paid_social,iOS,standard
u_04716,2026-08-08T18:14:55Z,partner_program,iOS,standard
u_04717,2026-07-20T15:49:44Z,paid_social,iOS,free
u_04718,2026-08-23T23:37:41Z,organic_search,Web,standard
u_04719,2026-07-06T19:11:50Z,referral,Web,free
u_04720,2026-08-04T23:39:16Z,partner_program,Web,free
u_04721,2026-07-11T21:50:49Z,referral,Android,free
u_04722,2026-07-03T16:49:50Z,organic_search,iOS,free
u_04723,2026-07-19T00:59:29Z,referral,Web,standard
u_04724,2026-07-11T03:24:24Z,organic_search,iOS,premium
u_04725,2026-07-27T18:47:43Z,referral,iOS,standard
u_04726,2026-07-20T14:45:10Z,paid_social,iOS,standard
u_04727,2026-09-04T21:11:58Z,organic_search,Web,premium
u_04728,2026-07-17T13:21:09Z,paid_social,iOS,free
u_04729,2026-07-20T10:33:06Z,partner_program,iOS,standard
u_04730,2026-08-24T04:03:47Z,organic_search,iOS,premium
u_04731,2026-09-16T00:34:19Z,paid_social,Android,free
u_04732,2026-07-28T20:06:09Z,paid_social,Android,free
u_04733,2026-09-19T09:40:58Z,partner_program,Web,standard
u_04734,2026-07-04T18:15:54Z,organic_search,iOS,standard
u_04735,2026-08-03T22:27:33Z,paid_social,iOS,free
u_04736,2026-09-20T19:43:07Z,referral,iOS,standard
u_04737,2026-07-19T23:54:55Z,referral,iOS,free
u_04738,2026-08-08T20:44:41Z,paid_social,iOS,free
u_04739,2026-07-24T16:56:01Z,organic_search,iOS,free
u_04740,2026-07-30T15:48:58Z,partner_program,iOS,free
u_04741,2026-08-08T23:08:39Z,paid_social,iOS,premium
u_04742,2026-07-09T01:33:38Z,partner_program,Web,free
u_04743,2026-07-01T05:24:24Z,paid_social,Android,standard
u_04744,2026-08-11T11:15:38Z,paid_social,Web,free
u_04745,2026-07-30T14:33:41Z,partner_program,iOS,standard
u_04746,2026-09-21T06:33:12Z,paid_social,Web,free
u_04747,2026-07-22T02:18:21Z,organic_search,iOS,standard
u_04748,2026-09-18T22:41:33Z,paid_social,Android,free
u_04749,2026-07-25T12:52:45Z,referral,Web,free
u_04750,2026-08-24T09:15:19Z,organic_search,iOS,standard
u_04751,2026-07-31T00:43:41Z,paid_social,Android,standard
u_04752,2026-07-20T04:16:18Z,paid_social,Android,free
u_04753,2026-09-26T19:50:56Z,referral,Web,free
u_04754,2026-08-15T16:19:49Z,paid_social,Web,standard
u_04755,2026-08-23T19:53:39Z,paid_social,Android,free
u_04756,2026-08-14T20:48:21Z,paid_social,Android,free
u_04757,2026-08-30T02:49:58Z,organic_search,iOS,standard
u_04758,2026-09-09T06:19:39Z,referral,Android,free
u_04759,2026-08-05T00:47:41Z,paid_social,iOS,free
u_04760,2026-07-06T03:15:39Z,paid_social,Android,free
u_04761,2026-08-07T13:23:26Z,paid_social,iOS,standard
u_04762,2026-08-26T03:40:36Z,organic_search,Android,standard
u_04763,2026-09-12T13:39:24Z,organic_search,Web,standard
u_04764,2026-07-13T23:14:48Z,organic_search,Android,free
u_04765,2026-08-22T00:56:17Z,referral,Web,free
u_04766,2026-07-13T11:59:40Z,organic_search,Web,free
u_04767,2026-07-11T17:42:04Z,organic_search,Android,free
u_04768,2026-08-17T03:31:59Z,paid_social,iOS,free
u_04769,2026-09-15T05:53:35Z,organic_search,Android,free
u_04770,2026-08-30T15:37:13Z,paid_social,Web,free
u_04771,2026-09-04T06:05:06Z,paid_social,Web,standard
u_04772,2026-08-28T12:28:30Z,paid_social,iOS,free
u_04773,2026-07-15T22:47:20Z,partner_program,Android,premium
u_04774,2026-08-01T13:09:35Z,referral,Android,premium
u_04775,2026-07-15T19:32:57Z,organic_search,Android,premium
u_04776,2026-07-24T22:15:30Z,referral,iOS,premium
u_04777,2026-08-24T20:56:29Z,paid_social,Web,standard
u_04778,2026-08-01T00:35:35Z,organic_search,Android,free
u_04779,2026-09-28T21:41:23Z,referral,iOS,premium
u_04780,2026-08-16T19:45:38Z,organic_search,iOS,premium
u_04781,2026-08-16T10:13:36Z,paid_social,Android,free
u_04782,2026-07-09T14:51:04Z,paid_social,Android,standard
u_04783,2026-07-03T03:03:32Z,paid_social,Android,free
u_04784,2026-08-29T03:31:10Z,referral,Android,free
u_04785,2026-07-26T19:38:39Z,partner_program,Android,free
u_04786,2026-08-03T08:33:43Z,organic_search,Android,standard
u_04787,2026-08-29T04:49:24Z,organic_search,Android,standard
u_04788,2026-09-15T14:09:14Z,organic_search,Android,standard
u_04789,2026-07-05T09:59:02Z,paid_social,iOS,free
u_04790,2026-08-21T13:52:59Z,paid_social,iOS,free
u_04791,2026-08-24T20:39:44Z,referral,Web,standard
u_04792,2026-08-19T05:22:08Z,organic_search,iOS,free
u_04793,2026-07-24T14:26:34Z,referral,Android,free
u_04794,2026-08-23T02:25:12Z,organic_search,iOS,free
u_04795,2026-08-03T04:52:11Z,partner_program,Web,premium
u_04796,2026-09-18T21:38:07Z,organic_search,Web,free
u_04797,2026-07-10T11:43:46Z,organic_search,iOS,free
u_04798,2026-07-15T03:39:49Z,paid_social,Web,premium
u_04799,2026-07-13T23:37:17Z,paid_social,Android,standard
u_04800,2026-07-27T22:11:52Z,paid_social,iOS,free
u_04801,2026-07-28T23:13:35Z,referral,iOS,standard
u_04802,2026-09-22T20:44:09Z,organic_search,iOS,free
u_04803,2026-07-11T09:37:25Z,paid_social,iOS,standard
u_04804,2026-07-15T23:49:42Z,paid_social,iOS,free
u_04805,2026-08-24T20:27:46Z,paid_social,iOS,free
u_04806,2026-09-03T06:37:41Z,organic_search,iOS,standard
u_04807,2026-09-10T11:56:41Z,referral,iOS,standard
u_04808,2026-08-02T10:07:56Z,paid_social,Android,free
u_04809,2026-07-10T03:26:28Z,organic_search,iOS,standard
u_04810,2026-09-25T04:26:35Z,referral,Web,standard
u_04811,2026-09-16T11:27:14Z,partner_program,iOS,standard
u_04812,2026-07-26T04:11:24Z,organic_search,iOS,free
u_04813,2026-07-21T15:20:38Z,paid_social,Android,standard
u_04814,2026-09-02T12:32:24Z,paid_social,Web,standard
u_04815,2026-09-25T05:12:34Z,referral,Web,standard
u_04816,2026-09-10T19:43:36Z,organic_search,Android,free
u_04817,2026-09-26T14:49:47Z,referral,Web,free
u_04818,2026-07-17T01:16:02Z,referral,Android,standard
u_04819,2026-08-08T04:50:10Z,organic_search,iOS,free
u_04820,2026-07-21T02:32:47Z,referral,iOS,premium
u_04821,2026-08-23T00:16:25Z,referral,iOS,free
u_04822,2026-08-30T23:15:28Z,paid_social,iOS,free
u_04823,2026-09-22T09:29:21Z,paid_social,Web,free
u_04824,2026-08-24T07:10:16Z,paid_social,Web,free
u_04825,2026-07-27T16:42:01Z,organic_search,iOS,standard
u_04826,2026-09-27T20:54:49Z,partner_program,iOS,free
u_04827,2026-07-12T10:45:17Z,paid_social,Web,standard
u_04828,2026-08-25T13:15:40Z,organic_search,iOS,free
u_04829,2026-09-09T23:06:01Z,paid_social,iOS,standard
u_04830,2026-07-05T07:08:00Z,referral,Android,free
u_04831,2026-08-21T07:20:33Z,organic_search,iOS,free
u_04832,2026-09-15T06:49:28Z,paid_social,iOS,free
u_04833,2026-08-11T18:02:25Z,referral,iOS,free
u_04834,2026-08-14T05:09:37Z,referral,Web,standard
u_04835,2026-07-01T04:16:43Z,referral,Web,standard
u_04836,2026-07-24T07:14:40Z,organic_search,Web,free
u_04837,2026-07-05T09:45:09Z,organic_search,Web,standard
u_04838,2026-08-26T18:12:17Z,partner_program,Android,free
u_04839,2026-09-28T10:59:40Z,organic_search,iOS,premium
u_04840,2026-09-10T11:51:03Z,organic_search,Android,free
u_04841,2026-08-23T22:53:40Z,partner_program,iOS,free
u_04842,2026-08-13T23:06:41Z,organic_search,iOS,free
u_04843,2026-08-24T09:34:48Z,paid_social,Web,free
u_04844,2026-09-09T13:26:32Z,organic_search,iOS,free
u_04845,2026-08-17T22:14:50Z,paid_social,Web,standard
u_04846,2026-08-26T13:07:59Z,referral,iOS,free
u_04847,2026-09-17T23:53:32Z,referral,iOS,free
u_04848,2026-08-14T19:51:39Z,paid_social,Android,standard
u_04849,2026-07-12T00:40:11Z,paid_social,Web,standard
u_04850,2026-09-03T23:41:41Z,paid_social,Android,standard
u_04851,2026-07-12T07:34:21Z,paid_social,iOS,standard
u_04852,2026-09-19T00:05:44Z,paid_social,Android,free
u_04853,2026-07-30T03:50:41Z,paid_social,Web,free
u_04854,2026-08-29T08:19:36Z,organic_search,Web,premium
u_04855,2026-08-17T05:50:18Z,referral,Android,standard
u_04856,2026-07-06T06:20:47Z,referral,iOS,standard
u_04857,2026-09-08T08:52:52Z,organic_search,Android,standard
u_04858,2026-08-18T03:48:54Z,referral,Web,free
u_04859,2026-07-19T12:20:36Z,paid_social,Android,free
u_04860,2026-07-25T03:39:20Z,partner_program,iOS,premium
u_04861,2026-08-27T22:06:22Z,paid_social,Android,free
u_04862,2026-07-13T02:07:40Z,partner_program,iOS,free
u_04863,2026-07-19T23:49:02Z,paid_social,iOS,premium
u_04864,2026-09-17T11:01:28Z,organic_search,Web,standard
u_04865,2026-08-07T09:26:00Z,organic_search,Android,premium
u_04866,2026-08-26T18:11:30Z,partner_program,Android,free
u_04867,2026-09-14T16:14:07Z,partner_program,Android,free
u_04868,2026-08-02T22:41:34Z,partner_program,Android,free
u_04869,2026-07-03T15:13:14Z,organic_search,Web,free
u_04870,2026-08-18T21:41:06Z,organic_search,iOS,standard
u_04871,2026-09-15T13:16:35Z,partner_program,iOS,free
u_04872,2026-09-17T16:28:47Z,partner_program,Android,free
u_04873,2026-09-08T04:02:41Z,referral,Android,standard
u_04874,2026-08-21T12:37:01Z,organic_search,Android,free
u_04875,2026-08-17T13:19:01Z,paid_social,Android,premium
u_04876,2026-07-15T20:46:44Z,referral,iOS,free
u_04877,2026-09-16T22:32:45Z,organic_search,Android,free
u_04878,2026-08-05T10:13:19Z,paid_social,iOS,free
u_04879,2026-07-18T01:18:12Z,organic_search,iOS,standard
u_04880,2026-08-07T15:06:05Z,paid_social,Web,free
u_04881,2026-08-29T08:59:29Z,referral,Web,free
u_04882,2026-07-02T15:53:25Z,organic_search,iOS,standard
u_04883,2026-07-10T09:03:17Z,partner_program,iOS,premium
u_04884,2026-07-31T21:39:22Z,paid_social,Android,free
u_04885,2026-09-20T09:29:09Z,partner_program,Web,standard
u_04886,2026-08-09T13:48:15Z,paid_social,Web,premium
u_04887,2026-07-21T09:35:52Z,paid_social,iOS,free
u_04888,2026-09-27T12:29:14Z,organic_search,iOS,free
u_04889,2026-07-24T20:08:50Z,paid_social,iOS,free
u_04890,2026-08-16T16:52:34Z,referral,iOS,free
u_04891,2026-08-20T05:58:59Z,partner_program,Android,free
u_04892,2026-09-22T10:33:30Z,paid_social,Android,free
u_04893,2026-09-16T16:15:23Z,paid_social,Android,free
u_04894,2026-07-26T05:58:20Z,referral,iOS,free
u_04895,2026-08-27T06:04:45Z,paid_social,iOS,standard
u_04896,2026-07-05T18:26:03Z,paid_social,Web,free
u_04897,2026-08-05T15:11:33Z,referral,iOS,free
u_04898,2026-07-16T07:32:45Z,paid_social,Android,free
u_04899,2026-08-24T02:58:42Z,paid_social,Web,standard
u_04900,2026-09-03T18:31:00Z,paid_social,Android,standard
u_04901,2026-07-11T16:38:45Z,paid_social,Android,free
u_04902,2026-08-11T07:23:51Z,partner_program,Web,standard
u_04903,2026-08-24T10:01:03Z,paid_social,Android,free
u_04904,2026-07-09T16:55:18Z,paid_social,iOS,standard
u_04905,2026-09-26T18:06:51Z,organic_search,iOS,free
u_04906,2026-08-15T11:49:48Z,paid_social,Android,free
u_04907,2026-07-22T23:55:01Z,partner_program,iOS,standard
u_04908,2026-07-09T18:57:38Z,partner_program,iOS,free
u_04909,2026-08-29T15:48:29Z,paid_social,iOS,free
u_04910,2026-08-07T23:13:14Z,organic_search,Web,free
u_04911,2026-09-05T08:01:08Z,organic_search,Android,standard
u_04912,2026-07-11T21:37:24Z,organic_search,Android,standard
u_04913,2026-08-04T18:16:25Z,organic_search,Android,free
u_04914,2026-09-04T08:40:51Z,paid_social,Web,standard
u_04915,2026-08-17T04:27:15Z,paid_social,iOS,standard
u_04916,2026-08-21T03:19:48Z,organic_search,Android,standard
u_04917,2026-07-26T12:11:36Z,paid_social,iOS,free
u_04918,2026-09-16T03:27:45Z,organic_search,iOS,standard
u_04919,2026-07-17T03:46:25Z,organic_search,iOS,standard
u_04920,2026-08-24T02:59:58Z,organic_search,iOS,standard
u_04921,2026-08-25T09:06:30Z,organic_search,Web,free
u_04922,2026-09-12T21:50:32Z,partner_program,iOS,premium
u_04923,2026-08-02T09:29:09Z,paid_social,Android,standard
u_04924,2026-08-08T11:07:52Z,organic_search,iOS,standard
u_04925,2026-08-28T21:30:40Z,paid_social,Android,standard
u_04926,2026-08-17T14:00:54Z,paid_social,Web,standard
u_04927,2026-07-16T23:02:52Z,paid_social,Web,free
u_04928,2026-07-18T16:40:10Z,paid_social,iOS,free
u_04929,2026-07-18T12:33:04Z,paid_social,Web,premium
u_04930,2026-08-15T00:16:21Z,referral,Web,standard
u_04931,2026-08-21T23:46:56Z,referral,Android,free
u_04932,2026-09-19T08:22:43Z,partner_program,Android,premium
u_04933,2026-07-20T04:05:49Z,paid_social,Android,standard
u_04934,2026-09-06T19:22:18Z,paid_social,Web,premium
u_04935,2026-08-05T11:19:54Z,paid_social,iOS,standard
u_04936,2026-08-20T15:32:43Z,paid_social,Android,premium
u_04937,2026-08-15T21:17:02Z,referral,Android,standard
u_04938,2026-09-07T08:45:38Z,organic_search,Android,standard
u_04939,2026-08-04T16:11:24Z,organic_search,Android,standard
u_04940,2026-08-20T13:11:40Z,partner_program,Android,premium
u_04941,2026-07-30T00:02:18Z,organic_search,Android,standard
u_04942,2026-09-24T14:44:48Z,organic_search,Web,standard
u_04943,2026-07-02T12:20:03Z,referral,Android,premium
u_04944,2026-08-05T13:11:11Z,paid_social,iOS,free
u_04945,2026-09-15T22:30:51Z,organic_search,Web,free
u_04946,2026-09-18T11:27:23Z,paid_social,Android,free
u_04947,2026-09-07T11:42:42Z,referral,Android,standard
u_04948,2026-07-19T00:21:15Z,organic_search,Web,free
u_04949,2026-09-10T19:23:31Z,referral,Web,free
u_04950,2026-09-25T21:36:56Z,referral,Android,standard
u_04951,2026-09-14T08:38:55Z,paid_social,iOS,premium
u_04952,2026-07-21T09:20:58Z,organic_search,Web,standard
u_04953,2026-09-06T22:27:37Z,paid_social,Android,free
u_04954,2026-08-24T21:01:24Z,partner_program,Web,premium
u_04955,2026-08-03T11:36:33Z,organic_search,Android,free
u_04956,2026-09-11T19:44:25Z,organic_search,Android,free
u_04957,2026-07-29T00:34:45Z,paid_social,Android,free
u_04958,2026-08-08T20:38:48Z,referral,iOS,free
u_04959,2026-09-12T03:47:57Z,referral,iOS,standard
u_04960,2026-07-24T10:59:52Z,referral,Web,free
u_04961,2026-09-11T07:30:49Z,organic_search,Android,premium
u_04962,2026-09-02T06:24:50Z,partner_program,Web,premium
u_04963,2026-09-08T09:03:14Z,organic_search,Android,free
u_04964,2026-07-01T00:32:28Z,paid_social,iOS,free
u_04965,2026-09-28T09:09:07Z,organic_search,Web,standard
u_04966,2026-07-23T18:40:35Z,paid_social,iOS,free
u_04967,2026-07-25T13:51:22Z,referral,iOS,premium
u_04968,2026-09-14T19:59:03Z,partner_program,iOS,standard
u_04969,2026-08-05T15:12:41Z,organic_search,Android,standard
u_04970,2026-07-16T21:27:45Z,organic_search,iOS,standard
u_04971,2026-08-25T06:59:49Z,partner_program,Web,standard
u_04972,2026-08-03T06:12:02Z,organic_search,Android,free
u_04973,2026-07-20T17:04:36Z,paid_social,iOS,free
u_04974,2026-09-04T00:21:47Z,organic_search,iOS,standard
u_04975,2026-08-01T16:34:18Z,paid_social,iOS,free
u_04976,2026-07-22T14:52:39Z,paid_social,iOS,standard
u_04977,2026-08-31T16:01:19Z,referral,Android,free
u_04978,2026-08-03T07:28:01Z,organic_search,Android,free
u_04979,2026-07-10T13:14:44Z,referral,iOS,free
u_04980,2026-09-28T17:35:01Z,paid_social,iOS,free
u_04981,2026-09-23T18:54:12Z,paid_social,Android,free
u_04982,2026-07-14T01:07:58Z,organic_search,Android,free
u_04983,2026-07-28T13:07:06Z,organic_search,Web,standard
u_04984,2026-09-13T03:01:20Z,paid_social,iOS,standard
u_04985,2026-08-05T04:23:40Z,organic_search,Android,free
u_04986,2026-09-28T12:25:19Z,paid_social,iOS,free
u_04987,2026-08-03T21:55:15Z,referral,iOS,free
u_04988,2026-07-27T14:21:40Z,organic_search,iOS,free
u_04989,2026-08-02T23:02:35Z,organic_search,Android,free
u_04990,2026-08-11T18:09:18Z,partner_program,iOS,free
u_04991,2026-08-28T13:25:39Z,paid_social,iOS,free
u_04992,2026-07-06T16:33:57Z,partner_program,Android,free
u_04993,2026-08-17T08:31:30Z,organic_search,iOS,premium
u_04994,2026-08-08T09:13:24Z,organic_search,iOS,standard
u_04995,2026-09-01T08:09:33Z,partner_program,iOS,standard
u_04996,2026-08-25T09:01:43Z,organic_search,Web,free
u_04997,2026-09-02T09:41:41Z,referral,iOS,premium
u_04998,2026-08-14T07:01:43Z,paid_social,Android,standard
u_04999,2026-07-29T11:52:15Z,paid_social,Android,free
u_05000,2026-07-27T13:46:51Z,organic_search,Android,standard
u_05001,2026-09-23T23:48:57Z,partner_program,iOS,free
u_05002,2026-08-29T13:18:54Z,paid_social,iOS,free
u_05003,2026-07-03T14:56:27Z,organic_search,iOS,free
u_05004,2026-07-04T06:15:12Z,partner_program,iOS,free
u_05005,2026-09-08T22:11:57Z,referral,iOS,free
u_05006,2026-09-28T12:07:14Z,organic_search,Android,free
u_05007,2026-09-16T04:04:22Z,partner_program,iOS,standard
u_05008,2026-07-14T16:43:55Z,paid_social,Web,free
u_05009,2026-07-06T12:34:45Z,organic_search,Android,standard
u_05010,2026-07-28T06:33:26Z,paid_social,Android,free
u_05011,2026-09-19T11:25:35Z,paid_social,Android,free
u_05012,2026-07-26T08:17:57Z,partner_program,Android,free
u_05013,2026-09-13T07:58:22Z,organic_search,iOS,free
u_05014,2026-08-18T13:40:35Z,paid_social,iOS,premium
u_05015,2026-09-03T10:59:12Z,paid_social,Web,standard
u_05016,2026-09-15T19:01:16Z,referral,iOS,free
u_05017,2026-08-01T12:08:58Z,organic_search,iOS,free
u_05018,2026-07-13T08:46:51Z,organic_search,Android,standard
u_05019,2026-09-21T01:24:14Z,organic_search,Web,standard
u_05020,2026-08-09T10:42:25Z,organic_search,iOS,standard
u_05021,2026-07-27T21:49:50Z,paid_social,iOS,free
u_05022,2026-08-31T20:26:20Z,paid_social,Android,free
u_05023,2026-09-05T23:30:05Z,paid_social,Android,free
u_05024,2026-08-28T20:20:41Z,paid_social,iOS,free
u_05025,2026-09-02T15:25:24Z,referral,Android,standard
u_05026,2026-08-03T21:44:31Z,organic_search,Web,free
u_05027,2026-08-24T18:06:47Z,paid_social,Web,premium
u_05028,2026-08-18T03:54:30Z,partner_program,iOS,premium
u_05029,2026-09-16T14:47:10Z,organic_search,iOS,standard
u_05030,2026-08-20T07:10:47Z,paid_social,iOS,free
u_05031,2026-09-04T19:36:58Z,partner_program,Android,premium
u_05032,2026-08-11T10:59:23Z,referral,iOS,standard
u_05033,2026-09-12T07:39:09Z,organic_search,Android,standard
u_05034,2026-09-21T04:49:37Z,organic_search,iOS,free
u_05035,2026-07-29T01:24:19Z,paid_social,Android,free
u_05036,2026-09-10T12:11:42Z,paid_social,Web,free
u_05037,2026-08-17T04:33:53Z,partner_program,Web,premium
u_05038,2026-08-18T15:03:31Z,organic_search,Web,standard
u_05039,2026-09-21T23:13:45Z,referral,iOS,premium
u_05040,2026-07-11T01:10:31Z,organic_search,iOS,premium
u_05041,2026-07-21T23:42:47Z,paid_social,iOS,standard
u_05042,2026-07-27T07:42:19Z,paid_social,iOS,standard
u_05043,2026-09-17T23:31:24Z,organic_search,Web,standard
u_05044,2026-08-24T23:21:12Z,referral,Android,standard
u_05045,2026-09-07T00:20:40Z,paid_social,Web,free
u_05046,2026-07-30T04:36:24Z,paid_social,Android,standard
u_05047,2026-08-24T05:14:35Z,organic_search,Android,standard
u_05048,2026-09-10T11:15:34Z,paid_social,Web,standard
u_05049,2026-08-18T22:40:42Z,organic_search,iOS,free
u_05050,2026-08-28T14:03:03Z,referral,Web,free
u_05051,2026-07-22T16:47:08Z,organic_search,Web,standard
u_05052,2026-08-31T14:00:53Z,organic_search,iOS,free
u_05053,2026-08-06T00:58:31Z,referral,iOS,standard
u_05054,2026-07-06T05:38:44Z,organic_search,iOS,premium
u_05055,2026-09-02T19:11:05Z,paid_social,Android,free
u_05056,2026-09-11T00:03:32Z,paid_social,Web,free
u_05057,2026-07-26T14:40:21Z,partner_program,Android,free
u_05058,2026-07-19T09:40:34Z,paid_social,Web,free
u_05059,2026-09-21T14:53:46Z,referral,Android,standard
u_05060,2026-09-13T05:40:04Z,organic_search,Web,free
u_05061,2026-08-20T21:10:41Z,referral,Android,premium
u_05062,2026-09-28T21:46:54Z,paid_social,Android,free
u_05063,2026-09-28T15:16:37Z,organic_search,Web,free
u_05064,2026-08-30T10:16:26Z,referral,iOS,free
u_05065,2026-08-10T16:45:42Z,organic_search,iOS,free
u_05066,2026-07-15T09:40:12Z,partner_program,Web,standard
u_05067,2026-08-02T02:24:11Z,referral,Android,standard
u_05068,2026-08-11T08:08:41Z,paid_social,iOS,standard
u_05069,2026-08-07T10:13:05Z,organic_search,Web,free
u_05070,2026-08-20T11:58:34Z,referral,Web,free
u_05071,2026-08-22T06:40:32Z,partner_program,Android,standard
u_05072,2026-09-22T19:07:10Z,referral,iOS,standard
u_05073,2026-07-25T05:16:14Z,paid_social,iOS,standard
u_05074,2026-09-24T08:54:57Z,partner_program,Android,free
u_05075,2026-07-19T11:35:04Z,organic_search,iOS,free
u_05076,2026-09-24T10:39:19Z,referral,iOS,standard
u_05077,2026-07-31T17:16:46Z,paid_social,iOS,standard
u_05078,2026-09-28T14:54:30Z,paid_social,Android,free
u_05079,2026-08-27T02:57:57Z,paid_social,iOS,free
u_05080,2026-08-25T20:37:53Z,partner_program,iOS,premium
u_05081,2026-09-13T23:54:57Z,paid_social,Web,premium
u_05082,2026-07-11T14:24:21Z,paid_social,Android,standard
u_05083,2026-07-28T14:09:09Z,referral,iOS,premium
u_05084,2026-08-08T08:12:18Z,referral,Android,premium
u_05085,2026-09-21T09:19:17Z,paid_social,iOS,free
u_05086,2026-07-02T21:25:08Z,referral,iOS,free
u_05087,2026-07-25T00:08:16Z,organic_search,Web,free
u_05088,2026-09-06T01:59:07Z,paid_social,Web,standard
u_05089,2026-08-24T18:37:45Z,paid_social,iOS,free
u_05090,2026-07-14T08:19:08Z,organic_search,iOS,standard
u_05091,2026-08-10T15:05:27Z,organic_search,iOS,standard
u_05092,2026-07-19T23:13:38Z,referral,Android,standard
u_05093,2026-08-21T10:26:18Z,paid_social,Web,free
u_05094,2026-07-02T21:00:21Z,partner_program,Web,standard
u_05095,2026-09-14T22:12:49Z,referral,Web,free
u_05096,2026-08-27T02:56:23Z,partner_program,iOS,free
u_05097,2026-07-16T19:51:22Z,referral,Android,standard
u_05098,2026-07-26T03:58:25Z,paid_social,iOS,free
u_05099,2026-08-25T03:20:06Z,organic_search,Web,standard
u_05100,2026-09-20T01:56:52Z,partner_program,Web,premium
u_05101,2026-09-11T10:09:18Z,organic_search,Android,free
u_05102,2026-08-06T23:24:59Z,paid_social,Android,free
u_05103,2026-09-26T05:15:59Z,referral,iOS,free
u_05104,2026-08-29T18:14:43Z,organic_search,Web,standard
u_05105,2026-08-30T06:43:28Z,paid_social,Android,standard
u_05106,2026-09-18T18:52:38Z,referral,iOS,free
u_05107,2026-08-30T09:05:19Z,paid_social,iOS,free
u_05108,2026-09-01T00:10:41Z,partner_program,iOS,free
u_05109,2026-09-28T14:23:10Z,paid_social,Web,standard
u_05110,2026-09-16T15:32:31Z,referral,Android,standard
u_05111,2026-08-07T11:48:14Z,referral,iOS,free
u_05112,2026-07-23T22:36:33Z,paid_social,Web,free
u_05113,2026-07-20T19:14:48Z,paid_social,iOS,standard
u_05114,2026-08-13T02:59:49Z,organic_search,Android,free
u_05115,2026-09-12T09:33:58Z,referral,iOS,free
u_05116,2026-09-01T22:54:43Z,organic_search,Android,standard
u_05117,2026-08-14T19:19:28Z,organic_search,Web,premium
u_05118,2026-07-12T21:03:42Z,paid_social,iOS,standard
u_05119,2026-07-05T18:00:51Z,paid_social,Web,free
u_05120,2026-09-01T21:39:56Z,paid_social,Android,free
u_05121,2026-09-22T16:59:13Z,paid_social,iOS,premium
u_05122,2026-07-23T05:07:54Z,paid_social,Android,standard
u_05123,2026-08-28T02:50:23Z,partner_program,Android,free
u_05124,2026-07-21T14:55:09Z,paid_social,Android,free
u_05125,2026-09-04T10:25:38Z,partner_program,iOS,standard
u_05126,2026-08-06T17:58:14Z,organic_search,Android,standard
u_05127,2026-07-20T14:52:58Z,organic_search,Web,free
u_05128,2026-07-24T02:50:57Z,paid_social,iOS,standard
u_05129,2026-07-25T21:44:00Z,paid_social,Web,standard
u_05130,2026-09-16T15:59:10Z,paid_social,iOS,free
u_05131,2026-08-24T09:36:24Z,partner_program,Web,free
u_05132,2026-09-22T15:56:12Z,partner_program,iOS,premium
u_05133,2026-08-13T03:08:08Z,referral,Android,free
u_05134,2026-08-27T04:48:14Z,organic_search,iOS,standard
u_05135,2026-08-25T07:13:23Z,referral,Web,free
u_05136,2026-09-16T22:27:53Z,organic_search,iOS,standard
u_05137,2026-07-30T22:07:43Z,organic_search,Android,free
u_05138,2026-08-08T00:46:19Z,paid_social,Web,premium
u_05139,2026-08-06T13:52:19Z,referral,Web,free
u_05140,2026-08-10T11:20:13Z,paid_social,Web,standard
u_05141,2026-09-14T20:17:26Z,referral,Android,free
u_05142,2026-07-05T16:26:42Z,paid_social,Android,standard
u_05143,2026-08-12T18:47:21Z,paid_social,Android,standard
u_05144,2026-09-09T16:59:58Z,paid_social,Web,standard
u_05145,2026-08-30T05:05:11Z,referral,Web,standard
u_05146,2026-08-30T09:45:18Z,paid_social,Web,premium
u_05147,2026-07-16T09:28:54Z,organic_search,Android,free
u_05148,2026-09-12T19:56:11Z,paid_social,iOS,free
u_05149,2026-09-27T18:22:36Z,paid_social,Android,free
u_05150,2026-09-02T20:53:41Z,paid_social,iOS,premium
u_05151,2026-07-22T23:58:44Z,referral,Web,free
u_05152,2026-07-16T14:54:46Z,organic_search,Web,free
u_05153,2026-08-30T15:20:52Z,organic_search,iOS,premium
u_05154,2026-07-31T22:56:49Z,organic_search,iOS,standard
u_05155,2026-07-27T14:41:26Z,paid_social,Android,premium
u_05156,2026-08-04T01:01:04Z,organic_search,Web,standard
u_05157,2026-07-08T07:09:47Z,referral,Android,premium
u_05158,2026-07-28T13:48:11Z,partner_program,Android,free
u_05159,2026-08-29T21:12:47Z,organic_search,iOS,free
u_05160,2026-07-26T22:18:55Z,referral,Web,standard
u_05161,2026-09-21T02:57:21Z,paid_social,iOS,premium
u_05162,2026-08-22T22:52:36Z,organic_search,Web,standard
u_05163,2026-09-03T21:07:13Z,referral,Web,free
u_05164,2026-09-11T07:03:22Z,referral,Android,standard
u_05165,2026-09-05T01:17:03Z,paid_social,iOS,standard
u_05166,2026-08-08T16:31:48Z,organic_search,iOS,free
u_05167,2026-09-05T00:45:22Z,paid_social,iOS,free
u_05168,2026-09-14T10:33:16Z,organic_search,Android,free
u_05169,2026-07-14T15:58:00Z,organic_search,iOS,free
u_05170,2026-08-17T00:43:06Z,paid_social,Web,premium
u_05171,2026-07-30T22:36:57Z,referral,Web,free
u_05172,2026-07-22T04:21:38Z,referral,Android,premium
u_05173,2026-07-21T03:29:51Z,organic_search,iOS,standard
u_05174,2026-09-16T01:47:44Z,partner_program,iOS,standard
u_05175,2026-07-10T07:47:04Z,partner_program,Android,free
u_05176,2026-07-30T07:36:37Z,partner_program,Android,free
u_05177,2026-08-12T10:36:32Z,paid_social,iOS,free
u_05178,2026-07-26T07:28:50Z,organic_search,Web,standard
u_05179,2026-08-30T22:14:20Z,paid_social,iOS,free
u_05180,2026-09-27T06:13:12Z,paid_social,Web,premium
u_05181,2026-07-13T01:53:47Z,paid_social,Web,free
u_05182,2026-09-18T06:38:50Z,referral,iOS,premium
u_05183,2026-08-24T12:32:51Z,partner_program,Android,free
u_05184,2026-08-23T17:48:27Z,organic_search,Android,standard
u_05185,2026-09-03T04:45:14Z,organic_search,iOS,standard
u_05186,2026-09-22T23:12:29Z,paid_social,Web,standard
u_05187,2026-07-24T12:45:17Z,paid_social,Web,standard
u_05188,2026-09-05T18:55:21Z,organic_search,iOS,standard
u_05189,2026-07-02T08:10:17Z,organic_search,iOS,premium
u_05190,2026-08-09T19:37:05Z,paid_social,Web,free
u_05191,2026-07-05T13:10:09Z,paid_social,iOS,free
u_05192,2026-08-15T03:27:27Z,partner_program,iOS,free
u_05193,2026-07-17T14:39:37Z,organic_search,iOS,free
u_05194,2026-09-16T12:32:33Z,organic_search,Android,standard
u_05195,2026-07-06T23:33:50Z,organic_search,Web,free
u_05196,2026-09-06T02:47:41Z,partner_program,Android,free
u_05197,2026-08-28T18:16:41Z,organic_search,iOS,free
u_05198,2026-07-05T20:08:08Z,organic_search,iOS,free
u_05199,2026-09-21T03:54:03Z,referral,iOS,standard
u_05200,2026-08-27T02:32:36Z,referral,Web,free
u_05201,2026-07-14T05:16:38Z,referral,Android,free
u_05202,2026-09-22T01:48:37Z,paid_social,iOS,standard
u_05203,2026-08-02T21:26:28Z,paid_social,iOS,free
u_05204,2026-08-28T19:59:33Z,organic_search,Android,standard
u_05205,2026-08-09T20:17:58Z,organic_search,Android,standard
u_05206,2026-07-04T02:40:30Z,organic_search,Android,standard
u_05207,2026-09-17T23:50:36Z,referral,Android,standard
u_05208,2026-07-30T06:20:34Z,partner_program,Android,free
u_05209,2026-08-19T15:30:16Z,referral,iOS,free
u_05210,2026-07-24T01:19:28Z,organic_search,iOS,premium
u_05211,2026-09-24T19:50:34Z,paid_social,Web,standard
u_05212,2026-07-11T02:24:42Z,referral,Android,free
u_05213,2026-08-11T15:29:25Z,paid_social,Web,free
u_05214,2026-07-18T09:31:12Z,partner_program,Android,free
u_05215,2026-08-18T07:36:56Z,organic_search,iOS,premium
u_05216,2026-07-28T02:07:15Z,referral,Android,free
u_05217,2026-09-17T13:50:29Z,paid_social,Web,premium
u_05218,2026-08-12T17:17:22Z,paid_social,iOS,standard
u_05219,2026-07-12T20:39:17Z,referral,Web,premium
u_05220,2026-08-27T14:02:56Z,paid_social,iOS,standard
u_05221,2026-09-16T07:18:00Z,paid_social,iOS,free
u_05222,2026-07-21T20:46:29Z,referral,iOS,free
u_05223,2026-07-15T20:56:05Z,paid_social,Android,standard
u_05224,2026-08-10T21:59:49Z,paid_social,Web,free
u_05225,2026-07-08T18:24:02Z,organic_search,iOS,standard
u_05226,2026-09-16T18:41:55Z,organic_search,Web,free
u_05227,2026-09-26T02:41:31Z,organic_search,Web,standard
u_05228,2026-08-29T12:17:44Z,organic_search,Android,premium
u_05229,2026-08-01T10:02:25Z,paid_social,iOS,free
u_05230,2026-09-28T04:18:15Z,paid_social,iOS,free
u_05231,2026-08-26T12:44:51Z,paid_social,Android,standard
u_05232,2026-09-05T13:16:48Z,referral,iOS,free
u_05233,2026-09-17T05:24:41Z,paid_social,Android,free
u_05234,2026-09-04T21:04:26Z,organic_search,Android,standard
u_05235,2026-08-25T01:18:37Z,organic_search,Web,free
u_05236,2026-09-19T12:46:11Z,paid_social,Web,standard
u_05237,2026-07-11T01:05:12Z,organic_search,Android,free
u_05238,2026-08-01T17:52:54Z,paid_social,iOS,free
u_05239,2026-07-08T17:54:38Z,referral,Android,standard
u_05240,2026-08-25T03:28:55Z,organic_search,Web,standard
u_05241,2026-08-02T09:02:53Z,paid_social,iOS,premium
u_05242,2026-08-11T10:13:27Z,organic_search,iOS,free
u_05243,2026-09-25T21:00:29Z,organic_search,iOS,free
u_05244,2026-07-13T06:34:59Z,paid_social,Web,free
u_05245,2026-09-22T21:17:22Z,paid_social,iOS,free
u_05246,2026-07-03T21:33:09Z,paid_social,Web,free
u_05247,2026-07-13T13:27:19Z,paid_social,Android,standard
u_05248,2026-08-02T05:24:34Z,partner_program,iOS,free
u_05249,2026-08-30T04:54:33Z,paid_social,iOS,standard
u_05250,2026-09-20T19:17:08Z,paid_social,iOS,free
u_05251,2026-07-07T18:26:01Z,paid_social,iOS,standard
u_05252,2026-09-02T06:39:18Z,referral,Web,standard
u_05253,2026-09-02T00:00:22Z,organic_search,Android,free
u_05254,2026-09-10T19:57:08Z,paid_social,iOS,standard
u_05255,2026-09-28T02:03:32Z,partner_program,Android,premium
u_05256,2026-09-07T08:40:20Z,paid_social,iOS,standard
u_05257,2026-09-16T00:08:00Z,paid_social,Android,free
u_05258,2026-08-12T20:43:46Z,organic_search,Android,free
u_05259,2026-09-18T01:19:23Z,partner_program,iOS,premium
u_05260,2026-08-14T10:08:40Z,paid_social,iOS,standard
u_05261,2026-08-20T01:01:10Z,partner_program,Android,free
u_05262,2026-09-27T20:15:09Z,paid_social,Android,free
u_05263,2026-08-07T11:06:14Z,referral,Android,free
u_05264,2026-07-31T01:23:31Z,partner_program,Android,standard
u_05265,2026-08-30T16:22:38Z,referral,iOS,free
u_05266,2026-08-24T07:59:55Z,paid_social,iOS,premium
u_05267,2026-09-10T13:50:42Z,paid_social,Android,free
u_05268,2026-08-01T00:09:31Z,paid_social,Web,free
u_05269,2026-09-12T22:14:01Z,organic_search,Android,free
u_05270,2026-07-25T04:40:57Z,referral,Android,free
u_05271,2026-08-18T18:12:23Z,partner_program,iOS,free
u_05272,2026-09-23T06:19:32Z,organic_search,iOS,standard
u_05273,2026-07-19T08:31:51Z,paid_social,Android,free
u_05274,2026-07-05T13:40:41Z,paid_social,Android,free
u_05275,2026-08-04T09:04:03Z,referral,iOS,free
u_05276,2026-08-09T01:30:44Z,paid_social,Android,free
u_05277,2026-08-29T20:57:16Z,organic_search,Android,free
u_05278,2026-09-28T12:39:03Z,organic_search,iOS,free
u_05279,2026-08-27T00:54:35Z,paid_social,iOS,free
u_05280,2026-07-16T22:24:17Z,partner_program,Android,standard
u_05281,2026-07-07T17:51:10Z,organic_search,iOS,free
u_05282,2026-08-31T19:24:03Z,paid_social,iOS,free
u_05283,2026-07-25T10:22:20Z,paid_social,Android,free
u_05284,2026-09-15T14:35:43Z,paid_social,Web,free
u_05285,2026-09-09T05:48:47Z,partner_program,iOS,premium
u_05286,2026-08-29T11:23:38Z,organic_search,iOS,free
u_05287,2026-09-28T03:38:45Z,organic_search,Android,free
u_05288,2026-07-14T16:58:18Z,referral,Web,free
u_05289,2026-07-12T13:46:33Z,organic_search,iOS,premium
u_05290,2026-07-22T07:09:33Z,organic_search,Android,standard
u_05291,2026-08-19T09:43:13Z,partner_program,Web,free
u_05292,2026-07-20T10:02:01Z,paid_social,Web,free
u_05293,2026-09-01T06:33:57Z,partner_program,Web,free
u_05294,2026-09-07T13:55:29Z,referral,iOS,premium
u_05295,2026-09-07T18:45:39Z,partner_program,iOS,standard
u_05296,2026-08-06T16:32:54Z,paid_social,Android,free
u_05297,2026-08-20T06:31:52Z,paid_social,iOS,premium
u_05298,2026-07-16T09:16:19Z,partner_program,iOS,free
u_05299,2026-09-15T21:31:32Z,organic_search,Web,free
u_05300,2026-08-07T09:22:02Z,paid_social,iOS,standard
u_05301,2026-07-07T02:39:54Z,organic_search,Android,free
u_05302,2026-07-04T14:37:13Z,paid_social,Android,free
u_05303,2026-07-21T02:10:36Z,paid_social,Android,free
u_05304,2026-08-03T17:07:16Z,organic_search,Web,standard
u_05305,2026-07-13T14:43:43Z,organic_search,Android,standard
u_05306,2026-07-23T09:53:50Z,paid_social,iOS,free
u_05307,2026-07-01T16:07:33Z,referral,iOS,premium
u_05308,2026-07-18T04:47:10Z,paid_social,Android,standard
u_05309,2026-09-13T12:39:39Z,partner_program,Android,free
u_05310,2026-07-16T21:59:40Z,organic_search,Android,premium
u_05311,2026-08-28T06:03:40Z,paid_social,Android,premium
u_05312,2026-07-23T00:18:58Z,paid_social,iOS,free
u_05313,2026-08-13T02:18:15Z,referral,Web,free
u_05314,2026-08-20T16:55:57Z,paid_social,Android,free
u_05315,2026-08-11T22:41:09Z,referral,Web,free
u_05316,2026-09-17T16:08:28Z,paid_social,iOS,standard
u_05317,2026-07-26T00:12:41Z,paid_social,iOS,free
u_05318,2026-08-07T03:12:07Z,partner_program,iOS,free
u_05319,2026-09-18T01:19:27Z,referral,iOS,free
u_05320,2026-08-18T23:26:26Z,organic_search,Android,standard
u_05321,2026-08-18T01:45:46Z,paid_social,Web,standard
u_05322,2026-09-04T23:27:34Z,partner_program,iOS,free
u_05323,2026-07-14T08:27:20Z,organic_search,Android,standard
u_05324,2026-09-04T19:10:25Z,organic_search,Android,standard
u_05325,2026-08-06T23:04:32Z,paid_social,iOS,free
u_05326,2026-07-19T17:48:08Z,referral,Web,free
u_05327,2026-09-03T19:34:08Z,referral,Web,free
u_05328,2026-08-08T17:59:32Z,paid_social,Web,standard
u_05329,2026-08-02T05:17:39Z,organic_search,iOS,free
u_05330,2026-09-22T18:00:16Z,paid_social,iOS,standard
u_05331,2026-09-11T20:40:26Z,referral,Android,premium
u_05332,2026-09-13T02:29:24Z,referral,iOS,premium
u_05333,2026-07-02T03:31:27Z,organic_search,iOS,standard
u_05334,2026-07-17T00:56:00Z,organic_search,Android,free
u_05335,2026-07-14T13:55:32Z,paid_social,Web,standard
u_05336,2026-07-11T17:47:04Z,paid_social,iOS,standard
u_05337,2026-09-16T05:33:39Z,referral,Web,free
u_05338,2026-09-16T02:28:02Z,paid_social,Web,standard
u_05339,2026-07-28T13:30:05Z,organic_search,Android,standard
u_05340,2026-09-20T07:30:11Z,referral,Web,free
u_05341,2026-09-24T07:55:24Z,paid_social,Android,free
u_05342,2026-08-09T18:59:56Z,paid_social,Android,premium
u_05343,2026-07-16T07:18:33Z,referral,Android,standard
u_05344,2026-08-13T19:33:08Z,referral,iOS,free
u_05345,2026-09-09T19:07:57Z,paid_social,iOS,free
u_05346,2026-09-03T08:20:00Z,referral,Web,free
u_05347,2026-09-02T09:15:37Z,organic_search,iOS,standard
u_05348,2026-07-23T16:08:53Z,paid_social,Android,free
u_05349,2026-07-29T14:06:26Z,referral,Web,premium
u_05350,2026-09-18T20:24:52Z,partner_program,iOS,standard
u_05351,2026-09-28T05:08:59Z,organic_search,Android,free
u_05352,2026-09-15T17:41:20Z,referral,iOS,free
u_05353,2026-09-17T17:11:33Z,referral,iOS,free
u_05354,2026-09-21T19:12:15Z,paid_social,iOS,standard
u_05355,2026-08-06T07:43:44Z,paid_social,iOS,free
u_05356,2026-07-06T12:16:37Z,paid_social,Android,free
u_05357,2026-08-22T16:38:52Z,paid_social,iOS,premium
u_05358,2026-08-09T20:21:30Z,referral,Web,free
u_05359,2026-07-19T20:18:57Z,paid_social,iOS,standard
u_05360,2026-08-16T01:45:07Z,paid_social,Android,free
u_05361,2026-08-02T19:38:44Z,paid_social,Android,free
u_05362,2026-09-18T21:58:24Z,paid_social,iOS,free
u_05363,2026-07-11T07:53:16Z,organic_search,Web,premium
u_05364,2026-08-31T13:04:28Z,organic_search,Web,standard
u_05365,2026-07-16T04:52:41Z,partner_program,Web,free
u_05366,2026-09-14T19:29:32Z,organic_search,iOS,free
u_05367,2026-07-05T23:10:03Z,organic_search,Android,premium
u_05368,2026-09-18T21:18:56Z,paid_social,Android,standard
u_05369,2026-09-22T04:10:25Z,referral,Android,free
u_05370,2026-08-26T02:00:28Z,organic_search,Web,free
u_05371,2026-08-30T17:10:26Z,paid_social,iOS,premium
u_05372,2026-08-26T19:08:57Z,referral,iOS,free
u_05373,2026-07-14T09:35:50Z,referral,iOS,free
u_05374,2026-09-08T02:50:47Z,paid_social,Web,free
u_05375,2026-08-10T07:41:33Z,paid_social,iOS,premium
u_05376,2026-07-16T22:58:28Z,paid_social,iOS,standard
u_05377,2026-08-14T17:51:03Z,referral,Android,free
u_05378,2026-07-03T16:28:50Z,organic_search,Android,free
u_05379,2026-07-25T11:03:19Z,referral,iOS,premium
u_05380,2026-09-20T23:46:04Z,paid_social,Android,free
u_05381,2026-08-25T21:54:27Z,paid_social,Android,standard
u_05382,2026-08-17T00:48:54Z,partner_program,iOS,free
u_05383,2026-08-17T16:44:13Z,referral,iOS,free
u_05384,2026-07-12T13:39:05Z,paid_social,Web,free
u_05385,2026-07-14T13:45:03Z,paid_social,iOS,standard
u_05386,2026-09-04T04:26:36Z,organic_search,Web,free
u_05387,2026-08-25T13:28:56Z,paid_social,iOS,premium
u_05388,2026-08-20T16:12:10Z,paid_social,iOS,standard
u_05389,2026-08-05T09:53:39Z,referral,iOS,premium
u_05390,2026-07-10T03:28:43Z,organic_search,iOS,free
u_05391,2026-07-31T07:28:32Z,referral,Android,free
u_05392,2026-08-14T22:43:16Z,referral,iOS,standard
u_05393,2026-07-04T06:30:59Z,paid_social,Android,free
u_05394,2026-09-22T05:08:38Z,paid_social,Web,standard
u_05395,2026-08-23T01:26:31Z,paid_social,iOS,free
u_05396,2026-09-19T05:59:43Z,paid_social,iOS,free
u_05397,2026-09-05T08:25:41Z,referral,Web,free
u_05398,2026-07-22T04:39:30Z,organic_search,Web,free
u_05399,2026-08-28T07:57:06Z,paid_social,Android,free
u_05400,2026-09-02T09:09:41Z,paid_social,iOS,free
u_05401,2026-08-13T20:18:18Z,partner_program,iOS,free
u_05402,2026-07-06T22:37:10Z,organic_search,iOS,free
u_05403,2026-07-25T12:01:53Z,organic_search,Android,standard
u_05404,2026-07-04T02:38:03Z,paid_social,Android,free
u_05405,2026-07-27T11:01:15Z,paid_social,Web,free
u_05406,2026-09-11T08:40:50Z,organic_search,Android,standard
u_05407,2026-07-22T01:40:48Z,partner_program,iOS,standard
u_05408,2026-07-09T10:46:45Z,paid_social,Web,free
u_05409,2026-09-25T08:53:54Z,referral,iOS,free
u_05410,2026-09-16T12:11:51Z,organic_search,iOS,free
u_05411,2026-08-03T18:02:52Z,referral,Web,standard
u_05412,2026-07-22T05:44:26Z,paid_social,iOS,free
u_05413,2026-08-25T00:50:35Z,organic_search,iOS,standard
u_05414,2026-07-28T06:35:10Z,referral,iOS,standard
u_05415,2026-08-10T07:07:12Z,partner_program,Android,free
u_05416,2026-09-08T13:01:28Z,organic_search,Web,free
u_05417,2026-07-01T15:10:21Z,referral,iOS,standard
u_05418,2026-08-15T10:19:04Z,paid_social,iOS,free
u_05419,2026-08-18T07:53:39Z,partner_program,Android,free
u_05420,2026-07-29T16:33:52Z,paid_social,Android,free
u_05421,2026-09-24T03:09:41Z,organic_search,Web,standard
u_05422,2026-09-08T05:25:36Z,referral,iOS,free
u_05423,2026-07-24T11:18:04Z,paid_social,Android,free
u_05424,2026-07-23T21:54:00Z,organic_search,iOS,free
u_05425,2026-08-30T02:10:22Z,partner_program,Android,free
u_05426,2026-09-25T01:27:59Z,paid_social,Android,free
u_05427,2026-09-03T02:53:02Z,referral,Android,standard
u_05428,2026-09-06T20:49:50Z,organic_search,iOS,standard
u_05429,2026-07-18T01:42:06Z,organic_search,Web,standard
u_05430,2026-09-03T04:46:12Z,referral,iOS,free
u_05431,2026-07-17T06:38:49Z,organic_search,Android,free
u_05432,2026-09-13T04:04:21Z,organic_search,Android,free
u_05433,2026-07-28T05:01:50Z,paid_social,Android,standard
u_05434,2026-08-12T04:05:21Z,organic_search,Android,standard
u_05435,2026-07-02T10:32:11Z,paid_social,iOS,free
u_05436,2026-09-28T00:38:53Z,organic_search,Web,standard
u_05437,2026-07-10T01:12:39Z,paid_social,iOS,standard
u_05438,2026-09-27T14:53:34Z,organic_search,iOS,free
u_05439,2026-09-17T21:10:03Z,partner_program,Web,standard
u_05440,2026-07-17T03:50:36Z,paid_social,iOS,standard
u_05441,2026-09-24T07:00:42Z,organic_search,iOS,free
u_05442,2026-08-06T23:08:09Z,partner_program,Web,free
u_05443,2026-08-17T17:24:05Z,partner_program,iOS,standard
u_05444,2026-08-16T01:20:07Z,paid_social,Android,standard
u_05445,2026-08-16T02:37:28Z,partner_program,iOS,free
u_05446,2026-08-23T19:25:56Z,organic_search,Web,standard
u_05447,2026-07-23T05:41:13Z,paid_social,Android,standard
u_05448,2026-08-27T02:29:21Z,referral,Android,standard
u_05449,2026-08-07T18:52:12Z,organic_search,iOS,free
u_05450,2026-07-26T01:27:09Z,referral,Android,free
u_05451,2026-09-09T10:55:07Z,partner_program,Web,free
u_05452,2026-07-30T07:28:43Z,partner_program,Android,premium
u_05453,2026-08-21T23:13:36Z,organic_search,Android,free
u_05454,2026-08-08T20:13:42Z,paid_social,Android,free
u_05455,2026-08-31T00:28:01Z,paid_social,Web,free
u_05456,2026-07-23T14:51:53Z,paid_social,iOS,free
u_05457,2026-09-08T13:06:52Z,paid_social,Android,standard
u_05458,2026-07-15T23:43:03Z,referral,Android,premium
u_05459,2026-08-16T23:01:27Z,referral,Web,free
u_05460,2026-08-08T06:24:44Z,paid_social,iOS,standard
u_05461,2026-08-11T16:50:52Z,partner_program,iOS,free
u_05462,2026-07-05T03:52:58Z,paid_social,iOS,standard
u_05463,2026-08-22T03:52:00Z,paid_social,Web,free
u_05464,2026-09-10T09:37:13Z,partner_program,iOS,premium
u_05465,2026-09-28T00:07:37Z,paid_social,iOS,free
u_05466,2026-07-28T18:31:30Z,paid_social,iOS,free
u_05467,2026-09-09T11:27:25Z,organic_search,Android,standard
u_05468,2026-07-23T21:32:08Z,referral,Android,standard
u_05469,2026-09-11T16:47:44Z,referral,Web,standard
u_05470,2026-08-21T20:43:47Z,paid_social,iOS,free
u_05471,2026-07-11T21:00:28Z,organic_search,iOS,standard
u_05472,2026-07-05T15:52:50Z,paid_social,Android,free
u_05473,2026-09-27T22:52:45Z,organic_search,iOS,free
u_05474,2026-09-15T06:34:38Z,organic_search,iOS,free
u_05475,2026-07-10T06:36:53Z,paid_social,Android,free
u_05476,2026-09-19T15:45:49Z,referral,iOS,free
u_05477,2026-08-28T11:16:28Z,referral,Android,free
u_05478,2026-07-24T08:23:09Z,referral,Web,premium
u_05479,2026-08-23T07:01:24Z,paid_social,Android,premium
u_05480,2026-07-18T09:15:47Z,paid_social,Android,free
u_05481,2026-07-30T03:30:23Z,organic_search,iOS,free
u_05482,2026-09-24T01:35:26Z,referral,iOS,free
u_05483,2026-08-02T17:57:10Z,paid_social,Web,free
u_05484,2026-07-22T18:43:15Z,referral,Android,free
u_05485,2026-07-16T07:55:56Z,partner_program,Web,free
u_05486,2026-07-01T23:40:34Z,partner_program,iOS,free
u_05487,2026-08-05T02:19:47Z,organic_search,Android,free
u_05488,2026-08-07T17:19:24Z,paid_social,Web,free
u_05489,2026-07-04T05:46:44Z,partner_program,Web,free
u_05490,2026-09-27T22:18:11Z,organic_search,Web,standard
u_05491,2026-09-24T22:54:12Z,paid_social,Android,free
u_05492,2026-09-15T07:30:37Z,referral,Android,free
u_05493,2026-09-23T09:53:15Z,organic_search,Web,free
u_05494,2026-07-24T07:50:49Z,organic_search,Android,standard
u_05495,2026-07-30T13:19:21Z,organic_search,Android,standard
u_05496,2026-08-30T05:02:13Z,referral,iOS,standard
u_05497,2026-08-30T04:32:38Z,organic_search,Android,standard
u_05498,2026-07-21T01:18:00Z,referral,Android,free
u_05499,2026-07-17T15:17:17Z,organic_search,Web,free
u_05500,2026-08-28T15:43:53Z,organic_search,Android,premium
u_05501,2026-09-19T03:21:33Z,organic_search,Web,standard
u_05502,2026-08-08T02:39:06Z,organic_search,Android,standard
u_05503,2026-08-28T07:13:35Z,paid_social,Web,free
u_05504,2026-07-09T06:56:17Z,referral,Web,free
u_05505,2026-07-20T00:48:56Z,referral,iOS,standard
u_05506,2026-08-01T05:43:37Z,partner_program,iOS,standard
u_05507,2026-09-19T08:59:50Z,organic_search,Android,free
u_05508,2026-07-23T21:29:28Z,paid_social,Web,free
u_05509,2026-08-07T03:44:56Z,referral,iOS,free
u_05510,2026-07-27T22:46:57Z,organic_search,Android,standard
u_05511,2026-07-28T22:57:56Z,paid_social,Web,free
u_05512,2026-08-13T09:59:56Z,organic_search,iOS,standard
u_05513,2026-07-02T23:54:32Z,paid_social,iOS,standard
u_05514,2026-07-16T13:25:07Z,paid_social,Android,standard
u_05515,2026-08-24T21:05:41Z,organic_search,Android,premium
u_05516,2026-08-21T09:37:19Z,paid_social,Android,free
u_05517,2026-09-05T16:09:11Z,organic_search,iOS,standard
u_05518,2026-08-09T01:07:22Z,paid_social,iOS,standard
u_05519,2026-08-01T12:13:24Z,organic_search,Android,standard
u_05520,2026-07-26T02:52:03Z,organic_search,Android,standard
u_05521,2026-09-05T00:50:19Z,paid_social,Android,free
u_05522,2026-08-18T20:25:07Z,partner_program,Android,free
u_05523,2026-09-06T05:09:58Z,organic_search,iOS,free
u_05524,2026-08-06T13:17:01Z,referral,Web,standard
u_05525,2026-08-01T22:02:25Z,referral,iOS,free
u_05526,2026-09-06T15:12:39Z,paid_social,Android,standard
u_05527,2026-08-08T14:22:57Z,referral,iOS,free
u_05528,2026-08-28T09:46:54Z,referral,Web,premium
u_05529,2026-07-24T05:58:16Z,organic_search,Web,free
u_05530,2026-08-25T10:34:31Z,organic_search,Android,standard
u_05531,2026-08-16T17:18:39Z,paid_social,iOS,free
u_05532,2026-08-17T08:31:13Z,partner_program,Android,free
u_05533,2026-08-30T06:01:18Z,paid_social,Web,standard
u_05534,2026-09-12T22:50:32Z,paid_social,Web,free
u_05535,2026-07-25T12:08:47Z,paid_social,Android,free
u_05536,2026-08-15T10:30:36Z,organic_search,iOS,standard
u_05537,2026-08-21T23:47:10Z,paid_social,Web,standard
u_05538,2026-07-05T01:20:59Z,paid_social,iOS,free
u_05539,2026-08-22T06:28:45Z,referral,Android,premium
u_05540,2026-07-16T05:08:17Z,paid_social,Web,premium
u_05541,2026-09-01T02:03:33Z,organic_search,Web,free
u_05542,2026-07-01T12:47:27Z,paid_social,Android,standard
u_05543,2026-07-01T16:22:15Z,referral,iOS,standard
u_05544,2026-09-09T00:51:00Z,paid_social,Android,standard
u_05545,2026-08-28T08:23:05Z,organic_search,Web,free
u_05546,2026-09-28T00:39:02Z,partner_program,Android,free
u_05547,2026-08-20T20:30:04Z,organic_search,Android,free
u_05548,2026-07-24T13:32:37Z,paid_social,Android,standard
u_05549,2026-07-14T16:44:51Z,paid_social,iOS,standard
u_05550,2026-09-17T07:18:57Z,partner_program,iOS,free
u_05551,2026-09-19T14:17:42Z,organic_search,Android,premium
u_05552,2026-08-27T13:10:17Z,paid_social,Android,free
u_05553,2026-08-10T18:10:56Z,paid_social,iOS,standard
u_05554,2026-08-22T15:16:26Z,paid_social,Web,free
u_05555,2026-08-21T12:35:01Z,referral,Web,premium
u_05556,2026-07-13T17:12:00Z,referral,Web,free
u_05557,2026-09-06T17:41:05Z,referral,iOS,free
u_05558,2026-07-07T05:52:31Z,partner_program,Android,free
u_05559,2026-07-01T11:28:22Z,organic_search,iOS,free
u_05560,2026-09-15T03:20:55Z,organic_search,Android,free
u_05561,2026-07-30T14:30:27Z,organic_search,iOS,standard
u_05562,2026-09-12T07:38:51Z,organic_search,iOS,free
u_05563,2026-09-08T05:45:39Z,partner_program,iOS,standard
u_05564,2026-07-12T14:01:44Z,organic_search,iOS,premium
u_05565,2026-07-31T21:42:12Z,paid_social,iOS,standard
u_05566,2026-09-27T07:13:03Z,organic_search,Web,free
u_05567,2026-07-22T21:39:45Z,paid_social,iOS,free
u_05568,2026-09-16T15:11:48Z,organic_search,Web,standard
u_05569,2026-07-26T12:51:05Z,partner_program,Web,premium
u_05570,2026-07-22T04:03:06Z,organic_search,Android,free
u_05571,2026-07-15T10:17:22Z,partner_program,Android,free
u_05572,2026-08-03T15:35:32Z,organic_search,Android,free
u_05573,2026-08-06T12:53:02Z,organic_search,Android,free
u_05574,2026-07-20T03:01:01Z,paid_social,Android,free
u_05575,2026-09-17T06:07:24Z,referral,Web,free
u_05576,2026-07-22T23:21:39Z,organic_search,iOS,standard
u_05577,2026-08-30T02:03:44Z,paid_social,Web,free
u_05578,2026-09-18T03:51:23Z,referral,Android,free
u_05579,2026-08-31T10:31:10Z,organic_search,Web,standard
u_05580,2026-07-02T18:54:14Z,organic_search,Android,standard
u_05581,2026-08-31T21:13:28Z,organic_search,Web,standard
u_05582,2026-09-07T08:18:02Z,paid_social,iOS,standard
u_05583,2026-08-25T02:37:49Z,organic_search,iOS,standard
u_05584,2026-09-11T07:16:21Z,organic_search,iOS,standard
u_05585,2026-08-21T07:23:39Z,organic_search,iOS,premium
u_05586,2026-07-01T00:52:09Z,referral,Android,standard
u_05587,2026-09-02T07:14:51Z,paid_social,iOS,free
u_05588,2026-07-09T00:58:29Z,referral,iOS,free
u_05589,2026-08-25T16:08:21Z,organic_search,Web,standard
u_05590,2026-07-06T20:39:07Z,paid_social,iOS,premium
u_05591,2026-08-09T00:25:31Z,referral,Web,free
u_05592,2026-09-16T06:37:03Z,paid_social,iOS,premium
u_05593,2026-08-07T06:04:43Z,referral,Android,standard
u_05594,2026-09-25T20:05:48Z,referral,iOS,free
u_05595,2026-08-14T15:14:10Z,referral,Web,free
u_05596,2026-08-29T18:11:21Z,paid_social,Android,standard
u_05597,2026-09-19T14:37:50Z,paid_social,Web,standard
u_05598,2026-08-05T01:13:38Z,referral,Android,free
u_05599,2026-09-09T15:26:54Z,referral,Web,free
u_05600,2026-08-12T18:30:58Z,organic_search,iOS,free
u_05601,2026-08-15T01:31:26Z,organic_search,Android,free
u_05602,2026-09-02T06:11:47Z,referral,Android,free
u_05603,2026-08-19T09:16:31Z,partner_program,Web,free
u_05604,2026-08-15T00:04:04Z,referral,Web,standard
u_05605,2026-08-30T10:58:20Z,organic_search,Web,free
u_05606,2026-08-05T13:14:39Z,organic_search,iOS,standard
u_05607,2026-07-15T11:46:14Z,paid_social,Android,free
u_05608,2026-07-02T08:03:23Z,organic_search,iOS,free
u_05609,2026-08-05T18:50:04Z,paid_social,iOS,standard
u_05610,2026-07-03T17:06:24Z,paid_social,iOS,free
u_05611,2026-08-14T01:04:50Z,referral,iOS,standard
u_05612,2026-07-07T17:12:24Z,paid_social,Android,standard
u_05613,2026-07-01T15:02:09Z,organic_search,Web,standard
u_05614,2026-09-03T15:39:07Z,referral,Android,standard
u_05615,2026-07-24T10:17:37Z,paid_social,Android,standard
u_05616,2026-07-18T22:59:03Z,organic_search,iOS,premium
u_05617,2026-09-08T10:37:37Z,partner_program,iOS,premium
u_05618,2026-09-01T00:36:48Z,paid_social,iOS,standard
u_05619,2026-08-24T15:06:05Z,organic_search,Web,free
u_05620,2026-09-25T21:04:25Z,paid_social,iOS,standard
u_05621,2026-09-03T01:22:38Z,paid_social,Android,free
u_05622,2026-09-05T04:39:07Z,organic_search,iOS,premium
u_05623,2026-07-14T21:03:15Z,paid_social,iOS,free
u_05624,2026-09-24T18:34:37Z,organic_search,Web,standard
u_05625,2026-08-23T22:17:32Z,referral,Android,standard
u_05626,2026-07-30T02:47:46Z,paid_social,iOS,free
u_05627,2026-08-31T08:23:10Z,referral,Web,free
u_05628,2026-09-23T06:14:24Z,paid_social,iOS,premium
u_05629,2026-09-11T14:06:59Z,referral,Android,standard
u_05630,2026-09-20T18:13:36Z,partner_program,iOS,standard
u_05631,2026-07-09T09:35:59Z,organic_search,Android,standard
u_05632,2026-07-01T08:57:32Z,referral,Android,free
u_05633,2026-08-13T12:20:13Z,partner_program,iOS,standard
u_05634,2026-07-05T16:12:31Z,organic_search,iOS,standard
u_05635,2026-08-02T05:34:22Z,partner_program,iOS,free
u_05636,2026-09-19T22:38:00Z,paid_social,iOS,free
u_05637,2026-09-28T22:54:41Z,organic_search,iOS,free
u_05638,2026-09-25T18:46:27Z,paid_social,Android,standard
u_05639,2026-07-22T00:46:03Z,partner_program,iOS,free
u_05640,2026-09-27T10:15:19Z,organic_search,Android,free
u_05641,2026-07-26T08:39:18Z,paid_social,iOS,free
u_05642,2026-08-13T22:21:26Z,organic_search,Android,standard
u_05643,2026-07-08T21:11:15Z,paid_social,Android,free
u_05644,2026-09-14T15:07:35Z,organic_search,iOS,free
u_05645,2026-09-26T08:11:43Z,paid_social,Android,premium
u_05646,2026-08-31T03:42:23Z,organic_search,Android,free
u_05647,2026-09-08T03:26:28Z,referral,Web,free
u_05648,2026-07-13T14:40:45Z,referral,Android,standard
u_05649,2026-07-29T18:11:12Z,organic_search,Android,free
u_05650,2026-08-13T00:00:56Z,organic_search,Android,free
u_05651,2026-08-21T04:56:41Z,paid_social,Android,free
u_05652,2026-08-03T10:37:01Z,organic_search,iOS,free
u_05653,2026-07-22T01:25:11Z,organic_search,iOS,premium
u_05654,2026-07-30T19:35:01Z,partner_program,iOS,free
u_05655,2026-08-03T05:12:19Z,referral,Android,free
u_05656,2026-08-25T08:06:35Z,organic_search,iOS,standard
u_05657,2026-09-23T16:26:38Z,referral,iOS,free
u_05658,2026-08-04T10:27:29Z,organic_search,Web,free
u_05659,2026-07-20T15:15:23Z,referral,Android,free
u_05660,2026-09-20T04:08:27Z,organic_search,Android,premium
u_05661,2026-09-18T17:35:36Z,organic_search,iOS,standard
u_05662,2026-07-25T03:39:50Z,referral,Android,free
u_05663,2026-08-06T17:52:00Z,paid_social,Web,free
u_05664,2026-07-23T05:01:08Z,organic_search,Android,free
u_05665,2026-09-01T00:16:44Z,paid_social,Android,premium
u_05666,2026-07-26T11:42:45Z,organic_search,Web,free
u_05667,2026-07-18T13:40:22Z,paid_social,iOS,free
u_05668,2026-07-17T04:56:55Z,organic_search,Android,free
u_05669,2026-07-15T15:37:35Z,paid_social,Android,free
u_05670,2026-07-26T02:59:28Z,organic_search,Web,premium
u_05671,2026-08-28T14:56:46Z,paid_social,Web,free
u_05672,2026-09-26T15:08:18Z,organic_search,Android,free
u_05673,2026-08-01T06:49:53Z,paid_social,iOS,free
u_05674,2026-08-07T13:24:53Z,organic_search,Android,standard
u_05675,2026-07-22T05:20:15Z,referral,iOS,standard
u_05676,2026-08-15T07:08:34Z,paid_social,Web,premium
u_05677,2026-09-01T11:52:27Z,organic_search,Android,standard
u_05678,2026-08-02T11:14:47Z,paid_social,Android,standard
u_05679,2026-09-17T18:46:09Z,organic_search,iOS,standard
u_05680,2026-09-16T03:41:43Z,partner_program,iOS,standard
u_05681,2026-09-04T05:44:47Z,paid_social,iOS,free
u_05682,2026-09-24T05:00:14Z,paid_social,Web,premium
u_05683,2026-09-03T23:13:29Z,partner_program,Web,free
u_05684,2026-07-10T15:07:19Z,organic_search,iOS,free
u_05685,2026-08-13T22:23:01Z,paid_social,Android,standard
u_05686,2026-08-27T22:57:20Z,partner_program,iOS,free
u_05687,2026-09-23T08:11:26Z,partner_program,Android,free
u_05688,2026-09-06T21:55:49Z,organic_search,iOS,standard
u_05689,2026-09-06T02:26:31Z,paid_social,iOS,standard
u_05690,2026-09-18T23:01:34Z,partner_program,Android,free
u_05691,2026-09-09T23:39:21Z,organic_search,Android,free
u_05692,2026-09-02T08:27:39Z,partner_program,Android,premium
u_05693,2026-08-09T04:46:16Z,paid_social,iOS,premium
u_05694,2026-07-21T01:09:41Z,referral,Web,free
u_05695,2026-09-16T16:33:58Z,referral,iOS,free
u_05696,2026-09-02T17:55:03Z,paid_social,iOS,standard
u_05697,2026-07-28T22:45:04Z,referral,Android,free
u_05698,2026-07-23T15:28:11Z,paid_social,Android,free
u_05699,2026-08-30T23:06:55Z,paid_social,iOS,standard
u_05700,2026-08-21T23:51:59Z,organic_search,Web,standard
u_05701,2026-09-13T21:44:46Z,paid_social,iOS,standard
u_05702,2026-07-10T18:13:19Z,referral,iOS,standard
u_05703,2026-07-07T01:48:53Z,paid_social,Web,free
u_05704,2026-07-03T06:29:58Z,referral,iOS,free
u_05705,2026-07-26T17:14:04Z,organic_search,Web,free
u_05706,2026-08-10T13:23:48Z,paid_social,iOS,free
u_05707,2026-07-28T21:29:50Z,paid_social,iOS,free
u_05708,2026-09-05T16:49:02Z,partner_program,iOS,free
u_05709,2026-09-04T14:17:22Z,paid_social,iOS,standard
u_05710,2026-08-03T10:44:55Z,paid_social,iOS,free
u_05711,2026-08-13T00:41:15Z,paid_social,Web,standard
u_05712,2026-07-04T04:12:49Z,partner_program,Android,free
u_05713,2026-07-29T03:08:15Z,organic_search,iOS,standard
u_05714,2026-09-26T11:38:53Z,paid_social,iOS,free
u_05715,2026-07-09T01:46:43Z,referral,iOS,standard
u_05716,2026-08-01T07:06:22Z,organic_search,iOS,free
u_05717,2026-09-16T07:26:02Z,paid_social,Android,standard
u_05718,2026-07-31T07:30:09Z,paid_social,iOS,standard
u_05719,2026-07-16T21:46:41Z,organic_search,Android,standard
u_05720,2026-09-26T21:26:54Z,paid_social,Web,premium
u_05721,2026-07-07T07:22:45Z,paid_social,Android,free
u_05722,2026-07-01T08:47:06Z,organic_search,iOS,free
u_05723,2026-08-25T03:00:35Z,organic_search,Android,standard
u_05724,2026-08-22T20:52:02Z,organic_search,Android,standard
u_05725,2026-09-05T21:38:12Z,paid_social,Android,free
u_05726,2026-08-29T20:11:38Z,referral,iOS,standard
u_05727,2026-08-17T07:30:00Z,referral,Web,standard
u_05728,2026-07-07T23:55:20Z,organic_search,iOS,standard
u_05729,2026-09-14T04:30:46Z,paid_social,Web,free
u_05730,2026-08-25T03:04:45Z,partner_program,Android,premium
u_05731,2026-07-31T16:14:30Z,partner_program,iOS,standard
u_05732,2026-08-27T09:49:14Z,partner_program,iOS,free
u_05733,2026-09-20T13:13:17Z,paid_social,Android,free
u_05734,2026-08-02T20:31:36Z,paid_social,Web,free
u_05735,2026-09-03T21:35:43Z,partner_program,Web,premium
u_05736,2026-07-11T23:17:08Z,partner_program,Web,free
u_05737,2026-08-24T11:40:07Z,paid_social,Android,standard
u_05738,2026-08-10T02:01:00Z,paid_social,Web,free
u_05739,2026-09-18T07:58:52Z,paid_social,iOS,standard
u_05740,2026-08-29T04:20:36Z,referral,Web,premium
u_05741,2026-07-23T21:30:04Z,organic_search,Android,free
u_05742,2026-08-03T14:32:51Z,paid_social,iOS,standard
u_05743,2026-09-11T21:54:44Z,paid_social,iOS,standard
u_05744,2026-09-26T19:00:23Z,organic_search,iOS,free
u_05745,2026-07-07T06:12:54Z,referral,Android,free
u_05746,2026-08-31T00:48:29Z,organic_search,Web,free
u_05747,2026-08-21T22:08:47Z,referral,Web,free
u_05748,2026-09-05T11:30:59Z,paid_social,iOS,standard
u_05749,2026-09-23T00:40:46Z,partner_program,Web,free
u_05750,2026-07-05T22:54:57Z,organic_search,iOS,free
u_05751,2026-09-28T03:57:19Z,organic_search,Android,free
u_05752,2026-09-05T13:48:48Z,referral,Android,standard
u_05753,2026-07-23T13:39:02Z,referral,iOS,standard
u_05754,2026-08-25T07:23:48Z,partner_program,Web,free
u_05755,2026-08-22T17:29:40Z,organic_search,iOS,free
u_05756,2026-09-02T17:41:10Z,referral,iOS,free
u_05757,2026-08-15T12:21:45Z,organic_search,iOS,free
u_05758,2026-09-09T10:29:56Z,paid_social,iOS,premium
u_05759,2026-08-24T15:20:35Z,partner_program,iOS,standard
u_05760,2026-08-21T07:36:17Z,organic_search,iOS,free
u_05761,2026-08-16T15:29:22Z,paid_social,Android,free
u_05762,2026-08-19T10:24:13Z,referral,iOS,standard
u_05763,2026-08-03T21:50:49Z,organic_search,Android,premium
u_05764,2026-07-13T14:04:38Z,referral,Android,free
u_05765,2026-07-31T20:09:17Z,partner_program,Android,standard
u_05766,2026-08-09T11:52:25Z,partner_program,iOS,free
u_05767,2026-07-10T23:28:12Z,paid_social,Android,standard
u_05768,2026-09-24T02:17:14Z,paid_social,iOS,standard
u_05769,2026-07-11T00:21:04Z,paid_social,iOS,standard
u_05770,2026-07-24T18:07:24Z,paid_social,iOS,standard
u_05771,2026-08-19T09:20:06Z,partner_program,iOS,free
u_05772,2026-07-04T19:33:04Z,paid_social,iOS,standard
u_05773,2026-07-16T16:55:41Z,organic_search,Android,free
u_05774,2026-07-04T04:15:25Z,partner_program,iOS,standard
u_05775,2026-07-13T08:16:11Z,paid_social,Web,premium
u_05776,2026-08-05T19:21:35Z,referral,iOS,standard
u_05777,2026-07-08T21:12:25Z,referral,Android,free
u_05778,2026-09-25T02:35:10Z,paid_social,Android,free
u_05779,2026-08-03T15:57:15Z,paid_social,Android,free
u_05780,2026-08-10T15:47:28Z,organic_search,Android,free
u_05781,2026-07-25T09:21:24Z,referral,iOS,free
u_05782,2026-07-16T03:34:15Z,organic_search,iOS,standard
u_05783,2026-09-24T22:28:28Z,referral,Web,free
u_05784,2026-08-31T03:17:24Z,referral,iOS,free
u_05785,2026-08-13T19:23:14Z,paid_social,iOS,premium
u_05786,2026-07-28T19:29:28Z,paid_social,Android,premium
u_05787,2026-09-04T16:13:29Z,organic_search,Web,free
u_05788,2026-07-26T15:32:30Z,referral,Android,free
u_05789,2026-09-11T03:49:13Z,paid_social,Android,standard
u_05790,2026-09-01T04:33:53Z,organic_search,Android,free
u_05791,2026-08-21T11:14:46Z,organic_search,iOS,free
u_05792,2026-08-07T01:58:28Z,paid_social,iOS,standard
u_05793,2026-08-14T23:56:10Z,paid_social,Android,free
u_05794,2026-08-28T16:52:21Z,paid_social,iOS,premium
u_05795,2026-08-23T02:04:29Z,organic_search,Android,standard
u_05796,2026-07-21T15:42:23Z,organic_search,iOS,free
u_05797,2026-07-21T04:49:00Z,partner_program,iOS,free
u_05798,2026-08-24T01:11:16Z,paid_social,iOS,standard
u_05799,2026-08-24T06:00:31Z,paid_social,Android,free
u_05800,2026-09-25T07:55:32Z,organic_search,iOS,free
u_05801,2026-07-11T07:12:12Z,paid_social,Android,standard
u_05802,2026-09-19T03:12:05Z,referral,Android,free
u_05803,2026-08-15T08:10:23Z,referral,Web,free
u_05804,2026-07-12T07:40:39Z,partner_program,Android,standard
u_05805,2026-07-10T00:13:19Z,paid_social,Android,standard
u_05806,2026-08-25T08:32:16Z,referral,iOS,standard
u_05807,2026-09-13T14:21:05Z,paid_social,Web,free
u_05808,2026-07-08T00:28:58Z,organic_search,Android,standard
u_05809,2026-08-14T01:14:12Z,paid_social,Web,standard
u_05810,2026-09-19T15:48:07Z,paid_social,Web,free
u_05811,2026-07-21T08:11:20Z,referral,Android,standard
u_05812,2026-09-21T07:37:45Z,paid_social,Web,standard
u_05813,2026-07-04T16:05:12Z,organic_search,Web,premium
u_05814,2026-08-28T09:51:52Z,partner_program,Android,standard
u_05815,2026-07-12T19:36:17Z,paid_social,Web,standard
u_05816,2026-08-18T03:57:48Z,partner_program,Android,free
u_05817,2026-07-28T08:23:22Z,paid_social,iOS,free
u_05818,2026-07-28T23:58:18Z,referral,Web,free
u_05819,2026-08-01T00:18:40Z,paid_social,iOS,standard
u_05820,2026-08-13T21:38:25Z,referral,Web,free
u_05821,2026-09-27T00:32:30Z,paid_social,Android,free
u_05822,2026-07-07T05:47:27Z,paid_social,Android,standard
u_05823,2026-07-25T06:42:24Z,organic_search,Android,free
u_05824,2026-07-30T13:37:53Z,paid_social,Web,free
u_05825,2026-09-19T22:02:18Z,organic_search,Web,free
u_05826,2026-09-12T03:04:34Z,organic_search,Android,free
u_05827,2026-07-05T07:11:09Z,paid_social,iOS,standard
u_05828,2026-07-28T00:14:30Z,referral,Android,free
u_05829,2026-07-13T11:26:29Z,organic_search,iOS,free
u_05830,2026-07-14T22:04:07Z,paid_social,Android,standard
u_05831,2026-08-27T15:42:22Z,referral,iOS,standard
u_05832,2026-09-03T20:43:02Z,organic_search,iOS,free
u_05833,2026-08-29T11:33:14Z,organic_search,Android,free
u_05834,2026-09-03T08:36:59Z,referral,Android,free
u_05835,2026-07-20T03:01:28Z,organic_search,iOS,free
u_05836,2026-07-09T00:30:44Z,paid_social,Web,free
u_05837,2026-09-07T16:57:54Z,organic_search,Android,free
u_05838,2026-08-07T04:02:44Z,paid_social,Web,free
u_05839,2026-08-13T13:55:24Z,paid_social,iOS,free
u_05840,2026-09-08T07:04:10Z,paid_social,Android,free
u_05841,2026-09-20T09:04:36Z,organic_search,Android,free
u_05842,2026-09-13T15:22:58Z,paid_social,iOS,standard
u_05843,2026-08-07T06:45:22Z,referral,Android,free
u_05844,2026-09-03T05:59:58Z,referral,Android,free
u_05845,2026-09-10T17:49:19Z,paid_social,Android,standard
u_05846,2026-08-01T06:06:31Z,paid_social,Android,standard
u_05847,2026-09-19T03:09:05Z,organic_search,Android,free
u_05848,2026-09-07T18:14:49Z,paid_social,Web,free
u_05849,2026-09-01T17:20:39Z,organic_search,iOS,premium
u_05850,2026-08-02T23:59:35Z,organic_search,Web,free
u_05851,2026-09-11T09:04:37Z,partner_program,Android,free
u_05852,2026-09-09T14:23:32Z,partner_program,Android,standard
u_05853,2026-09-17T18:47:43Z,referral,iOS,free
u_05854,2026-07-31T08:45:09Z,partner_program,iOS,free
u_05855,2026-09-03T19:27:44Z,partner_program,Android,free
u_05856,2026-09-13T20:50:40Z,paid_social,iOS,standard
u_05857,2026-08-02T14:52:32Z,referral,iOS,free
u_05858,2026-07-05T12:01:24Z,organic_search,Android,standard
u_05859,2026-09-06T15:59:22Z,partner_program,iOS,free
u_05860,2026-07-10T04:53:55Z,paid_social,iOS,free
u_05861,2026-07-13T23:39:38Z,paid_social,iOS,standard
u_05862,2026-08-12T06:04:38Z,referral,iOS,free
u_05863,2026-09-14T17:02:21Z,organic_search,Web,free
u_05864,2026-07-25T17:30:03Z,referral,Web,free
u_05865,2026-08-23T02:46:02Z,organic_search,Web,free
u_05866,2026-09-18T06:41:23Z,organic_search,iOS,free
u_05867,2026-07-15T22:13:21Z,referral,iOS,free
u_05868,2026-08-18T02:02:51Z,organic_search,Android,standard
u_05869,2026-07-24T12:16:30Z,referral,iOS,standard
u_05870,2026-08-21T16:34:07Z,paid_social,iOS,free
u_05871,2026-08-13T21:34:29Z,referral,iOS,free
u_05872,2026-07-27T20:11:43Z,referral,Android,standard
u_05873,2026-09-07T09:35:44Z,referral,Web,free
u_05874,2026-08-04T22:15:27Z,partner_program,iOS,free
u_05875,2026-08-01T11:28:39Z,paid_social,Android,free
u_05876,2026-07-21T06:41:02Z,organic_search,Web,standard
u_05877,2026-07-22T20:13:18Z,organic_search,Android,free
u_05878,2026-07-08T03:19:28Z,organic_search,Web,free
u_05879,2026-08-17T18:51:39Z,paid_social,Android,free
u_05880,2026-09-27T12:12:43Z,organic_search,Android,premium
u_05881,2026-09-26T13:24:16Z,referral,iOS,free
u_05882,2026-07-05T12:20:35Z,paid_social,Web,standard
u_05883,2026-09-20T14:19:49Z,referral,Web,free
u_05884,2026-07-08T05:15:22Z,referral,iOS,premium
u_05885,2026-08-11T08:35:40Z,organic_search,Android,free
u_05886,2026-07-23T20:46:47Z,organic_search,iOS,standard
u_05887,2026-07-02T09:43:59Z,referral,Android,free
u_05888,2026-07-29T17:23:57Z,paid_social,Android,standard
u_05889,2026-09-28T03:59:27Z,organic_search,Android,free
u_05890,2026-09-11T21:14:08Z,paid_social,iOS,free
u_05891,2026-09-02T09:19:37Z,paid_social,Android,premium
u_05892,2026-08-05T08:57:06Z,paid_social,Android,free
u_05893,2026-09-02T15:31:37Z,paid_social,iOS,free
u_05894,2026-07-30T17:51:33Z,paid_social,Web,standard
u_05895,2026-07-22T17:59:41Z,paid_social,iOS,premium
u_05896,2026-07-12T16:39:29Z,partner_program,Android,standard
u_05897,2026-07-04T02:36:41Z,partner_program,Android,free
u_05898,2026-09-25T06:38:36Z,paid_social,Web,free
u_05899,2026-07-19T20:31:40Z,partner_program,iOS,free
u_05900,2026-08-24T15:51:00Z,organic_search,iOS,premium
u_05901,2026-08-02T08:24:34Z,paid_social,iOS,standard
u_05902,2026-09-05T21:07:04Z,referral,Web,free
u_05903,2026-08-29T08:20:25Z,paid_social,Web,free
u_05904,2026-09-03T13:00:13Z,partner_program,iOS,free
u_05905,2026-07-11T17:11:12Z,partner_program,iOS,free
u_05906,2026-07-05T03:47:48Z,organic_search,Android,premium
u_05907,2026-07-30T00:28:38Z,referral,Web,standard
u_05908,2026-07-14T05:38:16Z,organic_search,iOS,free
u_05909,2026-08-07T18:29:33Z,paid_social,iOS,standard
u_05910,2026-09-22T08:41:26Z,organic_search,Android,free
u_05911,2026-08-14T02:40:02Z,organic_search,Web,free
u_05912,2026-09-14T23:53:47Z,paid_social,Web,free
u_05913,2026-09-01T18:49:57Z,organic_search,Android,free
u_05914,2026-09-12T16:24:48Z,organic_search,Web,free
u_05915,2026-09-09T00:58:07Z,organic_search,Android,free
u_05916,2026-08-06T12:24:31Z,referral,iOS,standard
u_05917,2026-09-18T15:02:22Z,paid_social,Web,free
u_05918,2026-08-09T17:54:52Z,organic_search,Web,free
u_05919,2026-08-31T12:15:47Z,paid_social,Android,standard
u_05920,2026-08-30T12:30:27Z,partner_program,Web,standard
u_05921,2026-07-22T11:51:00Z,organic_search,iOS,free
u_05922,2026-08-17T05:45:03Z,paid_social,iOS,standard
u_05923,2026-09-21T02:49:55Z,partner_program,Web,free
u_05924,2026-08-24T12:26:46Z,organic_search,iOS,free
u_05925,2026-07-02T09:49:56Z,organic_search,iOS,standard
u_05926,2026-08-11T12:14:24Z,paid_social,iOS,free
u_05927,2026-09-04T18:02:59Z,organic_search,Android,standard
u_05928,2026-09-05T20:50:15Z,partner_program,Android,free
u_05929,2026-09-13T10:14:26Z,partner_program,iOS,free
u_05930,2026-08-10T01:53:30Z,referral,iOS,free
u_05931,2026-07-10T22:08:17Z,referral,Web,free
u_05932,2026-08-28T22:02:56Z,organic_search,Android,free
u_05933,2026-09-24T11:10:22Z,referral,Android,premium
u_05934,2026-08-27T13:20:24Z,paid_social,Android,free
u_05935,2026-08-18T09:05:50Z,paid_social,Web,free
u_05936,2026-08-16T03:41:04Z,paid_social,Android,premium
u_05937,2026-08-17T03:54:33Z,referral,iOS,standard
u_05938,2026-08-26T03:29:54Z,organic_search,iOS,free
u_05939,2026-07-12T15:45:12Z,organic_search,Web,free
u_05940,2026-09-07T09:27:13Z,paid_social,iOS,standard
u_05941,2026-07-15T16:14:56Z,partner_program,iOS,free
u_05942,2026-08-19T10:21:43Z,organic_search,Android,free
u_05943,2026-09-21T11:26:29Z,referral,iOS,free
u_05944,2026-08-25T12:45:37Z,referral,Android,standard
u_05945,2026-09-28T20:18:34Z,partner_program,iOS,premium
u_05946,2026-09-05T01:48:24Z,organic_search,iOS,standard
u_05947,2026-08-22T16:37:40Z,organic_search,Android,free
u_05948,2026-08-06T13:20:07Z,paid_social,iOS,premium
u_05949,2026-07-18T13:35:52Z,organic_search,Android,standard
u_05950,2026-08-16T07:30:49Z,organic_search,Android,free
u_05951,2026-08-12T14:30:21Z,organic_search,Android,standard
u_05952,2026-08-14T22:34:44Z,paid_social,Web,standard
u_05953,2026-08-11T21:38:03Z,organic_search,Android,free
u_05954,2026-09-06T21:27:50Z,referral,iOS,free
u_05955,2026-07-12T18:17:52Z,paid_social,iOS,premium
u_05956,2026-08-21T03:33:52Z,paid_social,Web,standard
u_05957,2026-09-28T12:52:48Z,referral,Web,free
u_05958,2026-07-04T08:37:52Z,organic_search,Web,standard
u_05959,2026-08-20T11:52:22Z,organic_search,iOS,premium
u_05960,2026-07-31T00:10:32Z,organic_search,iOS,free
u_05961,2026-07-22T05:49:48Z,organic_search,iOS,free
u_05962,2026-08-28T00:52:53Z,organic_search,iOS,free
u_05963,2026-09-11T16:40:51Z,partner_program,iOS,standard
u_05964,2026-08-21T06:20:57Z,partner_program,iOS,standard
u_05965,2026-08-10T17:43:36Z,referral,iOS,free
u_05966,2026-09-20T07:06:09Z,partner_program,Android,free
u_05967,2026-08-17T15:48:57Z,paid_social,iOS,free
u_05968,2026-08-02T14:02:58Z,referral,Web,premium
u_05969,2026-09-12T20:18:08Z,paid_social,Android,free
u_05970,2026-08-21T08:50:52Z,organic_search,Android,standard
u_05971,2026-07-03T21:00:11Z,partner_program,Android,free
u_05972,2026-08-14T03:50:28Z,partner_program,Android,standard
u_05973,2026-09-17T21:42:01Z,paid_social,Android,free
u_05974,2026-08-29T14:39:01Z,referral,Android,standard
u_05975,2026-07-28T17:57:39Z,organic_search,Android,premium
u_05976,2026-08-02T21:48:07Z,paid_social,iOS,free
u_05977,2026-09-22T00:08:02Z,paid_social,iOS,free
u_05978,2026-08-19T13:52:05Z,referral,iOS,standard
u_05979,2026-08-16T00:19:46Z,referral,Android,standard
u_05980,2026-09-07T16:38:24Z,paid_social,Android,free
u_05981,2026-08-15T03:08:29Z,paid_social,iOS,premium
u_05982,2026-08-05T19:46:36Z,paid_social,Android,free
u_05983,2026-09-16T22:47:06Z,referral,Android,free
u_05984,2026-08-28T08:17:16Z,organic_search,iOS,premium
u_05985,2026-09-17T18:23:56Z,paid_social,iOS,free
u_05986,2026-09-22T19:32:28Z,referral,Android,free
u_05987,2026-07-15T18:35:05Z,referral,iOS,free
u_05988,2026-07-15T09:08:08Z,referral,iOS,standard
u_05989,2026-08-25T12:59:55Z,paid_social,iOS,free
u_05990,2026-07-17T01:16:43Z,organic_search,iOS,free
u_05991,2026-08-26T17:56:49Z,paid_social,Android,standard
u_05992,2026-09-09T18:20:04Z,organic_search,Web,standard
u_05993,2026-08-15T00:34:25Z,paid_social,iOS,premium
u_05994,2026-07-09T15:31:38Z,paid_social,iOS,free
u_05995,2026-09-26T11:24:22Z,organic_search,Web,free
u_05996,2026-08-24T15:26:57Z,organic_search,iOS,free
u_05997,2026-09-24T05:04:44Z,paid_social,Android,free
u_05998,2026-08-12T16:31:27Z,referral,Android,free
u_05999,2026-08-25T00:23:35Z,organic_search,iOS,free
